{"type":"FeatureCollection","metadata":{"year":1492,"source":"aourednik/historical-basemaps","tolerance":0.08},"features":[{"type":"Feature","properties":{"NAME":"Cyprus","SUBJECTO":"Cyprus","PARTOF":"Cyprus","BORDERPRECISION":"1"},"bbox":[32.144,34.541,34.458,35.645],"geometry":{"type":"MultiPolygon","coordinates":[[[[33.78,35.208],[33.925,34.953],[33.539,34.944],[33.484,34.796],[32.959,34.659],[32.915,34.541],[32.271,34.72],[32.144,35.043],[32.745,35.114],[32.795,35.361],[33.539,35.332],[34.458,35.645],[33.78,35.208]]]]}},{"type":"Feature","properties":{"NAME":"Japan","SUBJECTO":"Japan","PARTOF":"Japan","BORDERPRECISION":"1"},"bbox":[129.343,30.888,145.448,45.435],"geometry":{"type":"MultiPolygon","coordinates":[[[[136.811,37.311],[137.31,37.433],[137.335,37.274],[137.014,37.037],[137.045,36.668],[137.176,36.643],[138.699,37.448],[138.856,37.735],[139.354,38.067],[139.896,38.999],[140.03,39.483],[140.011,39.694],[139.805,39.891],[139.985,40.115],[139.915,40.575],[140.386,40.986],[140.657,40.724],[141.153,40.865],[141.077,41.102],[140.775,41.255],[141.087,41.442],[141.437,41.269],[141.467,40.514],[141.998,39.672],[141.999,39.449],[141.467,38.587],[141.496,38.422],[141.024,38.211],[140.872,37.917],[140.964,36.956],[140.656,36.618],[140.547,36.287],[140.555,35.969],[140.834,35.677],[140.395,35.409],[140.317,35.034],[139.83,34.836],[140.003,35.497],[139.914,35.554],[139.053,35.025],[139.023,34.688],[138.864,34.567],[138.684,34.992],[138.45,34.903],[138.149,34.528],[137.248,34.482],[136.734,34.874],[136.507,34.518],[136.899,34.259],[136.199,34.003],[135.756,33.342],[135.063,33.69],[134.969,34.134],[135.317,34.471],[135.206,34.617],[134.936,34.54],[134.427,34.628],[133.825,34.386],[133.589,34.442],[132.481,34.129],[132.183,34.287],[131.997,34.09],[131.995,33.804],[130.779,33.967],[130.892,34.246],[131.334,34.292],[131.672,34.502],[132.663,35.381],[132.981,35.445],[133.006,35.254],[135.157,35.646],[135.188,35.443],[135.358,35.323],[135.727,35.45],[135.928,35.604],[135.978,35.973],[136.668,36.667],[136.64,37.17],[136.811,37.311]]],[[[132.568,32.637],[132.121,33.348],[132.45,33.52],[132.784,33.908],[133.245,33.801],[133.806,34.176],[134.01,34.189],[134.54,34.013],[134.519,33.651],[133.999,33.148],[133.727,33.376],[133.241,33.299],[132.901,32.67],[132.699,32.549],[132.568,32.637]]],[[[130.579,30.907],[130.732,31.478],[130.474,31.44],[130.233,31.026],[130.06,31.217],[130.219,31.56],[130.059,31.972],[130.444,32.284],[130.497,32.557],[130.257,32.912],[130.108,32.931],[129.846,32.587],[129.734,32.638],[129.343,33.151],[129.528,33.298],[130.176,33.337],[130.427,33.674],[130.644,33.7],[130.859,33.675],[131.093,33.428],[131.569,33.486],[131.67,33.309],[131.414,33.111],[131.831,32.693],[131.454,32.248],[131.211,31.352],[130.744,30.888],[130.579,30.907]]],[[[140.013,41.382],[140.1,41.946],[139.777,42.112],[139.712,42.478],[140.5,42.896],[140.374,43.185],[140.498,43.32],[141.064,43.097],[141.304,43.187],[141.302,43.72],[141.709,43.914],[141.746,44.629],[141.523,45.183],[141.875,45.435],[143.021,44.464],[143.79,44.028],[144.614,43.843],[145.348,44.243],[145.059,43.786],[145.448,43.17],[144.754,42.866],[144.003,42.878],[143.509,42.421],[143.214,41.927],[141.928,42.501],[141.397,42.519],[140.93,42.255],[140.694,42.55],[140.541,42.537],[140.223,42.363],[140.246,42.228],[141.155,41.749],[140.589,41.678],[140.112,41.273],[140.013,41.382]]]]}},{"type":"Feature","properties":{"NAME":"Philippines","SUBJECTO":"Philippines","PARTOF":"Philippines","BORDERPRECISION":"1"},"bbox":[117.128,5.488,126.372,18.553],"geometry":{"type":"MultiPolygon","coordinates":[[[[120.364,14.531],[119.972,14.905],[119.772,15.47],[119.813,15.978],[119.681,16.187],[119.762,16.359],[120.202,16.042],[120.293,16.233],[120.247,16.875],[120.393,18.044],[120.564,18.432],[120.8,18.553],[121.581,18.294],[121.84,18.276],[122.05,18.447],[122.147,18.206],[122.028,18.009],[122.07,17.438],[122.396,17.114],[122.064,16.332],[121.402,15.874],[121.242,15.308],[121.729,14.108],[122.107,13.918],[122.486,14.32],[122.776,14.174],[122.985,13.73],[123.132,13.692],[123.359,13.953],[123.702,13.82],[123.398,13.527],[123.819,12.976],[123.677,12.893],[123.239,13.025],[123.094,13.381],[122.485,13.881],[122.325,13.779],[122.492,13.43],[122.394,13.303],[121.625,13.898],[121.009,13.656],[120.599,13.922],[120.511,14.112],[120.799,14.386],[121.105,14.253],[121.285,14.342],[120.471,14.804],[120.364,14.531]]],[[[121.094,12.201],[120.734,12.55],[120.547,13.153],[120.341,13.387],[121.181,13.332],[121.317,12.742],[121.094,12.201]]],[[[125.323,11.124],[124.883,11.434],[124.875,11.834],[124.33,12.208],[124.264,12.418],[125.119,12.477],[125.449,11.207],[125.323,11.124]]],[[[121.873,10.468],[121.994,11.758],[122.47,11.454],[122.92,11.525],[122.897,11.15],[122.706,10.94],[121.873,10.468]]],[[[118.865,10.024],[118.7,10.036],[119.108,10.628],[119.207,11.13],[119.354,11.213],[119.564,10.502],[118.865,10.024]]],[[[122.942,9.048],[122.303,9.65],[122.347,9.815],[122.701,10.032],[122.92,10.852],[123.239,10.922],[123.312,10.738],[122.962,9.594],[123.133,9.251],[122.942,9.048]]],[[[117.271,8.451],[117.128,8.47],[117.379,8.896],[118.089,9.431],[118.508,9.921],[118.505,9.483],[117.967,9.113],[117.857,8.833],[117.271,8.451]]],[[[126.045,6.608],[125.748,7.186],[125.615,7.236],[125.28,6.594],[125.533,5.94],[125.289,5.488],[125.073,5.723],[125.129,6.053],[124.966,6.085],[124.803,5.786],[123.973,6.337],[123.864,6.851],[124.074,7.258],[123.815,7.658],[123.334,7.771],[123.248,7.593],[122.725,7.452],[122.635,7.783],[122.455,7.693],[121.992,6.873],[121.824,7.057],[122.094,7.775],[122.736,8.062],[122.889,8.342],[123.486,8.496],[123.663,8.014],[124.024,8.11],[124.372,8.561],[124.671,8.429],[124.742,8.918],[124.872,8.925],[124.991,8.715],[125.225,8.995],[125.401,8.951],[125.428,9.784],[126.037,8.959],[125.923,8.482],[126.03,8.381],[126.272,8.426],[126.372,7.34],[126.045,6.608]]]]}},{"type":"Feature","properties":{"NAME":"Madagascar","SUBJECTO":"Madagascar","PARTOF":"Madagascar","BORDERPRECISION":"1"},"bbox":[43.291,-25.66,50.486,-12.266],"geometry":{"type":"MultiPolygon","coordinates":[[[[44.672,-16.236],[45.197,-16.037],[45.555,-16.056],[45.732,-15.89],[46.142,-15.826],[46.419,-15.939],[46.388,-15.692],[46.734,-15.449],[47.245,-15.366],[47.106,-15.144],[47.199,-15.016],[47.426,-14.825],[47.633,-14.984],[47.884,-14.716],[47.699,-14.443],[48.049,-14.131],[47.942,-13.585],[48.35,-13.838],[48.751,-13.418],[48.993,-12.737],[48.935,-12.477],[49.176,-12.266],[49.88,-12.92],[50.15,-14.419],[50.486,-15.48],[50.187,-15.957],[49.754,-15.398],[49.62,-15.462],[49.685,-16.047],[49.898,-16.46],[49.425,-17.198],[49.342,-18.228],[47.258,-24.766],[46.855,-25.218],[46.239,-25.264],[45.789,-25.411],[45.576,-25.621],[45.211,-25.66],[44.959,-25.387],[44.425,-25.312],[44.037,-24.989],[43.934,-24.519],[43.671,-24.227],[43.785,-23.267],[43.291,-22.41],[43.501,-21.494],[43.816,-21.316],[44.517,-20.024],[44.585,-19.528],[44.251,-19.103],[44.394,-18.791],[44.16,-18.404],[43.972,-17.553],[44.451,-16.725],[44.454,-16.242],[44.672,-16.236]],[[48.015,-17.023],[47.482,-16.904],[46.654,-17.733],[45.292,-22.645],[45.529,-23.592],[46.002,-23.592],[47.186,-23.119],[48.488,-20.041],[48.488,-19.449],[48.015,-17.023]]]]}},{"type":"Feature","properties":{"NAME":"Maori","SUBJECTO":"Maori","PARTOF":"Maori","BORDERPRECISION":"1"},"bbox":[166.457,-46.71,178.599,-34.518],"geometry":{"type":"MultiPolygon","coordinates":[[[[175.308,-37.321],[175.64,-37.41],[175.535,-37.072],[175.663,-36.95],[175.838,-37.026],[176.129,-37.798],[177.362,-38.237],[178.241,-37.832],[178.569,-37.921],[178.599,-38.125],[178.408,-38.771],[177.939,-38.83],[177.867,-39.207],[177.146,-39.317],[177.024,-39.445],[177.156,-39.95],[176.011,-41.255],[175.365,-41.662],[174.895,-41.296],[175.354,-40.3],[173.805,-39.42],[174.655,-38.983],[174.713,-38.44],[174.945,-37.928],[174.728,-37.552],[174.765,-37.297],[174.22,-36.557],[174.201,-36.347],[173.788,-36.031],[174.01,-36.431],[173.046,-35.253],[172.96,-34.864],[172.633,-34.56],[173.019,-34.518],[172.99,-34.727],[173.33,-35.084],[173.47,-35.032],[174.015,-35.232],[174.068,-35.41],[174.3,-35.347],[174.609,-35.789],[174.536,-35.947],[174.348,-35.915],[174.787,-36.283],[174.824,-36.483],[174.706,-36.462],[174.973,-36.778],[174.645,-36.831],[174.928,-36.967],[174.887,-37.062],[175.301,-37.136],[175.308,-37.321]]],[[[172.063,-43.923],[171.378,-44.338],[170.994,-44.267],[171.255,-44.551],[171.171,-44.939],[170.634,-44.863],[171.024,-45.075],[170.612,-45.946],[169.399,-46.71],[168.417,-46.651],[167.338,-46.168],[167.202,-46.308],[166.85,-46.35],[166.457,-46.104],[166.651,-46.064],[166.551,-45.967],[166.844,-45.915],[166.64,-45.697],[167.009,-45.817],[166.855,-45.492],[167.281,-45.563],[167.137,-45.2],[167.967,-44.48],[169.649,-43.741],[170.203,-43.224],[171.024,-42.887],[171.077,-42.713],[171.398,-42.513],[171.458,-41.993],[172.087,-41.707],[172.207,-41.045],[172.437,-40.753],[172.935,-40.992],[173.264,-41.544],[173.701,-41.254],[174.058,-41.291],[174.158,-41.516],[174.069,-41.696],[174.234,-42.011],[173.841,-42.488],[172.441,-43.509],[173.01,-43.844],[172.667,-43.926],[172.441,-43.793],[172.063,-43.923]]]]}},{"type":"Feature","properties":{"NAME":"Denmark-Norway","SUBJECTO":"Denmark-Norway","PARTOF":"Denmark-Norway","BORDERPRECISION":"1"},"bbox":[-24.219,54.189,27.197,80.633],"geometry":{"type":"MultiPolygon","coordinates":[[[[11.179,59.07],[11.112,59.165],[10.769,59.118],[10.549,59.379],[10.57,59.581],[10.407,59.497],[10.43,59.26],[10.172,58.987],[9.698,58.999],[8.03,58.066],[6.959,57.972],[6.726,58.137],[6.479,58.09],[6.652,58.172],[5.615,58.455],[5.4,58.715],[5.531,58.881],[5.475,58.976],[5.627,58.964],[5.666,58.822],[5.794,58.916],[6.094,58.798],[6.041,58.952],[6.266,58.993],[5.94,58.934],[5.772,59.076],[6.238,59.284],[5.877,59.313],[6.113,59.527],[5.816,59.313],[5.68,59.509],[5.717,59.337],[5.529,59.266],[5.344,59.266],[5.35,59.39],[5.177,59.307],[5.087,59.509],[5.383,59.711],[5.419,59.515],[5.449,59.658],[5.646,59.586],[6.185,59.824],[5.694,59.753],[5.543,59.824],[5.806,59.949],[5.894,60.161],[5.279,60.125],[5.096,60.264],[5.551,60.509],[4.98,60.689],[5.109,60.906],[5.387,61.026],[5.018,61.305],[5.141,61.39],[5.101,61.699],[5.797,61.77],[5.426,62.009],[5.47,62.094],[6.053,62.335],[6.533,62.336],[6.613,62.583],[7.289,62.486],[7.547,62.599],[7.102,62.705],[6.982,62.846],[7.088,62.91],[7.989,62.94],[8.231,62.841],[8.258,63.054],[8.606,63.325],[8.957,63.404],[9.216,63.284],[9.832,63.684],[10.066,64.056],[10.891,64.473],[11.364,64.416],[11.508,64.517],[11.407,64.617],[12.112,65.13],[12.526,65.109],[12.496,65.384],[12.284,65.435],[12.709,65.909],[13.087,65.88],[13.152,66.136],[13.581,66.188],[13.169,66.458],[13.383,66.679],[13.992,66.687],[13.747,66.922],[14.639,67.123],[14.778,67.217],[14.569,67.329],[14.976,67.523],[15.385,67.464],[15.746,67.597],[15.572,67.821],[15.92,68.049],[16.412,67.874],[16.649,68.046],[16.522,68.341],[17.033,68.338],[17.126,68.416],[16.855,68.558],[17.407,68.772],[17.566,68.974],[18.052,69.028],[18.319,69.359],[19.58,69.181],[19.821,69.37],[18.959,68.294],[18.4,67.235],[18.534,66.432],[17.33,64.826],[17.731,64.559],[16.661,63.756],[15.05,63.526],[13.155,62.024],[12.597,61.029],[12.174,60.956],[12.548,60.434],[12.423,60.039],[12.488,58.563],[11.736,57.698],[11.61,57.807],[11.802,58.178],[11.221,58.308],[11.039,58.91],[11.179,59.07]]],[[[13.252,79.801],[13.283,79.487],[14.159,79.364],[14.317,79.722],[14.81,79.804],[16.133,79.136],[16.389,79.235],[15.917,79.842],[16.326,80.025],[17.571,79.89],[17.834,79.809],[17.769,79.415],[18.016,79.362],[18.549,79.56],[19.152,79.231],[20.908,78.809],[19.116,78.455],[18.389,77.542],[17.829,77.489],[17.485,77.248],[17.267,76.813],[16.663,76.727],[14.485,77.371],[14.778,77.535],[16.287,77.615],[16.712,77.789],[16.418,77.901],[14.131,77.766],[13.905,78],[15.921,78.265],[16.617,78.467],[15.084,78.781],[13.872,78.296],[13.062,78.347],[11.76,78.88],[12.525,79.059],[12.157,79.315],[11.335,79.207],[10.919,79.545],[11.284,79.707],[13.252,79.801]]],[[[21.971,79.783],[19.218,79.74],[18.331,79.882],[19.915,80.633],[20.524,80.322],[21.881,80.277],[22.198,80.123],[23.216,80.611],[23.115,80.096],[23.498,80.097],[24.421,80.437],[24.783,80.38],[25.034,80.167],[26.254,80.199],[26.949,80.114],[27.197,79.944],[26.067,79.574],[23.821,79.147],[20.998,79.191],[20.983,79.361],[21.655,79.478],[21.971,79.783]]],[[[8.616,54.887],[8.56,55.356],[8.035,55.476],[8.32,55.768],[8.117,56.092],[8.183,56.431],[8.675,56.358],[9.003,56.657],[9.136,56.46],[9.312,56.481],[9.37,56.882],[9.835,56.89],[10.216,56.85],[10.314,56.469],[10.889,56.369],[10.751,56.097],[10.175,56.076],[10.147,55.765],[9.976,55.62],[9.69,55.605],[9.761,55.502],[9.544,55.351],[9.421,54.976],[9.987,54.592],[9.865,54.411],[10.142,54.337],[9.449,54.189],[9.056,54.349],[8.581,54.194],[8.554,54.275],[8.951,54.419],[8.596,54.761],[8.616,54.887]]],[[[8.183,56.798],[8.534,57.141],[9.302,57.166],[9.849,57.582],[10.558,57.745],[10.401,57.506],[10.463,57.242],[10.257,57.006],[8.847,56.986],[8.778,56.798],[8.471,56.597],[8.183,56.798]]],[[[11.877,57.325],[12.318,57.68],[12.524,57.391],[12.731,57.432],[12.896,56.978],[13.226,57.102],[13.432,56.524],[14.175,56.813],[14.485,56.68],[15.427,56.766],[16.063,56.396],[15.771,56.033],[15.497,56.167],[14.653,56.121],[14.605,55.981],[14.259,55.899],[14.126,55.667],[14.286,55.515],[14.117,55.347],[12.802,55.353],[12.986,55.667],[12.414,56.243],[12.872,56.512],[12.289,56.88],[12.005,57.325],[11.877,57.325]]],[[[11.97,54.954],[11.767,55.176],[11.285,55.189],[11.102,55.634],[11.568,55.885],[11.962,55.581],[12.088,55.967],[12.444,55.968],[12.409,55.548],[12.158,55.379],[12.43,55.245],[11.97,54.954]]],[[[-24.219,65.534],[-23.973,65.687],[-23.267,65.725],[-23.608,65.98],[-23.466,66.133],[-22.911,65.944],[-22.474,65.996],[-22.841,66.281],[-22.676,66.391],[-21.443,66.13],[-21.242,65.882],[-21.495,65.568],[-21.08,65.205],[-20.168,65.556],[-20.217,66.001],[-19.973,66.111],[-19.336,65.674],[-19.156,65.725],[-19.275,65.929],[-19.165,66.003],[-18.676,66.091],[-17.884,65.757],[-18.022,66.078],[-16.568,66.029],[-16.376,66.132],[-16.385,66.454],[-15.86,66.419],[-15.574,66.207],[-14.763,66.055],[-14.641,65.945],[-14.754,65.697],[-13.647,65.495],[-13.526,65.183],[-13.694,64.779],[-14.348,64.67],[-14.366,64.476],[-14.598,64.267],[-15.267,64.28],[-16.534,63.784],[-17.591,63.689],[-17.944,63.425],[-18.642,63.324],[-19.553,63.415],[-20.404,63.698],[-22.373,63.773],[-22.507,63.866],[-21.804,64.11],[-21.488,64.376],[-22.086,64.44],[-22.392,64.662],[-23.508,64.559],[-23.675,64.659],[-23.437,64.804],[-21.978,64.95],[-21.729,65.182],[-21.794,65.298],[-22.814,65.471],[-23.678,65.317],[-24.219,65.534]]]]}},{"type":"Feature","properties":{"NAME":"England","SUBJECTO":"England","PARTOF":"England","BORDERPRECISION":"1"},"bbox":[-10.497,49.964,1.692,55.59],"geometry":{"type":"MultiPolygon","coordinates":[[[[-6.343,53.94],[-6.443,53.899],[-6.172,53.439],[-6.043,52.893],[-6.406,52.214],[-7.751,52.033],[-8.565,51.615],[-9.819,51.435],[-9.835,51.803],[-10.217,51.758],[-10.294,51.978],[-9.964,52.092],[-10.497,52.102],[-10.469,52.207],[-9.891,52.194],[-9.736,52.48],[-9.193,52.554],[-9.134,52.681],[-9.616,52.637],[-9.442,52.833],[-9.526,52.905],[-9.309,53.115],[-8.924,53.161],[-9.002,53.3],[-9.158,53.221],[-10.16,53.374],[-10.021,53.512],[-10.151,53.576],[-9.81,53.632],[-9.872,53.768],[-9.696,53.873],[-10.179,53.912],[-10.16,54.133],[-9.892,54.326],[-8.59,54.203],[-8.687,54.364],[-8.301,54.489],[-8.211,54.634],[-8.829,54.634],[-8.504,54.75],[-8.345,55.095],[-7.756,55.253],[-7.498,55.05],[-6.645,55.206],[-6.117,55.16],[-5.785,54.737],[-5.662,54.322],[-5.912,54.027],[-6.343,53.94]]],[[[-1.982,55.59],[-1.666,55.38],[-1.389,54.68],[-0.871,54.547],[-0.296,54.033],[-0.319,53.579],[0.081,53.386],[0.268,53.127],[0.006,52.787],[0.327,52.707],[0.505,52.848],[1.013,52.888],[1.586,52.65],[1.692,52.311],[1.512,52.026],[0.686,51.56],[0.254,51.454],[1.365,51.353],[1.335,51.121],[0.192,50.731],[-1.103,50.817],[-2.085,50.703],[-2.024,50.57],[-2.551,50.57],[-2.961,50.722],[-3.521,50.617],[-3.715,50.219],[-4.243,50.391],[-4.541,50.358],[-5.282,49.964],[-5.778,50.134],[-4.815,50.604],[-4.552,50.997],[-4.277,51.064],[-4.281,51.187],[-3.066,51.178],[-2.895,51.394],[-2.75,51.644],[-3.499,51.46],[-4.159,51.677],[-4.999,51.702],[-5.249,51.86],[-4.295,52.2],[-4.124,52.373],[-4.094,52.746],[-4.621,52.831],[-4.492,52.991],[-3.957,53.205],[-2.914,53.267],[-3.057,53.514],[-2.886,54.169],[-3.261,54.141],[-3.569,54.415],[-3.153,54.838],[-3.319,54.886],[-1.982,55.59]]]]}},{"type":"Feature","properties":{"NAME":"Scottland","SUBJECTO":"Scottland","PARTOF":"Scottland","BORDERPRECISION":"1"},"bbox":[-6.044,54.688,-1.945,58.567],"geometry":{"type":"MultiPolygon","coordinates":[[[[-3.319,54.886],[-4.122,54.762],[-4.461,54.862],[-4.6,54.688],[-5.111,54.794],[-4.638,55.428],[-4.908,55.664],[-4.623,55.908],[-4.711,56.131],[-5.57,55.751],[-5.633,55.94],[-5.271,56.544],[-5.547,56.652],[-5.822,56.4],[-6.044,56.475],[-5.625,56.999],[-5.726,57.258],[-5.461,57.388],[-5.763,57.62],[-5.568,57.777],[-5.056,57.751],[-5.346,58.093],[-4.907,58.169],[-5.113,58.395],[-4.926,58.567],[-4.51,58.403],[-3.441,58.529],[-3.028,58.406],[-4.15,57.835],[-4.249,57.636],[-4.148,57.555],[-2.15,57.572],[-1.945,57.402],[-2.667,56.471],[-3.152,56.337],[-2.721,56.178],[-3.294,55.974],[-3.895,55.985],[-3.356,55.843],[-2.742,55.957],[-2.245,55.811],[-1.982,55.59],[-3.319,54.886]]],[[[-5.756,55.477],[-5.518,55.668],[-5.482,55.443],[-5.62,55.33],[-5.756,55.477]]]]}},{"type":"Feature","properties":{"NAME":"Portugal","SUBJECTO":"Portugal","PARTOF":"Portugal","BORDERPRECISION":"1"},"bbox":[-9.549,36.99,-6.112,42.087],"geometry":{"type":"MultiPolygon","coordinates":[[[[-7.492,37.208],[-7.836,37.032],[-8.667,37.121],[-8.991,36.99],[-8.789,38.436],[-9.237,38.417],[-9.285,38.619],[-8.942,38.742],[-9.041,38.92],[-9.362,38.671],[-9.549,38.775],[-9.415,39.367],[-9.118,39.644],[-8.916,40.138],[-8.694,40.992],[-8.921,41.767],[-8.157,42.087],[-7.919,41.889],[-6.709,41.96],[-6.112,41.417],[-6.834,41.061],[-6.878,39.702],[-7.431,39.521],[-6.933,38.961],[-7.394,38.295],[-6.845,38.1],[-7.243,37.811],[-7.492,37.208]]]]}},{"type":"Feature","properties":{"NAME":"Papua New Guinea","SUBJECTO":"Papua New Guinea","PARTOF":"Papua New Guinea","BORDERPRECISION":"1"},"bbox":[140.747,-10.739,152.268,-2.795],"geometry":{"type":"MultiPolygon","coordinates":[[[[149.554,-6.406],[149.379,-6.209],[149.021,-6.242],[148.306,-5.773],[148.377,-5.659],[149.648,-5.713],[149.869,-5.401],[150.181,-5.706],[150.722,-5.622],[151.157,-5.1],[151.57,-5.029],[151.539,-4.406],[151.944,-4.52],[152.09,-4.36],[152.268,-4.779],[152.136,-5.085],[151.835,-5.206],[152.059,-5.498],[151.92,-5.657],[151.28,-5.671],[151.056,-6.015],[150.494,-6.277],[149.554,-6.406]]],[[[140.948,-9.274],[140.941,-7.365],[140.747,-6.749],[140.945,-6.379],[140.87,-2.795],[143.446,-3.61],[144.103,-3.984],[144.543,-3.995],[144.783,-4.338],[145.728,-4.997],[145.608,-5.525],[147.376,-6.125],[147.739,-6.74],[146.909,-6.895],[146.886,-7.117],[147.151,-7.562],[148.035,-8.246],[148.133,-8.627],[148.459,-9.097],[149.198,-9.121],[149.078,-9.458],[149.83,-9.711],[149.859,-9.831],[149.567,-9.927],[150.418,-10.294],[150.523,-10.637],[150.495,-10.739],[150.002,-10.734],[149.783,-10.41],[147.615,-10.084],[147.185,-9.57],[146.646,-9.279],[145.82,-8.098],[144.627,-7.783],[144.016,-7.874],[143.665,-7.671],[143.78,-8.109],[143.356,-8.129],[143.437,-8.358],[142.249,-8.31],[143.051,-8.67],[143.331,-9],[142.607,-9.377],[140.948,-9.274]]]]}},{"type":"Feature","properties":{"NAME":"Unknown","SUBJECTO":"","PARTOF":"","BORDERPRECISION":"1"},"bbox":[-180,-90,180,-63.245],"geometry":{"type":"MultiPolygon","coordinates":[[[[-73.112,-72.749],[-72.88,-72.44],[-72.493,-72.44],[-71.952,-72.209],[-72.03,-71.822],[-74.348,-72.209],[-75.043,-72.054],[-75.275,-71.668],[-74.657,-71.436],[-72.725,-71.281],[-72.107,-71.05],[-72.184,-70.586],[-71.798,-70.354],[-71.798,-69.736],[-72.394,-69.261],[-71.952,-69.041],[-70.716,-68.809],[-70.33,-68.963],[-68.398,-71.127],[-68.63,-72.054],[-70.021,-72.672],[-73.112,-72.749]]],[[[-102.551,-72.131],[-101.16,-71.822],[-97.22,-71.822],[-95.906,-72.363],[-97.142,-72.672],[-101.16,-72.363],[-102.551,-72.131]]],[[[-150.951,-76.949],[-150.414,-76.83],[-149.787,-76.889],[-149.429,-77.098],[-150.325,-77.098],[-150.951,-76.949]]],[[[-55.185,-80.94],[-54.953,-80.399],[-53.871,-79.936],[-51.708,-79.781],[-51.012,-79.395],[-50.858,-78.699],[-50.24,-78.39],[-48.849,-78.081],[-45.758,-78.081],[-44.213,-78.39],[-43.904,-79.24],[-43.904,-79.781],[-44.831,-80.322],[-50.162,-80.786],[-55.185,-80.94]]],[[[-164.058,-79.356],[-163.517,-78.97],[-162.59,-78.815],[-160.735,-79.047],[-158.804,-79.665],[-159.203,-79.882],[-160.426,-79.974],[-162.358,-79.742],[-164.058,-79.356]]],[[[169.769,-83.418],[171.895,-83.607],[172.58,-83.844],[179.161,-84.174],[180,-84.34],[180,-90],[-180,-90],[-180,-84.322],[-167.226,-84.765],[-160.504,-85.383],[-156.563,-85.46],[-151.463,-85.306],[-150.381,-85.46],[-148.759,-85.074],[-139.331,-85.223],[-138.817,-85.013],[-152.004,-84.379],[-153.086,-84.147],[-153.31,-83.942],[-153.24,-83.297],[-152.931,-82.91],[-152.081,-82.601],[-154.554,-82.138],[-154.983,-81.911],[-154.267,-81.677],[-155.569,-81.407],[-156.952,-81.314],[-156.999,-81.196],[-154.477,-81.056],[-149.995,-81.21],[-148.836,-81.365],[-145.668,-80.515],[-146.904,-80.051],[-148.604,-79.665],[-150.58,-79.483],[-151.772,-79.201],[-154.554,-79.124],[-155.867,-78.738],[-154.132,-78.352],[-154.708,-78.12],[-156.022,-78.352],[-157.336,-78.197],[-158.185,-77.811],[-158.031,-77.27],[-156.408,-77.115],[-154.167,-77.115],[-152.086,-77.337],[-149.995,-77.733],[-147.986,-77.347],[-146.146,-77.457],[-146.116,-76.86],[-147.131,-76.531],[-149.609,-76.343],[-148.527,-76.033],[-146.672,-76.111],[-144.509,-75.724],[-134.773,-74.643],[-133.536,-74.797],[-128.978,-74.913],[-127.123,-74.681],[-123.569,-74.836],[-120.169,-74.527],[-118.778,-74.604],[-118.083,-74.295],[-117.387,-74.527],[-114.992,-74.449],[-114.937,-74.058],[-114.146,-73.926],[-113.502,-74.072],[-113.238,-74.321],[-113.428,-74.688],[-112.365,-74.836],[-111.744,-74.717],[-111.746,-74.295],[-111.099,-74.175],[-110.433,-74.295],[-110.337,-74.761],[-110.791,-74.951],[-110.557,-75.303],[-109.196,-75.145],[-106.801,-75.377],[-105.642,-75.068],[-100.045,-75.31],[-99.733,-75.071],[-100.008,-74.943],[-100.999,-74.888],[-100.412,-74.759],[-100.394,-74.576],[-100.559,-74.466],[-101.495,-74.539],[-101.88,-74.099],[-103.165,-73.86],[-103.247,-73.561],[-101.421,-73.768],[-99.678,-73.658],[-100.229,-73.438],[-103.293,-73.328],[-103.587,-73.108],[-103.587,-72.741],[-102.551,-72.788],[-102.174,-73.09],[-99.788,-72.998],[-96.524,-73.329],[-93.974,-73.174],[-90,-73.329],[-89.261,-72.788],[-88.72,-72.788],[-88.565,-73.252],[-87.406,-73.406],[-86.325,-73.252],[-85.938,-73.484],[-84.393,-73.793],[-81.766,-74.024],[-81.302,-73.793],[-80.993,-73.252],[-79.757,-73.174],[-78.52,-73.715],[-77.13,-73.638],[-75.584,-73.754],[-71.489,-73.368],[-67.625,-72.749],[-67.084,-72.44],[-67.084,-71.822],[-67.703,-71.281],[-68.089,-70.586],[-68.63,-70.277],[-68.784,-69.813],[-68.244,-69.35],[-67.471,-69.195],[-67.084,-68.654],[-67.316,-67.804],[-67.857,-67.572],[-67.703,-66.877],[-66.853,-66.8],[-65.771,-66.182],[-65.075,-65.95],[-64.225,-65.254],[-62.912,-64.713],[-61.289,-64.482],[-60.207,-63.941],[-59.126,-63.863],[-58.121,-63.4],[-57.426,-63.245],[-57.271,-63.709],[-58.894,-64.327],[-59.821,-64.327],[-61.135,-64.868],[-62.371,-65.795],[-62.448,-66.336],[-62.757,-66.645],[-63.839,-66.491],[-65.385,-67.341],[-65.694,-67.881],[-65.153,-68.5],[-64.535,-68.654],[-63.839,-68.654],[-63.453,-68.886],[-63.144,-69.427],[-62.139,-70.509],[-61.676,-70.818],[-60.98,-72.054],[-60.826,-72.749],[-61.367,-73.909],[-62.68,-74.758],[-63.221,-74.836],[-64.457,-75.686],[-69.248,-76.381],[-70.562,-76.69],[-75.932,-76.484],[-76.28,-76.304],[-77.825,-75.995],[-78.443,-75.995],[-78.829,-76.227],[-78.598,-76.613],[-75.816,-77.463],[-73.568,-77.481],[-73.027,-77.823],[-74.502,-78.081],[-80.687,-77.566],[-81.655,-77.68],[-80.761,-78.236],[-78.289,-78.313],[-77.67,-78.467],[-77.782,-78.649],[-79.139,-78.931],[-82.075,-78.777],[-83.079,-78.236],[-84.161,-78.236],[-84.104,-78.649],[-82.925,-79.163],[-82.461,-79.24],[-81.92,-79.163],[-81.302,-79.317],[-80.22,-79.317],[-77.98,-79.086],[-76.589,-79.395],[-76.416,-79.588],[-76.434,-79.858],[-78.829,-80.013],[-80.003,-79.93],[-78.289,-80.322],[-76.643,-80.215],[-74.889,-80.708],[-63.144,-82.099],[-60.207,-82.331],[-59.28,-82.717],[-58.971,-83.181],[-57.58,-83.026],[-55.185,-82.331],[-52.249,-82.022],[-43.826,-81.79],[-42.976,-81.945],[-41.817,-81.404],[-38.031,-80.94],[-32.931,-80.863],[-28.913,-80.476],[-28.372,-80.09],[-28.913,-79.858],[-29.035,-79.377],[-29.568,-79.224],[-32.854,-79.317],[-36.408,-79.163],[-36.408,-78.622],[-34.94,-77.927],[-33.163,-77.386],[-32.081,-77.308],[-30.227,-76.845],[-23.582,-75.918],[-20.645,-75.918],[-18.405,-75.686],[-17.168,-74.758],[-14.451,-74.065],[-15.005,-73.831],[-16.164,-74.063],[-17.091,-73.909],[-16.396,-73.445],[-14.584,-73.178],[-14.271,-72.844],[-11.828,-72.323],[-11.557,-72.072],[-12.329,-71.675],[-12.371,-71.404],[-11.808,-71.3],[-11.599,-71.634],[-11.141,-71.59],[-9.75,-71.05],[-9.364,-71.127],[-8.823,-71.822],[-7.741,-71.668],[-7.633,-71.258],[-7.2,-70.895],[-6.35,-70.663],[-5.732,-70.895],[-6.255,-71.154],[-6.318,-71.425],[-4.882,-71.281],[-2.719,-71.397],[-1.251,-71.32],[-0.787,-71.706],[0.681,-71.32],[8.485,-70.084],[9.413,-70.084],[10.34,-70.702],[11.113,-70.856],[11.962,-70.702],[12.658,-70.315],[17.603,-70.084],[19.535,-70.161],[22.548,-70.586],[23.707,-70.586],[30.662,-69.736],[32.748,-69.35],[33.025,-68.918],[33.541,-68.542],[34.293,-68.5],[34.716,-68.934],[35.298,-69.118],[36.078,-69.591],[36.532,-69.654],[36.986,-69.356],[37.581,-69.278],[37.674,-69.513],[37.299,-69.654],[37.956,-69.889],[38.269,-69.544],[38.41,-69.638],[38.332,-70.029],[39.459,-69.701],[39.647,-68.934],[41.943,-68.422],[42.561,-68.113],[44.184,-68.036],[44.797,-67.745],[46.038,-67.688],[46.133,-67.567],[46.058,-67.434],[46.37,-67.33],[46.919,-67.404],[47.008,-67.671],[47.305,-67.775],[48.848,-67.434],[48.27,-67.181],[48.314,-67.018],[48.967,-66.973],[49.962,-67.196],[50.273,-67.137],[50.006,-66.84],[50.006,-66.588],[50.14,-66.484],[52.452,-65.988],[53.765,-65.911],[55.142,-65.963],[56.175,-66.447],[57.101,-66.523],[57.111,-66.695],[56.702,-66.738],[56.627,-66.942],[59.603,-67.33],[66.979,-67.843],[69.374,-67.843],[69.683,-68.152],[69.773,-68.636],[69.444,-69.19],[69.142,-69.388],[68.951,-69.889],[68.622,-70.033],[68.215,-69.852],[67.841,-70.033],[67.513,-70.464],[68.191,-70.67],[68.458,-70.69],[68.889,-70.423],[69.074,-70.588],[68.684,-71.06],[68.138,-71.088],[67.365,-71.706],[67.365,-72.093],[68.215,-72.402],[69.528,-72.402],[70.301,-72.015],[71.924,-70.547],[72.542,-70.238],[75.401,-69.466],[76.869,-69.311],[77.796,-68.847],[78.26,-68.384],[81.814,-67.302],[85.523,-66.916],[87.223,-66.993],[87.765,-66.749],[88.084,-66.111],[88.305,-66.066],[88.654,-66.764],[90,-66.607],[95.723,-66.529],[97.114,-66.684],[98.662,-66.626],[99.12,-66.893],[99.654,-66.549],[100.875,-66.079],[101.715,-65.977],[102.631,-65.926],[103.311,-66.066],[103.836,-65.988],[105.459,-66.297],[107.622,-66.452],[108.437,-66.75],[109.976,-66.592],[110.568,-66.395],[110.481,-66.297],[110.607,-66.059],[112.027,-65.988],[113.015,-65.763],[113.959,-65.988],[114.436,-66.493],[115.679,-66.414],[116.972,-66.838],[118.286,-67.07],[122.458,-66.645],[125.125,-66.787],[125.441,-66.447],[126.412,-66.374],[126.8,-66.884],[129.01,-67.03],[129.422,-66.52],[130.272,-66.253],[134.205,-66.18],[134.011,-65.549],[134.035,-65.185],[134.59,-65.022],[134.982,-65.597],[134.691,-66.083],[135.053,-66.182],[136.317,-66.399],[141.157,-66.722],[142.76,-67.048],[143.388,-66.972],[144.38,-67.173],[145.262,-67.098],[145.586,-67.223],[145.322,-67.575],[145.454,-67.63],[146.39,-67.779],[146.875,-67.997],[148.093,-67.937],[148.263,-68.205],[148.73,-68.306],[150.893,-68.538],[150.838,-68.779],[151.093,-68.886],[153.752,-68.925],[153.605,-68.481],[153.924,-68.439],[154.286,-68.63],[154.435,-68.95],[156.148,-69.311],[157.307,-69.156],[159.846,-69.829],[160.599,-70.221],[162.485,-70.306],[162.888,-70.571],[163.376,-70.656],[163.439,-70.539],[164.319,-70.518],[167.635,-70.865],[167.963,-71.097],[170.083,-71.667],[170.277,-71.517],[170.525,-71.603],[170.729,-71.904],[169.89,-72.076],[169.793,-72.238],[169.868,-72.356],[170.116,-72.335],[170.105,-72.636],[169.911,-72.615],[169.459,-73.056],[168.975,-73.239],[168.899,-73.54],[167.575,-73.476],[165.799,-73.828],[164.616,-74.172],[165.189,-74.668],[164.33,-74.763],[163.777,-74.649],[163.433,-74.744],[163.414,-75.031],[162.346,-75.107],[162.407,-75.338],[162.823,-75.622],[162.765,-75.966],[162.384,-76.214],[162.632,-76.423],[162.67,-76.767],[162.327,-76.958],[163.3,-77.187],[163.529,-77.74],[164.107,-77.656],[164.483,-78.064],[166.753,-78.599],[163.643,-78.661],[162.594,-78.904],[161.773,-78.866],[160.686,-79.114],[160.089,-78.97],[159.843,-79.161],[160.345,-79.4],[160.119,-79.6],[159.315,-80.027],[158.135,-80.316],[158.348,-80.492],[159.579,-80.442],[159.943,-80.58],[160.019,-80.743],[160.433,-80.906],[160.577,-81.534],[162.015,-81.66],[163.309,-82.087],[167.275,-82.988],[168.386,-83.092],[167.358,-83.435],[168.874,-83.343],[169.769,-83.418]]]]}},{"type":"Feature","properties":{"NAME":"Papal States","SUBJECTO":"Papal States","PARTOF":"Papal States","BORDERPRECISION":"1"},"bbox":[11.14,41.207,14.076,45.137],"geometry":{"type":"MultiPolygon","coordinates":[[[[12.378,44.732],[12.274,44.673],[12.345,44.301],[12.697,43.935],[13.601,43.535],[14.076,42.634],[13.714,42.398],[13.631,42.53],[13.415,42.364],[13.415,42.198],[13.631,42.016],[13.597,41.8],[13.929,41.75],[14.029,41.401],[13.761,41.207],[12.977,41.371],[11.96,42.007],[12.169,42.63],[12.153,43.062],[12.302,43.278],[12.12,43.477],[12.219,43.892],[12.086,43.842],[12.086,44.174],[11.937,44.091],[11.854,44.357],[11.202,44.143],[11.14,44.34],[11.289,44.456],[11.173,44.606],[11.339,44.855],[11.17,45.067],[11.605,44.905],[11.771,45.071],[12.053,45.021],[12.037,45.137],[12.378,44.732]]]]}},{"type":"Feature","properties":{"NAME":"Expansionist Kingdom of Merina","SUBJECTO":"Expansionist Kingdom of Merina","PARTOF":"Expansionist Kingdom of Merina","BORDERPRECISION":"1"},"bbox":[45.292,-23.592,48.488,-16.904],"geometry":{"type":"MultiPolygon","coordinates":[[[[48.015,-17.023],[48.488,-19.449],[48.488,-20.041],[47.186,-23.119],[46.002,-23.592],[45.529,-23.592],[45.292,-22.645],[46.654,-17.733],[47.482,-16.904],[48.015,-17.023]]]]}},{"type":"Feature","properties":{"NAME":"Mossi States","SUBJECTO":"Mossi States","PARTOF":"Mossi States","BORDERPRECISION":"1"},"bbox":[-3.833,10.848,0.084,13.804],"geometry":{"type":"MultiPolygon","coordinates":[[[[-3.02,13.656],[-1.69,13.804],[-0.064,13.287],[0.084,11.735],[-1.173,10.848],[-3.168,10.922],[-3.833,12.695],[-3.02,13.656]]]]}},{"type":"Feature","properties":{"NAME":"Congo","SUBJECTO":"Congo","PARTOF":"Congo","BORDERPRECISION":"1"},"bbox":[12.372,-9.368,15.05,-4.772],"geometry":{"type":"MultiPolygon","coordinates":[[[[12.969,-7.515],[12.796,-6.861],[12.372,-6.258],[12.801,-5.956],[13.215,-6.133],[13.274,-5.778],[14.103,-4.949],[14.576,-4.772],[15.05,-6.015],[14.99,-7.198],[14.872,-7.376],[14.399,-7.198],[14.103,-7.376],[14.09,-7.706],[14.325,-8.234],[14.329,-9.368],[13.084,-9.287],[13.146,-9.065],[13.431,-8.823],[13.477,-8.416],[12.969,-7.515]]]]}},{"type":"Feature","properties":{"NAME":"Cambodia","SUBJECTO":"Cambodia","PARTOF":"Cambodia","BORDERPRECISION":"1"},"bbox":[102.671,8.494,107.482,13.406],"geometry":{"type":"MultiPolygon","coordinates":[[[[106.704,10.448],[106.749,10.067],[106.482,9.552],[106.229,9.552],[106.118,9.335],[105.503,9.029],[105.026,8.52],[104.742,8.494],[104.979,9.981],[104.16,10.519],[103.525,10.524],[103.67,10.766],[103.525,11.058],[103.04,10.898],[102.671,12.038],[103.657,12.846],[105.016,13.406],[107.48,13.257],[107.482,12.583],[106.854,10.576],[106.773,10.639],[106.704,10.448]]]]}},{"type":"Feature","properties":{"NAME":"France","SUBJECTO":"France","PARTOF":"France","BORDERPRECISION":"1"},"bbox":[-2.576,42.501,7.355,50.921],"geometry":{"type":"MultiPolygon","coordinates":[[[[1.987,50.22],[1.987,50.082],[2.401,50.197],[2.677,50.151],[2.907,49.943],[3.483,49.92],[3.82,50.039],[5.361,49.697],[5.909,49.201],[5.612,49.21],[5.723,48.959],[5.876,49.071],[6.001,48.904],[5.834,48.778],[6.015,48.653],[5.946,48.347],[6.238,48.291],[6.252,47.957],[5.96,47.985],[5.96,47.804],[5.82,47.735],[5.918,47.595],[5.667,47.108],[5.794,46.997],[5.626,46.649],[5.725,46.48],[5.416,46.524],[5.268,46.318],[5.533,46.097],[5.533,46.009],[5.357,46.053],[5.357,45.876],[5.607,45.847],[5.947,45.26],[6.219,45.347],[6.28,45.199],[6.943,44.869],[7.003,44.72],[6.783,44.548],[6.87,44.349],[6.787,44.198],[6.997,44.05],[6.923,43.815],[7.355,43.902],[7.298,43.667],[6.523,43.151],[5.829,43.021],[4.91,43.366],[3.807,43.467],[3.318,43.196],[3.002,42.771],[2.949,42.883],[1.728,42.501],[1.792,42.579],[1.577,42.648],[1.32,42.605],[0.744,42.772],[0.584,42.772],[0.592,42.628],[0.196,42.608],[-0.41,42.786],[-0.612,42.731],[-0.84,42.909],[-1.515,42.998],[-1.491,43.21],[-1.915,43.305],[-1.561,43.524],[-1.314,44.559],[-1.136,44.6],[-1.23,44.73],[-1.332,44.614],[-1.175,45.501],[-0.728,45.019],[-0.855,45.321],[-1.247,45.688],[-1.075,46.015],[-1.256,46.307],[-1.711,46.449],[-2.13,46.851],[-2.005,47.043],[-2.576,47.324],[-2.01,47.746],[-1.752,48.178],[-1.999,48.677],[-1.457,48.684],[-1.576,48.768],[-1.58,49.229],[-1.941,49.709],[-1.251,49.7],[-1.177,49.333],[0.033,49.334],[0.331,49.455],[0.09,49.511],[0.189,49.681],[1.275,50.004],[1.552,50.229],[1.589,50.822],[1.796,50.921],[1.826,50.243],[1.987,50.22]]]]}},{"type":"Feature","properties":{"NAME":"Venice","SUBJECTO":"Venice","PARTOF":"Venice","BORDERPRECISION":"1"},"bbox":[9.506,43.076,17.326,47],"geometry":{"type":"MultiPolygon","coordinates":[[[[16.701,43.847],[16.64,43.39],[16.367,43.513],[16.059,43.433],[15.494,43.888],[15.75,44.098],[16.701,43.847]]],[[[17.304,43.076],[16.992,43.323],[17.054,43.473],[17.326,43.337],[17.304,43.076]]],[[[13.606,46.132],[13.368,45.694],[13.156,45.727],[13.105,45.582],[12.28,45.402],[12.176,45.214],[12.523,44.883],[12.378,44.732],[12.037,45.137],[12.053,45.021],[11.771,45.071],[11.605,44.905],[11.24,45.071],[10.856,45.051],[10.824,45.353],[9.998,45.401],[9.846,45.704],[9.506,45.515],[9.695,45.78],[9.545,46.312],[9.885,46.403],[9.995,46.252],[10.097,46.439],[9.987,46.498],[10.024,46.621],[10.372,46.566],[10.396,46.887],[10.558,46.718],[10.457,46.212],[10.525,45.739],[10.66,45.807],[10.795,45.638],[10.93,45.84],[11.166,45.739],[11.233,46.009],[11.571,45.975],[11.571,46.245],[11.908,46.414],[11.74,46.752],[12.075,46.928],[13.516,47],[13.581,46.839],[13.709,46.839],[13.606,46.132]]],[[[14.354,45.323],[14.189,44.943],[13.895,44.759],[13.527,45.454],[13.8,45.566],[13.673,45.715],[14.076,45.678],[14.219,45.477],[13.99,45.42],[14.076,45.276],[14.354,45.323]]]]}},{"type":"Feature","properties":{"NAME":"Islamic city-states","SUBJECTO":"Islamic city-states","PARTOF":"Islamic city-states","BORDERPRECISION":"1"},"bbox":[37.732,-11.23,44.301,1.32],"geometry":{"type":"MultiPolygon","coordinates":[[[[43.724,0.8],[42.44,-0.512],[41.607,-1.594],[41.61,-1.877],[41.089,-2.129],[40.915,-2.078],[40.75,-2.593],[40.449,-2.645],[40.271,-2.817],[40.234,-3.192],[39.64,-4.083],[39.681,-4.324],[39.53,-4.617],[39.122,-5.037],[38.872,-6.092],[39.221,-6.784],[39.566,-7.044],[39.27,-7.801],[39.478,-7.998],[39.392,-8.735],[39.577,-9.542],[39.658,-9.796],[40.387,-10.372],[40.62,-10.766],[40.4,-11.23],[39.248,-11.145],[38.238,-9.292],[37.732,-4.575],[39.417,-1.375],[42.786,1.32],[44.301,1.291],[43.724,0.8]]]]}},{"type":"Feature","properties":{"NAME":"Unknown","SUBJECTO":"","PARTOF":"","BORDERPRECISION":"1"},"bbox":[108.577,18.097,110.885,20.017],"geometry":{"type":"MultiPolygon","coordinates":[[[[109.43,18.097],[108.652,18.482],[108.577,19.187],[109.198,19.684],[109.42,19.659],[109.55,19.914],[109.916,19.8],[110.061,19.94],[110.617,20.017],[110.885,19.707],[110.427,19.229],[110.299,18.899],[110.361,18.766],[110.263,18.626],[109.669,18.415],[109.43,18.097]]]]}},{"type":"Feature","properties":{"NAME":"Unknown","SUBJECTO":"","PARTOF":"","BORDERPRECISION":"1"},"bbox":[51.482,70.522,57.251,73.307],"geometry":{"type":"MultiPolygon","coordinates":[[[[53.08,72.907],[53.502,73.137],[54.736,73.258],[55.816,73.307],[56.509,73.174],[56.272,72.857],[55.623,72.651],[55.52,72.11],[55.721,71.642],[56.151,71.271],[57.251,70.818],[57.238,70.691],[55.679,70.707],[54.998,70.522],[54.694,70.744],[53.729,70.765],[53.715,70.927],[54.321,71.09],[54.353,71.198],[53.234,71.514],[52.55,71.59],[51.815,71.48],[51.534,71.658],[51.482,71.845],[51.76,72.079],[52.351,72.041],[53.089,72.473],[53.198,72.631],[52.611,72.74],[53.08,72.907]]]]}},{"type":"Feature","properties":{"NAME":"Sweden","SUBJECTO":"Sweden","PARTOF":"Sweden","BORDERPRECISION":"1"},"bbox":[11.736,56.396,29.687,66.967],"geometry":{"type":"MultiPolygon","coordinates":[[[[29.511,60.145],[28.569,60.198],[28.435,60.337],[28.522,60.623],[26.922,60.316],[26.526,60.396],[26.552,60.571],[26.443,60.333],[25.89,60.236],[25.846,60.115],[25.581,60.262],[25.45,60.138],[24.516,59.989],[24.421,59.87],[23.961,59.932],[23.201,59.818],[22.882,60.056],[23.005,60.209],[22.392,60.121],[22.421,60.293],[22.221,60.259],[21.56,60.512],[21.427,61.015],[21.561,61.485],[21.211,61.871],[21.338,62.344],[21.034,62.477],[21.195,62.761],[21.546,62.974],[21.495,63.123],[22.075,63.103],[22.292,63.203],[22.569,63.723],[22.826,63.581],[24.47,64.636],[24.932,64.816],[25.325,64.802],[25.352,64.939],[25.133,65.076],[25.252,65.417],[25.104,65.54],[24.591,65.583],[24.215,65.786],[23.204,65.681],[22.646,65.935],[21.957,65.446],[21.277,65.212],[21.489,65.017],[20.921,64.714],[21.386,64.385],[21.049,64.219],[20.701,63.818],[19.67,63.389],[19.318,63.445],[18.303,62.789],[17.868,62.789],[17.936,62.548],[17.718,62.357],[17.29,62.441],[17.497,62.088],[17.387,61.658],[17.065,61.538],[17.146,60.953],[17.318,60.753],[17.188,60.674],[17.931,60.59],[18.417,60.182],[18.804,60.108],[19.044,59.712],[18.03,59.359],[16.523,59.583],[16.408,59.447],[16.776,59.479],[17.575,59.214],[18.441,59.401],[18.611,59.333],[18.273,59.287],[18.372,59.157],[17.94,58.908],[17.766,58.872],[17.739,59.11],[17.623,59.1],[17.582,58.893],[17.357,58.743],[16.443,58.634],[16.513,58.428],[16.744,58.312],[16.774,58.038],[16.725,57.889],[16.46,57.895],[16.659,57.443],[16.063,56.396],[15.427,56.766],[14.485,56.68],[14.175,56.813],[13.432,56.524],[13.226,57.102],[12.896,56.978],[12.731,57.432],[12.524,57.391],[12.318,57.68],[11.877,57.325],[11.736,57.698],[12.488,58.563],[12.423,60.039],[12.548,60.434],[12.174,60.956],[12.597,61.029],[13.155,62.024],[15.05,63.526],[16.661,63.756],[17.731,64.559],[17.33,64.826],[18.534,66.432],[21.879,66.967],[25.626,66.7],[26.479,65.572],[27.232,63.354],[28.666,62.209],[29.687,60.131],[29.511,60.145]]]]}},{"type":"Feature","properties":{"NAME":"Sinhalese kingdoms","SUBJECTO":"Sinhalese kingdoms","PARTOF":"Sinhalese kingdoms","BORDERPRECISION":"1"},"bbox":[79.675,5.932,81.866,9.687],"geometry":{"type":"MultiPolygon","coordinates":[[[[80.563,5.932],[80.222,6.058],[79.854,7.061],[79.724,8.417],[79.809,8.647],[79.675,8.805],[80.053,9.114],[80.178,9.445],[80.11,9.687],[80.662,9.299],[81.093,8.627],[81.06,8.411],[81.326,8.259],[81.866,7.085],[81.434,6.27],[81.203,6.079],[80.563,5.932]]]]}},{"type":"Feature","properties":{"NAME":"Aceh","SUBJECTO":"Aceh","PARTOF":"Aceh","BORDERPRECISION":"1"},"bbox":[95.191,3.951,96.602,5.55],"geometry":{"type":"MultiPolygon","coordinates":[[[[96.118,3.951],[95.308,4.96],[95.191,5.41],[95.283,5.55],[95.628,5.526],[96.025,5.215],[96.602,5.077],[96.544,4.472],[96.118,3.951]]]]}},{"type":"Feature","properties":{"NAME":"Malacca","SUBJECTO":"Malacca","PARTOF":"Malacca","BORDERPRECISION":"1"},"bbox":[98.49,-1.366,110.818,3.658],"geometry":{"type":"MultiPolygon","coordinates":[[[[103.714,-0.017],[103.238,-0.659],[103.311,-0.818],[101.136,-1.366],[100.202,0.892],[98.646,2.76],[98.49,3.227],[98.625,3.658],[99.796,2.981],[99.863,2.568],[100.121,2.543],[100.732,1.871],[100.854,1.877],[100.832,2.176],[101.06,2.081],[101.474,1.548],[101.868,1.435],[102.278,0.743],[103.24,0.459],[103.714,-0.017]]],[[[103.334,3.394],[103.351,2.804],[103.83,2.17],[104.176,1.389],[103.349,1.412],[101.336,2.781],[101.264,3.225],[101.837,3.46],[103.334,3.394]]],[[[108.999,0.198],[108.841,0.331],[108.814,0.808],[109.282,1.883],[110.818,1.244],[110.549,0.726],[110.348,0.852],[109.932,0.191],[108.999,0.198]]]]}},{"type":"Feature","properties":{"NAME":"Malaysian Islamic states","SUBJECTO":"Malaysian Islamic states","PARTOF":"Malaysian Islamic states","BORDERPRECISION":"1"},"bbox":[96.118,-10.378,140.948,6.899],"geometry":{"type":"MultiPolygon","coordinates":[[[[103.311,-0.818],[103.747,-1.116],[104.23,-1.191],[104.352,-1.89],[104.568,-2.137],[104.813,-2.156],[104.61,-2.576],[104.678,-2.671],[104.995,-2.467],[105.445,-2.599],[105.943,-3.215],[105.711,-4.105],[105.796,-5.35],[105.641,-5.929],[105.187,-5.542],[105.033,-5.879],[104.563,-5.601],[104.465,-5.639],[104.642,-5.976],[104.568,-6.071],[103.523,-4.999],[102.462,-4.182],[102.111,-3.604],[101.345,-3.015],[100.812,-2.336],[100.65,-1.631],[99.972,-0.501],[99.697,-0.152],[99.113,0.221],[98.671,1.618],[98.303,1.935],[97.597,2.251],[97.509,2.74],[97.254,3.14],[96.72,3.705],[96.394,3.647],[96.118,3.951],[96.544,4.472],[96.602,5.077],[97.384,5.18],[98.174,4.381],[98.146,4.07],[98.625,3.658],[98.49,3.227],[98.646,2.76],[100.202,0.892],[101.136,-1.366],[103.311,-0.818]]],[[[140.87,-2.795],[140.945,-6.379],[140.747,-6.749],[140.941,-7.365],[140.948,-9.274],[139.977,-8.238],[138.917,-8.317],[139.156,-7.725],[138.65,-7.141],[138.662,-7.04],[139.028,-7.02],[138.551,-6.652],[137.824,-5.427],[137.595,-5.25],[135.061,-4.454],[134.777,-4.309],[134.766,-4.036],[134.041,-3.948],[133.857,-3.771],[133.753,-3.186],[133.563,-3.415],[133.395,-3.988],[132.932,-4.268],[132.713,-3.888],[132.896,-3.696],[132.827,-3.506],[132.025,-3.018],[132.016,-2.821],[132.719,-2.934],[133.121,-2.597],[133.321,-2.742],[133.781,-2.722],[133.855,-2.245],[133.321,-2.38],[132.219,-2.344],[131.973,-2.116],[131.816,-1.665],[131.064,-1.54],[131.211,-1.025],[131.834,-0.826],[132.254,-0.527],[133.907,-1.006],[134.141,-1.501],[133.983,-2.01],[134.283,-2.855],[134.455,-3],[134.557,-2.708],[134.773,-3.305],[135.246,-3.539],[135.734,-3.252],[136.271,-2.418],[137.084,-2.251],[137.111,-1.984],[137.704,-1.633],[140.87,-2.795]]],[[[119.692,-0.017],[119.914,0.54],[120.239,0.788],[120.432,0.636],[120.767,1.139],[121.263,1.102],[121.591,0.861],[122.181,0.869],[122.733,0.673],[122.992,0.775],[123.826,0.739],[124.432,0.956],[124.527,1.083],[124.457,1.204],[124.852,1.624],[124.982,1.65],[125.016,1.542],[124.931,1.16],[124.234,0.301],[123.472,0.153],[122.983,0.375],[120.826,0.414],[120.337,0.356],[120.143,0.191],[119.957,-0.14],[119.904,-0.681],[120.587,-1.518],[121.055,-1.549],[121.461,-0.989],[121.995,-1.114],[122.981,-0.718],[123.25,-0.902],[123.213,-1.233],[122.757,-1.094],[122.223,-1.654],[121.65,-1.999],[121.253,-1.961],[122.258,-3.211],[122.19,-3.847],[122.641,-4.284],[122.648,-4.513],[122.159,-4.514],[121.974,-4.648],[121.873,-4.96],[121.441,-4.865],[121.508,-4.236],[120.802,-3.596],[120.999,-3.049],[120.925,-2.826],[120.593,-2.802],[120.144,-3.076],[120.28,-3.654],[120.143,-4.398],[120.307,-4.804],[120.124,-5.332],[120.248,-5.586],[119.477,-5.804],[119.295,-5.423],[119.446,-5.067],[119.461,-3.808],[119.226,-3.574],[118.791,-3.663],[118.684,-2.901],[119.175,-2.176],[119.244,-1.228],[119.396,-0.904],[119.597,-0.878],[119.692,-0.017]]],[[[105.185,-6.866],[105.144,-6.782],[105.633,-6.755],[105.933,-6.026],[106.521,-6.11],[106.628,-6.309],[106.864,-6.27],[106.945,-6.026],[107.769,-6.452],[108.173,-6.356],[108.556,-6.921],[109.161,-7.023],[110.243,-7.031],[110.613,-6.541],[110.815,-6.534],[111.045,-6.852],[112.275,-7.027],[112.537,-7.265],[112.501,-7.465],[112.678,-7.719],[113.263,-7.908],[113.948,-7.824],[114.231,-7.932],[114.069,-8.434],[114.329,-8.783],[113.074,-8.347],[112.414,-8.488],[110.778,-8.32],[109.037,-7.72],[108.61,-7.702],[108.16,-7.856],[107.73,-7.787],[107.368,-7.565],[106.32,-7.434],[106.547,-7.16],[106.366,-7.04],[105.185,-6.866]]],[[[123.492,-10.352],[123.665,-9.748],[124.918,-9.046],[125.08,-8.772],[127.044,-8.476],[127.141,-8.596],[126.873,-8.807],[125.212,-9.395],[124.154,-10.205],[123.492,-10.352]]],[[[127.631,-0.017],[127.424,0.982],[127.8,1.897],[127.987,1.574],[127.689,0.925],[127.802,0.716],[128.102,1.199],[128.545,1.448],[128.609,1.384],[128.632,1.022],[128.19,0.627],[128.642,0.431],[128.706,0.209],[128.037,0.367],[127.865,0.099],[127.946,-0.326],[128.37,-0.929],[128.299,-1.025],[127.636,-0.308],[127.631,-0.017]]],[[[122.949,-8.377],[122.696,-8.493],[122.711,-8.598],[121.694,-8.996],[121.276,-8.914],[120.971,-9.055],[119.935,-8.936],[119.84,-8.682],[120.025,-8.485],[120.565,-8.388],[121.279,-8.717],[121.98,-8.55],[122.166,-8.634],[122.715,-8.293],[122.692,-8.094],[122.863,-8.141],[122.949,-8.377]]],[[[130.784,-3.879],[129.781,-3.322],[129.595,-3.335],[129.579,-3.583],[129.031,-3.413],[128.915,-3.254],[128.376,-3.547],[128.042,-3.059],[128.289,-2.957],[128.909,-3],[129.168,-3.139],[129.743,-2.979],[130.369,-3.13],[130.725,-3.485],[130.784,-3.879]]],[[[117.938,-8.54],[117.677,-8.363],[117.806,-8.178],[118.13,-8.343],[118.42,-8.325],[118.462,-8.596],[118.761,-8.379],[118.971,-8.881],[118.689,-8.76],[118.275,-8.927],[118.216,-8.739],[117.974,-8.975],[117.277,-9.145],[116.663,-9.059],[116.663,-8.702],[116.958,-8.529],[117.514,-8.613],[117.554,-8.739],[117.817,-8.814],[118.033,-8.692],[117.938,-8.54]]],[[[106.553,-3.175],[105.995,-2.89],[105.812,-2.382],[105.2,-2.11],[105.427,-1.71],[105.656,-1.957],[105.863,-1.626],[106.037,-2.204],[106.329,-2.572],[106.643,-2.711],[106.471,-2.921],[106.553,-3.175]]],[[[120.28,-10.378],[119.032,-9.771],[118.9,-9.682],[118.949,-9.587],[119.789,-9.458],[120.581,-10.098],[120.28,-10.378]]],[[[138.176,-8.554],[137.676,-8.459],[138.193,-7.676],[138.568,-7.523],[138.895,-7.783],[138.699,-8.152],[138.176,-8.554]]],[[[126.66,-3.875],[126.15,-3.628],[126.111,-3.298],[126.727,-3.233],[127.094,-3.518],[127.112,-3.722],[126.66,-3.875]]],[[[115.072,-8.781],[114.458,-8.331],[115.084,-8.235],[115.5,-8.469],[115.072,-8.781]]],[[[114.074,4.455],[114.45,4.563],[114.745,4.984],[114.854,5.016],[114.878,4.856],[115.361,4.876],[115.418,5.111],[115.203,5.276],[115.292,5.454],[115.717,5.468],[115.787,5.74],[116.338,6.358],[116.596,6.899],[116.889,6.646],[117.031,6.837],[117.507,6.393],[117.37,5.789],[117.867,5.904],[117.762,5.58],[118.377,5.639],[119.043,5.17],[118.683,4.915],[118.108,4.939],[117.948,4.799],[118.391,4.374],[118.319,4.234],[117.589,4.048],[117.684,3.629],[117.074,3.507],[117.215,3.272],[117.139,3.171],[117.829,2.314],[117.73,1.799],[118.765,0.823],[118.218,0.758],[117.86,0.866],[117.534,0.611],[117.318,-0.14],[117.43,-0.622],[117.37,-1.004],[117.046,-0.935],[116.046,-1.934],[116.349,-2.417],[116.041,-2.443],[116.248,-2.798],[115.806,-3.536],[115.568,-3.804],[114.581,-4.295],[114.218,-3.432],[113.971,-3.363],[113.608,-3.611],[113.461,-3.383],[112.795,-2.971],[112.578,-3.423],[112.246,-3.398],[111.739,-3.647],[111.587,-2.796],[111.436,-2.974],[110.797,-3.172],[110.653,-2.988],[110.102,-3.079],[109.941,-1.643],[109.783,-1.306],[109.179,-0.869],[109.429,-0.71],[109.073,-0.405],[109.158,-0.075],[108.999,0.198],[109.932,0.191],[110.348,0.852],[110.549,0.726],[110.818,1.244],[111.12,1.27],[110.893,1.511],[111.372,2.599],[112.759,3.009],[113.188,3.615],[114.074,4.455]]]]}},{"type":"Feature","properties":{"NAME":"Ryazan","SUBJECTO":"Ryazan","PARTOF":"Ryazan","BORDERPRECISION":"1"},"bbox":[36.598,51.354,44.809,55.847],"geometry":{"type":"MultiPolygon","coordinates":[[[[43.673,53.477],[41.402,51.798],[40.415,51.354],[37.699,52.736],[36.86,52.095],[36.598,54.255],[37.255,54.218],[37.452,55.106],[38.39,55.057],[38.687,55.452],[39.378,55.847],[40.76,55.452],[40.563,54.761],[41.995,54.761],[43.081,54.909],[44.809,54.662],[43.673,53.477]]]]}},{"type":"Feature","properties":{"NAME":"Georgia","SUBJECTO":"Georgia","PARTOF":"Georgia","BORDERPRECISION":"1"},"bbox":[41.123,41.369,45.382,43.773],"geometry":{"type":"MultiPolygon","coordinates":[[[[45.382,42.623],[45.031,42.772],[44.872,42.666],[44.51,42.761],[43.957,42.591],[42.878,41.546],[42.25,41.369],[41.484,41.437],[41.666,41.729],[41.652,42.121],[41.41,42.788],[41.123,43.019],[41.31,43.557],[43.617,43.773],[45.382,42.623]]]]}},{"type":"Feature","properties":{"NAME":"Teutonic Knights","SUBJECTO":"Teutonic Knights","PARTOF":"Teutonic Knights","BORDERPRECISION":"1"},"bbox":[18.282,53.1,27.702,59.494],"geometry":{"type":"MultiPolygon","coordinates":[[[[27.651,56.28],[27.371,55.719],[26.245,55.896],[25.307,56.489],[24.715,56.34],[21.905,56.35],[21.142,56.127],[21.31,55.513],[21.67,55.513],[22.029,55.256],[21.926,54.948],[22.132,54.794],[22.08,54.589],[22.183,54.538],[22.234,54.127],[20.81,53.638],[20.428,53.778],[20.386,53.511],[20.078,53.511],[20.078,53.665],[18.59,53.1],[18.282,53.357],[18.685,54.254],[19.255,54.277],[19.758,54.459],[19.232,54.222],[19.328,54.161],[20.327,54.564],[19.833,54.531],[19.943,54.85],[21.137,54.845],[21.216,55.344],[20.916,56.097],[20.965,56.609],[21.324,56.854],[21.34,57.177],[21.677,57.464],[22.564,57.616],[23.414,56.892],[23.768,56.866],[24.266,57.03],[24.346,57.16],[24.236,57.728],[24.497,58.213],[24.331,58.308],[24.058,58.112],[23.671,58.241],[23.69,58.665],[23.512,58.581],[23.361,58.767],[23.416,59.119],[24.032,59.176],[24.751,59.448],[25.248,59.362],[25.449,59.494],[27.702,59.298],[27.511,57.611],[27.651,56.28]]]]}},{"type":"Feature","properties":{"NAME":"Pskov","SUBJECTO":"Pskov","PARTOF":"Pskov","BORDERPRECISION":"1"},"bbox":[27.511,56.567,28.813,58.938],"geometry":{"type":"MultiPolygon","coordinates":[[[[28.319,58.661],[28.418,57.92],[28.813,57.575],[28.813,56.883],[28.093,56.792],[28.017,56.567],[27.823,56.725],[27.606,56.707],[27.511,57.611],[27.661,58.938],[28.319,58.661]]]]}},{"type":"Feature","properties":{"NAME":"Grand Duchy of Moscow","SUBJECTO":"Grand Duchy of Moscow","PARTOF":"Grand Duchy of Moscow","BORDERPRECISION":"1"},"bbox":[26.479,54.218,62.662,68.856],"geometry":{"type":"MultiPolygon","coordinates":[[[[27.661,58.938],[27.702,59.298],[28.016,59.454],[27.897,59.534],[27.942,59.648],[28.266,59.562],[28.444,59.734],[28.796,59.672],[29.076,59.908],[29.765,59.736],[30.127,59.806],[29.687,60.131],[28.666,62.209],[27.232,63.354],[26.479,65.572],[27.098,66.834],[31.246,67.636],[32.644,67.046],[32.219,66.994],[32.754,66.649],[34.544,66.001],[34.726,65.615],[34.293,65.396],[34.885,64.367],[36.015,64.197],[36.24,63.919],[37.411,63.749],[37.945,63.85],[38.054,64.129],[37.88,64.308],[36.997,64.407],[36.569,64.765],[36.884,65.068],[39.193,64.511],[40.322,64.463],[40.462,64.75],[39.979,65.153],[39.823,65.436],[39.951,65.581],[41.354,65.955],[42.211,66.41],[44.029,66.011],[44.384,66.612],[44.219,67.09],[43.704,67.266],[44.261,67.83],[44.169,68.097],[43.822,68.327],[43.853,68.469],[44.012,68.492],[45.863,68.383],[46.634,67.701],[45.463,67.639],[45.093,67.542],[44.871,67.312],[45.715,66.85],[46.402,66.719],[47.571,66.816],[48.081,67.562],[52.245,68.545],[52.337,68.336],[52.72,68.351],[52.939,68.471],[53.006,68.681],[53.502,68.816],[53.889,68.787],[53.782,68.338],[53.316,68.233],[53.317,68.136],[53.626,68.048],[54.38,68.161],[54.752,68.05],[55.126,68.401],[55.723,68.536],[57.364,68.457],[58.77,68.856],[59.346,68.7],[59.062,68.497],[59.12,68.393],[59.762,68.297],[59.925,68.581],[60.512,68.59],[60.934,68.815],[62.662,61.101],[61.881,59.852],[58.293,58.425],[55.465,58.136],[45.965,57.735],[45.43,57.467],[44.809,54.662],[43.081,54.909],[41.995,54.761],[40.563,54.761],[40.76,55.452],[39.378,55.847],[38.687,55.452],[38.39,55.057],[37.452,55.106],[37.255,54.218],[36.218,54.267],[36.169,54.761],[34.49,54.711],[34.095,55.106],[34.441,56.242],[33.256,56.489],[32.417,57.278],[31.281,57.278],[30.738,56.982],[30.936,56.39],[30.689,55.896],[29.948,56.538],[29.06,56.538],[28.813,56.883],[28.813,57.575],[28.418,57.92],[28.319,58.661],[27.661,58.938]],[[34.611,61.641],[35.539,61.309],[35.665,61.099],[35.538,60.932],[36.033,60.993],[36.415,61.217],[36.456,61.362],[35.733,62.012],[35.776,62.509],[34.686,62.836],[34.602,62.757],[35.053,62.375],[34.865,62.607],[35.363,62.543],[35.548,62.206],[35.108,62.218],[35.204,62.036],[35.102,62.033],[34.507,62.566],[34.718,62.322],[34.488,62.417],[34.73,62.022],[34.249,62.177],[34.598,61.897],[34.38,61.825],[34.611,61.641]],[[30.079,61.264],[29.819,61.213],[30.437,60.879],[30.551,60.611],[31.066,60.141],[31.074,59.933],[31.536,59.94],[31.535,60.121],[31.824,60.236],[32.578,60.194],[32.611,60.482],[32.949,60.613],[32.537,61.089],[30.848,61.761],[30.614,61.558],[30.22,61.5],[30.238,61.319],[30.079,61.264]]]]}},{"type":"Feature","properties":{"NAME":"Poland-Lithuania","SUBJECTO":"Poland-Lithuania","PARTOF":"Poland-Lithuania","BORDERPRECISION":"1"},"bbox":[15.76,45.25,38.292,57.278],"geometry":{"type":"MultiPolygon","coordinates":[[[[37.601,51.403],[38.292,51.206],[38.136,49.049],[37.699,48.935],[37.502,48.441],[36.07,47.898],[31.951,46.865],[30.886,47.454],[28.368,45.331],[26.54,45.25],[26.731,45.474],[26.699,45.792],[25.902,46.876],[25.666,48.692],[24.161,48.987],[23.889,49.259],[21.771,49.592],[21.771,49.743],[21.317,49.864],[20.984,49.743],[20.803,49.834],[20.893,49.743],[20.681,49.652],[20.53,49.803],[20.016,49.803],[19.895,49.471],[19.562,49.531],[19.562,49.713],[19.381,49.803],[19.108,49.592],[18.927,49.622],[18.796,49.713],[18.646,50.645],[17.64,51.437],[17.553,51.655],[17.291,51.786],[17.204,51.611],[16.855,51.655],[16.855,51.917],[16.506,52.178],[16.506,52.004],[15.765,52.265],[15.76,52.571],[15.844,52.71],[16.053,52.716],[16.204,53.343],[16.416,53.525],[16.204,53.706],[16.658,53.858],[16.809,53.464],[16.809,53.858],[16.688,54.039],[17.747,54.433],[17.658,54.685],[18.279,54.724],[18.76,54.536],[18.338,54.603],[18.685,54.254],[18.282,53.357],[18.59,53.1],[20.078,53.665],[20.078,53.511],[20.386,53.511],[20.428,53.778],[20.81,53.638],[22.234,54.127],[22.183,54.538],[22.08,54.589],[22.132,54.794],[21.926,54.948],[22.029,55.256],[21.67,55.513],[21.31,55.513],[21.142,56.127],[21.905,56.35],[24.715,56.34],[25.307,56.489],[26.245,55.896],[27.371,55.719],[27.651,56.28],[27.606,56.707],[27.823,56.725],[28.017,56.567],[28.093,56.792],[28.813,56.883],[29.06,56.538],[29.948,56.538],[30.689,55.896],[30.936,56.39],[30.738,56.982],[31.281,57.278],[32.417,57.278],[33.256,56.489],[34.441,56.242],[34.095,55.106],[34.49,54.711],[36.169,54.761],[36.218,54.267],[36.598,54.255],[36.86,52.095],[37.601,51.403]]]]}},{"type":"Feature","properties":{"NAME":"Imperial Hungary","SUBJECTO":"Imperial Hungary","PARTOF":"Imperial Hungary","BORDERPRECISION":"1"},"bbox":[14.354,43.847,26.731,49.864],"geometry":{"type":"MultiPolygon","coordinates":[[[[14.354,45.323],[14.527,45.783],[14.798,45.865],[14.88,45.484],[15.424,45.43],[15.47,45.734],[16.122,45.582],[16.209,45.734],[16.079,45.886],[16.209,46.147],[16.448,46.104],[16.535,46.365],[16.296,46.408],[16.514,46.626],[16.448,46.93],[16.644,47.3],[16.622,47.735],[16.796,47.843],[17.408,47.822],[17.462,48.066],[17.218,48.066],[17.19,48.447],[17.353,48.963],[17.87,48.8],[18.114,48.854],[18.522,49.561],[19.108,49.592],[19.381,49.803],[19.562,49.713],[19.562,49.531],[19.895,49.471],[20.016,49.803],[20.53,49.803],[20.681,49.652],[20.893,49.743],[20.803,49.834],[20.984,49.743],[21.317,49.864],[21.771,49.743],[21.771,49.592],[23.889,49.259],[24.161,48.987],[25.666,48.692],[25.902,46.876],[26.699,45.792],[26.731,45.474],[26.54,45.25],[24.18,45.856],[23.543,45.856],[20.801,44.932],[19.785,44.936],[18.939,44.393],[17.754,44.393],[17.458,44.146],[16.865,44.245],[16.701,43.847],[15.75,44.098],[15.412,43.935],[15.149,44.24],[15.548,44.229],[14.989,44.54],[14.946,44.927],[14.354,45.323]]]]}},{"type":"Feature","properties":{"NAME":"Navarre","SUBJECTO":"Navarre","PARTOF":"Navarre","BORDERPRECISION":"1"},"bbox":[-2.675,41.769,-0.907,43.331],"geometry":{"type":"MultiPolygon","coordinates":[[[[-2.143,43.331],[-1.491,43.21],[-1.515,42.998],[-0.907,42.881],[-1.664,42.125],[-1.605,41.769],[-2.259,41.828],[-2.318,42.066],[-2.08,42.066],[-2.199,42.244],[-2.675,42.423],[-2.556,43.076],[-2.14,43.136],[-2.143,43.331]]]]}},{"type":"Feature","properties":{"NAME":"Castille","SUBJECTO":"Castille","PARTOF":"Castille","BORDERPRECISION":"1"},"bbox":[-9.271,36.008,-1.655,43.74],"geometry":{"type":"MultiPolygon","coordinates":[[[[-8.806,41.889],[-8.86,42.015],[-8.644,42.42],[-8.942,42.824],[-9.247,42.901],[-9.271,43.049],[-9.014,43.281],[-8.31,43.353],[-8.22,43.617],[-7.98,43.74],[-6.808,43.523],[-5.82,43.706],[-5.225,43.507],[-3.417,43.376],[-2.768,43.538],[-2.143,43.331],[-2.14,43.136],[-2.556,43.076],[-2.675,42.423],[-2.199,42.244],[-2.08,42.066],[-2.318,42.066],[-2.259,41.828],[-2.13,41.817],[-2.301,41.265],[-2.035,41.227],[-1.921,40.618],[-2.301,40.39],[-2.301,40.238],[-1.807,39.858],[-1.997,39.743],[-1.997,39.591],[-1.807,39.477],[-1.807,39.173],[-2.035,39.249],[-2.035,38.602],[-1.807,38.526],[-1.807,38.26],[-1.655,38.184],[-1.655,37.918],[-1.883,37.956],[-2.035,37.842],[-1.921,37.651],[-2.149,37.233],[-1.94,36.952],[-2.239,36.728],[-2.355,36.824],[-2.761,36.69],[-4.447,36.722],[-4.757,36.486],[-5.217,36.41],[-5.424,36.072],[-5.488,36.174],[-5.485,36.065],[-5.661,36.008],[-6.204,36.282],[-6.632,37.022],[-7.492,37.208],[-7.243,37.811],[-6.845,38.1],[-7.394,38.295],[-6.933,38.961],[-7.431,39.521],[-6.878,39.702],[-6.834,41.061],[-6.241,41.32],[-6.139,41.526],[-6.86,41.985],[-7.098,41.868],[-7.919,41.889],[-8.157,42.087],[-8.806,41.889]]]]}},{"type":"Feature","properties":{"NAME":"Wattasid Caliphate","SUBJECTO":"Wattasid Caliphate","PARTOF":"Wattasid Caliphate","BORDERPRECISION":"1"},"bbox":[-8.314,32.288,-1.61,35.862],"geometry":{"type":"MultiPolygon","coordinates":[[[[-2.193,35.054],[-2.077,34.826],[-1.738,34.605],[-1.664,34.205],[-1.61,33.048],[-1.802,32.427],[-2.872,32.288],[-4.888,32.402],[-8.314,33.338],[-7.004,33.875],[-6.511,34.454],[-5.929,35.728],[-5.565,35.862],[-5.172,35.424],[-4.593,35.151],[-3.441,35.166],[-3.009,35.39],[-2.83,35.142],[-2.193,35.054]]]]}},{"type":"Feature","properties":{"NAME":"Zayyanid Caliphate","SUBJECTO":"Zayyanid Caliphate","PARTOF":"Zayyanid Caliphate","BORDERPRECISION":"1"},"bbox":[-2.193,32.427,6.923,37.091],"geometry":{"type":"MultiPolygon","coordinates":[[[[6.503,32.733],[5.681,32.815],[-1.802,32.427],[-1.61,33.048],[-1.664,34.205],[-1.738,34.605],[-2.077,34.826],[-2.193,35.054],[-1.495,35.234],[-1.147,35.629],[-0.429,35.86],[-0.092,35.74],[0.474,36.225],[1.058,36.462],[2.524,36.573],[2.81,36.714],[3.324,36.651],[3.741,36.837],[5.383,36.675],[6.047,36.842],[6.323,37.091],[6.923,36.818],[6.503,32.733]]]]}},{"type":"Feature","properties":{"NAME":"Hafsid Caliphate","SUBJECTO":"Hafsid Caliphate","PARTOF":"Hafsid Caliphate","BORDERPRECISION":"1"},"bbox":[6.503,30.805,12.533,37.275],"geometry":{"type":"MultiPolygon","coordinates":[[[[8.637,36.885],[9.416,37.275],[10.021,37.2],[10.393,36.717],[11.024,37.068],[10.92,36.654],[10.633,36.424],[10.511,36.086],[10.989,35.622],[11.125,35.241],[10.839,34.801],[10.019,34.081],[10.413,33.631],[10.778,33.473],[11.099,33.537],[11.209,33.252],[12.117,32.879],[12.413,32.464],[12.533,30.805],[7.892,32.593],[6.503,32.733],[6.923,36.818],[7.307,37.061],[7.545,37.042],[7.913,36.775],[8.637,36.885]]]]}},{"type":"Feature","properties":{"NAME":"Mamluke Sultanate","SUBJECTO":"Mamluke Sultanate","PARTOF":"Mamluke Sultanate","BORDERPRECISION":"1"},"bbox":[12.117,17.702,41.923,38.368],"geometry":{"type":"MultiPolygon","coordinates":[[[[34.764,29.247],[34.241,27.759],[34.058,27.79],[33.331,28.551],[32.648,29.852],[32.438,29.776],[32.318,29.54],[32.649,28.766],[33.354,27.91],[33.929,26.564],[35.19,24.4],[32.514,23.733],[30.819,23.659],[29.345,24.028],[27.428,27.197],[25.438,28.008],[21.679,28.082],[17.002,28.751],[12.533,30.805],[12.413,32.464],[12.117,32.879],[12.565,32.74],[14.157,32.679],[14.433,32.464],[15.01,32.363],[15.241,32.173],[15.533,31.551],[15.843,31.285],[17.422,30.996],[18.915,30.205],[19.319,30.255],[19.982,30.722],[20.117,30.957],[19.942,31.611],[20.068,32.037],[20.516,32.388],[21.673,32.816],[22.216,32.791],[22.923,32.558],[23.153,32.139],[24.816,31.907],[25.258,31.438],[26.143,31.491],[27.763,31.183],[27.919,30.999],[28.517,30.962],[28.966,30.785],[29.249,30.754],[30.099,31.232],[30.996,31.469],[31.717,31.388],[31.808,31.178],[32.077,31.014],[32.309,31.084],[32.769,30.952],[33.021,31.132],[33.71,30.996],[34.195,31.238],[34.501,31.621],[34.843,32.671],[34.957,32.705],[35.532,34.119],[35.873,34.422],[35.751,34.747],[35.796,35.271],[35.607,35.418],[35.856,35.835],[35.665,36.134],[36.095,36.482],[35.891,36.771],[36.789,37.001],[36.494,37.369],[38.61,38.368],[39.206,38.208],[38.984,37.618],[37.952,37.323],[37.952,37.102],[38.395,36.586],[38.1,35.996],[38.906,36.006],[38.036,34.597],[37.212,33.566],[36.525,31.162],[36.593,29.787],[37.421,27.834],[40.18,24.028],[41.138,22.406],[41.812,21.713],[41.923,20.767],[40.82,19.685],[39.527,20.692],[39.167,21.219],[39.056,22.572],[38.49,23.613],[37.201,24.658],[37.218,25.167],[36.669,26.017],[35.436,27.73],[35.112,28.072],[34.764,28.097],[35.073,29.419],[34.985,29.467],[34.764,29.247]]],[[[37.255,19.652],[37.398,18.915],[38.527,18.161],[37.431,17.702],[36.45,18.07],[35.96,19.418],[36.695,20.398],[37.165,20.764],[37.255,19.652]]]]}},{"type":"Feature","properties":{"NAME":"Adal","SUBJECTO":"Adal","PARTOF":"Adal","BORDERPRECISION":"1"},"bbox":[41.507,9.507,44.281,11.778],"geometry":{"type":"MultiPolygon","coordinates":[[[[42.555,11.568],[43.368,11.456],[44.281,10.396],[43.497,9.729],[42.465,9.507],[42.023,10.392],[41.507,10.76],[41.654,11.35],[42.81,11.778],[42.555,11.568]]]]}},{"type":"Feature","properties":{"NAME":"Ethiopia","SUBJECTO":"Ethiopia","PARTOF":"Ethiopia","BORDERPRECISION":"1"},"bbox":[35.463,6.485,42.465,15.625],"geometry":{"type":"MultiPolygon","coordinates":[[[[42.023,10.392],[42.465,9.507],[41.568,10.313],[40.72,10.115],[40.805,9.53],[40.2,8.08],[39.142,7.114],[38.718,7.114],[38.605,6.597],[38.116,6.485],[35.978,7.444],[35.61,8.107],[35.463,9.581],[35.61,12.235],[36.421,14.888],[37.453,15.404],[38.19,15.625],[38.853,15.625],[39.443,14.962],[41.138,13.856],[41.433,12.751],[41.212,11.866],[40.696,11.276],[40.917,10.908],[41.507,10.76],[42.023,10.392]]]]}},{"type":"Feature","properties":{"NAME":"Alwa","SUBJECTO":"Alwa","PARTOF":"Alwa","BORDERPRECISION":"1"},"bbox":[31.63,16.289,34.209,18.279],"geometry":{"type":"MultiPolygon","coordinates":[[[[33.915,17.984],[34.209,17.247],[33.694,16.436],[33.251,16.51],[32.146,16.289],[31.703,16.51],[31.63,17.394],[31.925,17.763],[33.03,18.279],[33.915,17.984]]]]}},{"type":"Feature","properties":{"NAME":"Funj","SUBJECTO":"Funj","PARTOF":"Funj","BORDERPRECISION":"1"},"bbox":[31.777,10.982,34.578,16.51],"geometry":{"type":"MultiPolygon","coordinates":[[[[32.146,16.289],[33.251,16.51],[33.694,16.436],[34.209,15.699],[34.578,13.561],[34.578,12.751],[33.62,10.982],[32.367,10.982],[31.777,12.382],[31.851,14.888],[32.146,16.289]]]]}},{"type":"Feature","properties":{"NAME":"Mwenemutapa","SUBJECTO":"Mwenemutapa","PARTOF":"Mwenemutapa","BORDERPRECISION":"1"},"bbox":[28.018,-25.873,33.657,-16.069],"geometry":{"type":"MultiPolygon","coordinates":[[[[30.413,-25.873],[29.382,-25.873],[28.644,-24.914],[28.092,-22.777],[28.018,-21.229],[28.165,-19.681],[28.902,-18.207],[30.082,-16.364],[31.63,-16.069],[32.956,-16.069],[33.356,-16.539],[33.657,-18.649],[33.058,-23.082],[31.372,-25.283],[30.413,-25.873]]]]}},{"type":"Feature","properties":{"NAME":"Ndongo","SUBJECTO":"Ndongo","PARTOF":"Ndongo","BORDERPRECISION":"1"},"bbox":[15.236,-10.222,16.591,-9.121],"geometry":{"type":"MultiPolygon","coordinates":[[[[16.196,-9.121],[16.591,-9.46],[16.591,-9.883],[16.45,-10.081],[15.913,-10.222],[15.462,-10.109],[15.236,-9.883],[15.321,-9.347],[15.518,-9.178],[16.196,-9.121]]]]}},{"type":"Feature","properties":{"NAME":"Benin","SUBJECTO":"Benin","PARTOF":"Benin","BORDERPRECISION":"1"},"bbox":[3.949,4.328,7.365,8.724],"geometry":{"type":"MultiPolygon","coordinates":[[[[5.095,5.756],[4.634,6.212],[3.949,6.579],[5.338,8.724],[6.879,8.643],[7.365,7.913],[7.365,6.94],[6.089,4.328],[5.607,4.632],[5.333,5.248],[5.448,5.477],[5.095,5.756]]]]}},{"type":"Feature","properties":{"NAME":"Oyo","SUBJECTO":"Oyo","PARTOF":"Oyo","BORDERPRECISION":"1"},"bbox":[1.962,7.665,5.338,9.876],"geometry":{"type":"MultiPolygon","coordinates":[[[[3.215,9.876],[4.321,9.802],[4.849,9.489],[5.338,8.724],[4.823,7.93],[4.247,7.665],[3.363,7.665],[2.625,7.812],[1.962,8.402],[1.962,8.844],[2.331,9.581],[3.215,9.876]]]]}},{"type":"Feature","properties":{"NAME":"Akan","SUBJECTO":"Akan","PARTOF":"Akan","BORDERPRECISION":"1"},"bbox":[-3.942,4.698,0.536,6.264],"geometry":{"type":"MultiPolygon","coordinates":[[[[0.09,5.656],[-2.031,4.698],[-2.717,5.04],[-2.934,5.275],[-3.135,5.141],[-3.942,5.266],[-3.492,5.896],[-2.903,6.117],[-1.797,6.264],[-0.397,6.117],[0.536,5.72],[0.09,5.656]]]]}},{"type":"Feature","properties":{"NAME":"Songhai","SUBJECTO":"Songhai","PARTOF":"Songhai","BORDERPRECISION":"1"},"bbox":[-9.389,11.645,3.558,19.384],"geometry":{"type":"MultiPolygon","coordinates":[[[[-6.883,12.308],[-8.726,11.645],[-9.389,12.235],[-8.947,13.93],[-8.21,15.183],[-5.903,17.795],[-3.64,19.016],[-1.576,19.384],[-0.397,18.942],[1.192,17.056],[3.41,14.1],[3.558,13.287],[2.745,12.474],[1.932,12.326],[1.13,12.712],[-0.102,14.593],[-0.839,15.183],[-1.944,15.183],[-2.534,15.036],[-3.713,14.151],[-5.095,12.849],[-6.883,12.308]]]]}},{"type":"Feature","properties":{"NAME":"Mali","SUBJECTO":"Mali","PARTOF":"Mali","BORDERPRECISION":"1"},"bbox":[-17.433,11.424,-5.903,18.674],"geometry":{"type":"MultiPolygon","coordinates":[[[[-17.221,14.725],[-17.433,14.807],[-16.865,15.298],[-16.45,16.118],[-16.379,16.716],[-16.041,17.67],[-16.056,18.674],[-12.042,18.426],[-9.094,18.647],[-7.104,18.426],[-5.903,17.795],[-8.21,15.183],[-8.947,13.93],[-9.389,12.235],[-10.949,11.427],[-11.748,11.424],[-12.706,12.014],[-14.254,13.488],[-16.471,13.723],[-17.221,14.725]]]]}},{"type":"Feature","properties":{"NAME":"Unknown","SUBJECTO":"","PARTOF":"","BORDERPRECISION":"1"},"bbox":[-17.046,5.527,43.475,33.338],"geometry":{"type":"MultiPolygon","coordinates":[[[[3.41,14.1],[1.192,17.056],[-0.397,18.942],[-1.576,19.384],[-3.64,19.016],[-5.903,17.795],[-7.104,18.426],[-9.094,18.647],[-12.042,18.426],[-16.056,18.674],[-16.472,19.366],[-16.27,19.684],[-16.269,20.364],[-16.711,20.89],[-16.845,20.941],[-17.021,20.744],[-17.046,20.833],[-16.984,21.595],[-16.806,21.99],[-16.353,22.493],[-15.714,23.873],[-14.82,24.733],[-14.66,25.636],[-14.367,26.119],[-13.629,26.591],[-13.06,27.673],[-12.866,27.857],[-11.576,28.229],[-10.339,29.146],[-9.87,29.643],[-9.603,30.184],[-9.817,30.755],[-9.813,31.289],[-9.318,31.964],[-9.219,32.58],[-8.314,33.338],[-4.888,32.402],[-4.051,32.288],[5.681,32.815],[7.892,32.593],[12.533,30.805],[17.002,28.751],[21.679,28.082],[25.438,28.008],[27.428,27.197],[29.345,24.028],[30.819,23.659],[32.514,23.733],[35.19,24.4],[35.725,23.912],[35.468,23.721],[35.746,22.914],[36.66,22.167],[37.128,21.227],[37.165,20.764],[36.695,20.398],[35.96,19.418],[36.45,18.07],[37.431,17.702],[38.527,18.161],[38.686,18.003],[39.518,15.463],[39.796,15.089],[39.898,15.502],[40.39,14.906],[40.739,14.919],[41.705,13.93],[42.079,13.861],[42.357,13.468],[42.408,13.175],[43.33,12.434],[43.475,12.098],[41.654,11.35],[41.507,10.76],[40.917,10.908],[40.696,11.276],[41.212,11.866],[41.433,12.751],[41.138,13.856],[39.443,14.962],[38.853,15.625],[38.19,15.625],[37.453,15.404],[36.421,14.888],[35.61,12.235],[35.463,9.581],[35.61,8.107],[35.978,7.444],[38.116,6.485],[38.319,6.496],[35.578,5.527],[33.022,6.865],[32.349,9.528],[32.847,10.105],[31.745,10.248],[30.787,11.227],[30.6,11.116],[24.074,11.182],[23.2,11.775],[20.673,11.956],[18.628,10.169],[15.657,11.306],[14.713,12.507],[15.819,13.119],[15.819,14.298],[15.008,15.036],[13.313,20.973],[12.429,21.006],[11.986,20.343],[11.765,16.215],[10.807,14.593],[10.07,14.225],[9.112,14.52],[8.301,14.52],[3.779,13.656],[3.558,12.178],[3.692,13.077],[3.394,13.123],[3.558,13.287],[3.41,14.1]],[[34.578,12.751],[34.578,13.561],[34.209,15.699],[33.694,16.436],[34.209,17.247],[33.915,17.984],[33.03,18.279],[31.925,17.763],[31.63,17.394],[31.703,16.51],[32.146,16.289],[31.851,14.888],[31.777,12.382],[32.367,10.982],[33.62,10.982],[34.578,12.751]]]]}},{"type":"Feature","properties":{"NAME":"Hausa States","SUBJECTO":"Hausa States","PARTOF":"Hausa States","BORDERPRECISION":"1"},"bbox":[3.558,10.908,10.727,14.52],"geometry":{"type":"MultiPolygon","coordinates":[[[[9.849,10.908],[7.183,11.049],[4.666,11.513],[3.558,12.178],[3.779,13.656],[8.301,14.52],[9.112,14.52],[10.07,14.225],[10.727,11.291],[9.849,10.908]]]]}},{"type":"Feature","properties":{"NAME":"Bornu-Kanem","SUBJECTO":"Bornu-Kanem","PARTOF":"Bornu-Kanem","BORDERPRECISION":"1"},"bbox":[8.336,3.067,15.819,21.006],"geometry":{"type":"MultiPolygon","coordinates":[[[[8.336,3.187],[8.478,3.557],[8.827,3.612],[8.576,3.067],[8.336,3.187]]],[[[10.07,14.225],[10.807,14.593],[11.765,16.215],[11.986,20.343],[12.429,21.006],[13.313,20.973],[15.008,15.036],[15.819,14.298],[15.819,13.119],[12.355,11.203],[10.727,11.291],[10.07,14.225]]]]}},{"type":"Feature","properties":{"NAME":"Yemen","SUBJECTO":"Yemen","PARTOF":"Yemen","BORDERPRECISION":"1"},"bbox":[42.764,12.64,46.878,17.694],"geometry":{"type":"MultiPolygon","coordinates":[[[[46.878,13.474],[45.826,13.405],[45.193,12.934],[44.681,12.825],[44.441,12.64],[43.841,12.664],[43.56,12.86],[43.303,13.241],[43.348,13.851],[42.796,15.47],[42.884,15.985],[42.764,16.645],[45.24,17.694],[46.277,17.118],[46.659,15.425],[46.335,14.097],[46.711,13.936],[46.878,13.474]]]]}},{"type":"Feature","properties":{"NAME":"Hadramaut","SUBJECTO":"Hadramaut","PARTOF":"Hadramaut","BORDERPRECISION":"1"},"bbox":[46.335,13.474,59.837,22.279],"geometry":{"type":"MultiPolygon","coordinates":[[[[46.335,14.097],[46.659,15.425],[47.838,16.422],[50.511,17.147],[53.955,19.73],[56.946,20.636],[58.18,21.849],[59.837,22.279],[58.861,21.114],[58.512,20.421],[57.931,20.401],[57.806,20.172],[57.839,19.035],[56.904,18.817],[56.458,18.092],[56.258,17.977],[55.561,17.937],[55.29,17.676],[55.195,17.149],[54.911,16.97],[54.084,17.019],[52.894,16.61],[52.238,16.1],[52.135,15.687],[51.95,15.541],[49.334,14.633],[48.765,14.098],[48.036,14.045],[46.878,13.474],[46.711,13.936],[46.335,14.097]]]]}},{"type":"Feature","properties":{"NAME":"Muscat","SUBJECTO":"Muscat","PARTOF":"Muscat","BORDERPRECISION":"1"},"bbox":[50.569,21.849,59.837,26.236],"geometry":{"type":"MultiPolygon","coordinates":[[[[57.396,23.837],[58.081,23.502],[58.628,23.458],[59.254,22.729],[59.837,22.279],[58.18,21.849],[57.621,22.705],[56.412,23.452],[53.993,23.107],[50.569,23.854],[50.968,24.436],[50.847,25.265],[51.069,25.945],[51.217,26.066],[51.358,26.029],[51.587,25.609],[51.606,24.987],[51.288,24.411],[51.291,24.281],[51.606,24.203],[51.586,24.003],[51.946,23.945],[52.383,24.108],[53.687,23.987],[54.017,24.05],[54.006,24.182],[54.347,24.154],[54.771,24.733],[55.457,25.42],[56.015,25.772],[56.367,26.236],[56.405,25.861],[56.161,25.473],[56.366,25.455],[56.405,24.82],[56.794,24.268],[57.396,23.837]]]]}},{"type":"Feature","properties":{"NAME":"Arabs","SUBJECTO":"Arabs","PARTOF":"Arabs","BORDERPRECISION":"1"},"bbox":[36.525,15.425,58.18,34.597],"geometry":{"type":"MultiPolygon","coordinates":[[[[40.82,19.685],[41.923,20.767],[41.812,21.713],[41.138,22.406],[40.18,24.028],[37.421,27.834],[36.593,29.787],[36.525,31.162],[37.212,33.566],[38.036,34.597],[39.342,34.597],[40.029,34.391],[44.083,30.337],[44.839,29.993],[45.87,29.856],[46.905,29.438],[47.845,29.503],[47.614,29.272],[47.804,29.185],[48.129,29.268],[48.855,27.523],[49.244,27.479],[49.152,27.372],[49.322,27.162],[49.931,26.934],[50.122,26.738],[49.934,26.483],[50.076,26.312],[49.937,25.956],[50.147,25.536],[50.382,25.461],[50.607,24.68],[50.968,24.436],[50.569,23.854],[53.993,23.107],[56.412,23.452],[57.621,22.705],[58.18,21.849],[56.946,20.636],[53.955,19.73],[50.511,17.147],[47.838,16.422],[46.659,15.425],[46.277,17.118],[45.24,17.694],[42.764,16.645],[42.207,17.515],[41.629,18.047],[40.82,19.685]]]]}},{"type":"Feature","properties":{"NAME":"Emirate of the White Sheep Turks","SUBJECTO":"Emirate of the White Sheep Turks","PARTOF":"Emirate of the White Sheep Turks","BORDERPRECISION":"1"},"bbox":[37.952,25.298,60.48,43.862],"geometry":{"type":"MultiPolygon","coordinates":[[[[46.905,29.438],[45.87,29.856],[44.839,29.993],[44.083,30.337],[40.029,34.391],[39.342,34.597],[38.036,34.597],[38.906,36.006],[38.1,35.996],[38.395,36.586],[37.952,37.102],[37.952,37.323],[38.984,37.618],[39.206,38.208],[38.61,38.368],[39.148,38.622],[41.212,40.244],[41.484,41.437],[42.25,41.369],[42.878,41.546],[43.957,42.591],[45.031,42.772],[45.478,42.549],[45.808,42.538],[45.754,42.251],[45.914,42.123],[46.85,41.836],[47.35,41.442],[47.35,41.304],[47.988,41.219],[48.224,41.471],[47.249,42.785],[47.195,43.376],[47.52,43.511],[47.736,43.862],[47.574,43.502],[47.655,43.277],[47.565,43.008],[47.79,42.855],[47.844,42.621],[48.5,41.929],[48.892,41.687],[49.605,40.687],[50.19,40.57],[50.467,40.325],[50.031,40.347],[49.573,40.176],[49.403,39.485],[49.488,39.294],[49.339,39.283],[49.275,39.017],[49.041,39.145],[48.946,38.836],[48.745,37.727],[48.837,37.511],[50.039,37.225],[50.561,36.686],[51.417,36.456],[53.984,36.782],[57.19,30.763],[59.18,28.478],[60.48,25.298],[59.031,25.308],[58.744,25.536],[57.9,25.541],[57.255,25.793],[56.79,26.974],[56.431,27.107],[55.425,26.963],[55.34,26.799],[54.646,26.391],[54.065,26.701],[52.891,27.052],[52.41,27.581],[51.611,27.827],[51.35,28.036],[50.702,29.134],[50.705,29.401],[50.132,30.066],[49.718,30.002],[49.321,30.103],[49.222,30.477],[48.946,30.388],[48.714,30],[47.957,29.948],[47.996,29.49],[46.905,29.438]]]]}},{"type":"Feature","properties":{"NAME":"Sultanate of Delhi","SUBJECTO":"Sultanate of Delhi","PARTOF":"Sultanate of Delhi","BORDERPRECISION":"1"},"bbox":[72.816,23.245,86.231,34.946],"geometry":{"type":"MultiPolygon","coordinates":[[[[72.816,31.058],[75.333,34.946],[77.978,34.873],[77.313,34.006],[77.239,33.122],[77.534,32.09],[80.054,29.982],[80.673,29.683],[80.103,29.015],[83.079,27.277],[84.509,27.312],[84.968,27.613],[86.231,27.004],[85.273,24.203],[83.136,24.793],[82.546,24.793],[82.693,24.277],[83.652,23.908],[83.725,23.687],[82.546,23.245],[80.924,23.687],[78.951,23.959],[78.277,24.296],[77.772,25.644],[76.428,27.52],[74.88,27.962],[74.585,30.689],[72.816,31.058]]]]}},{"type":"Feature","properties":{"NAME":"Bengal","SUBJECTO":"Bengal","PARTOF":"Bengal","BORDERPRECISION":"1"},"bbox":[82.546,19.605,92.034,27.004],"geometry":{"type":"MultiPolygon","coordinates":[[[[90,22.325],[90,21.93],[89.87,22.133],[89.67,21.72],[89.457,21.942],[89.234,21.655],[89.072,21.774],[89.026,21.547],[88.723,21.54],[88.568,21.895],[88.3,21.552],[88.053,21.939],[87.641,21.563],[86.937,21.288],[86.796,21.136],[86.926,20.691],[86.632,20.204],[86.119,19.807],[85.379,19.605],[84.684,20.212],[82.546,23.245],[83.725,23.687],[83.652,23.908],[82.693,24.277],[82.546,24.793],[83.136,24.793],[85.273,24.203],[86.231,27.004],[88.664,26.414],[91.022,26.414],[91.547,26.285],[92.034,25.426],[91.41,22.721],[91.081,22.561],[90,22.561],[90,22.325]]]]}},{"type":"Feature","properties":{"NAME":"Tibet","SUBJECTO":"Tibet","PARTOF":"Tibet","BORDERPRECISION":"1"},"bbox":[77.239,26.285,102.406,37.102],"geometry":{"type":"MultiPolygon","coordinates":[[[[77.534,32.09],[77.239,33.122],[77.313,34.006],[77.978,34.873],[82.693,34.743],[86.821,35.112],[89.917,35.186],[90,36.512],[91.686,36.365],[95.519,37.102],[101.688,36.307],[102.406,33.721],[100.682,28.691],[98.637,27.479],[98.216,27.546],[98.009,28.091],[97.83,28.286],[97.478,28.392],[97.34,28.182],[95.478,27.909],[94.837,27.567],[94.324,26.883],[92.401,26.584],[91.547,26.285],[91.022,26.414],[88.664,26.414],[86.231,27.004],[84.968,27.613],[85.862,28.201],[83.543,29.285],[82.036,30.191],[81.108,30.191],[80.673,29.683],[80.054,29.982],[77.534,32.09]]]]}},{"type":"Feature","properties":{"NAME":"Golden Horde","SUBJECTO":"Golden Horde","PARTOF":"Golden Horde","BORDERPRECISION":"1"},"bbox":[36.86,41.219,56.674,58.259],"geometry":{"type":"MultiPolygon","coordinates":[[[[56.674,58.259],[52.854,46.938],[52.556,46.982],[52.142,46.838],[51.675,47.036],[51.117,47.063],[49.948,46.56],[49.535,46.542],[48.833,46.083],[48.77,45.885],[48.635,45.975],[48.303,45.768],[47.628,45.732],[47.655,45.543],[47.17,44.86],[46.873,44.68],[46.846,44.446],[47.332,44.186],[47.565,43.844],[47.493,43.583],[47.195,43.376],[47.249,42.785],[48.224,41.471],[47.988,41.219],[47.35,41.304],[47.35,41.442],[46.85,41.836],[45.914,42.123],[45.754,42.251],[45.808,42.538],[45.478,42.549],[43.617,43.773],[41.31,43.557],[42.524,47.051],[44.364,49.429],[43.673,50.86],[42.587,50.91],[40.026,49.08],[38.136,49.049],[38.292,51.206],[37.601,51.403],[36.86,52.095],[37.699,52.736],[40.415,51.354],[41.402,51.798],[43.673,53.477],[44.809,54.662],[45.43,57.467],[45.965,57.735],[56.674,58.259]]]]}},{"type":"Feature","properties":{"NAME":"Vijayanagara","SUBJECTO":"Vijayanagara","PARTOF":"Vijayanagara","BORDERPRECISION":"1"},"bbox":[73.494,8.028,80.46,16.312],"geometry":{"type":"MultiPolygon","coordinates":[[[[76.248,10.104],[75.211,12.102],[74.734,13.683],[73.494,16.288],[74.376,16.312],[75.067,15.966],[76.103,15.966],[76.91,16.312],[77.485,16.312],[80.46,15.773],[80.089,15.175],[80.17,13.892],[80.076,13.669],[80.32,13.333],[80.313,13.104],[79.711,11.445],[79.826,10.359],[79.79,10.251],[79.222,10.192],[78.927,9.493],[79.16,9.277],[78.314,8.996],[78.065,8.385],[77.419,8.028],[76.704,8.706],[76.248,10.104]]]]}},{"type":"Feature","properties":{"NAME":"Arakan","SUBJECTO":"Arakan","PARTOF":"Arakan","BORDERPRECISION":"1"},"bbox":[91.41,20.405,92.881,24.093],"geometry":{"type":"MultiPolygon","coordinates":[[[[92.827,20.424],[92.663,20.405],[92.176,20.887],[91.846,21.909],[91.41,22.721],[91.717,24.093],[92.881,21.902],[92.827,20.424]]]]}},{"type":"Feature","properties":{"NAME":"Champa","SUBJECTO":"Champa","PARTOF":"Champa","BORDERPRECISION":"1"},"bbox":[106.854,10.367,109.061,12.354],"geometry":{"type":"MultiPolygon","coordinates":[[[[109.048,11.934],[109.061,11.591],[108.696,11.145],[108.164,10.966],[107.412,10.367],[106.854,10.576],[107.385,12.354],[109.048,11.934]]]]}},{"type":"Feature","properties":{"NAME":"Laos","SUBJECTO":"Laos","PARTOF":"Laos","BORDERPRECISION":"1"},"bbox":[101.646,17.451,105.574,20.966],"geometry":{"type":"MultiPolygon","coordinates":[[[[103.972,19.269],[104.812,18.722],[105.574,17.881],[104.933,17.451],[104.111,17.999],[101.646,17.999],[101.657,19.661],[101.851,20.532],[102.98,20.966],[103.358,20.053],[103.972,19.269]]]]}},{"type":"Feature","properties":{"NAME":"Đại Việt","SUBJECTO":"Đại Việt","PARTOF":"Đại Việt","BORDERPRECISION":"1"},"bbox":[102.98,11.934,109.307,21.902],"geometry":{"type":"MultiPolygon","coordinates":[[[[107.374,20.881],[106.807,20.905],[106.772,20.638],[106.381,20.11],[105.843,19.702],[105.533,18.844],[106.364,18.007],[106.433,17.55],[106.622,17.328],[107.809,16.283],[108.095,16.252],[108.499,15.363],[108.786,15.091],[109.307,12.906],[109.068,12.487],[109.048,11.934],[107.385,12.354],[107.515,13.422],[107.297,14.176],[107.463,14.997],[107.338,15.453],[107.1,15.668],[107.108,16.17],[106.426,16.718],[104.812,18.722],[103.899,19.313],[103.358,20.053],[102.98,20.966],[105.412,21.902],[106.234,21.697],[107.466,20.976],[107.374,20.881]]]]}},{"type":"Feature","properties":{"NAME":"Ming Empire","SUBJECTO":"Ming Empire","PARTOF":"Ming Empire","BORDERPRECISION":"1"},"bbox":[95.15,19.661,131.865,43.29],"geometry":{"type":"MultiPolygon","coordinates":[[[[114.046,22.34],[114.022,22.228],[113.836,22.214],[114.046,22.34]]],[[[114.084,22.528],[114.309,22.554],[114.413,22.437],[114.263,22.204],[114.134,22.172],[114.161,22.314],[113.901,22.407],[114.084,22.528]]],[[[100.682,28.691],[102.406,33.721],[101.688,36.307],[95.519,37.102],[95.15,37.692],[95.592,38.945],[102.926,39.018],[119.604,42.03],[131.865,43.29],[131.584,43.213],[129.641,41.656],[125.296,39.364],[124.922,39.619],[124.443,39.573],[124.104,39.885],[123.039,39.672],[121.065,38.75],[121.66,39.332],[121.282,39.35],[121.239,39.554],[122.108,40.354],[121.754,40.737],[121.368,40.871],[121.011,40.851],[120.273,40.152],[119.385,39.843],[118.978,39.224],[118.275,39],[118.07,39.254],[117.753,39.203],[117.44,38.603],[117.479,38.45],[117.841,38.164],[118.745,38.064],[118.875,37.949],[118.812,37.446],[118.955,37.077],[119.599,37.117],[120.169,37.576],[120.658,37.736],[121.434,37.337],[122.393,37.301],[122.256,36.734],[121.61,36.834],[120.537,36.387],[120.505,36.056],[120.27,35.985],[120.139,36.195],[119.914,36.143],[119.907,35.768],[119.003,34.939],[119.021,34.692],[119.974,34.135],[120.34,33.336],[120.641,33.045],[120.661,32.543],[121.051,32.328],[121.645,31.688],[121.268,31.452],[121.499,31.281],[121.64,30.926],[121.569,30.71],[119.944,30.116],[120.438,29.997],[121.083,30.214],[121.774,29.764],[121.362,29.414],[121.649,29.32],[121.26,28.182],[121.166,28.125],[121.009,28.277],[120.352,27.177],[119.857,26.706],[119.429,26.591],[119.555,26.267],[119.429,25.651],[119.096,25.441],[118.813,24.849],[118.346,24.467],[117.925,24.562],[117.796,24.422],[117.849,24.047],[117.406,23.69],[116.452,23.25],[116.341,22.913],[115.86,22.836],[115.707,22.639],[115.186,22.746],[114.559,22.465],[114.537,22.675],[113.717,22.482],[113.463,22.774],[113.378,22.164],[113.097,21.979],[112.871,22.061],[112.75,21.756],[112.04,21.659],[111.831,21.754],[111.434,21.461],[111.086,21.479],[110.566,21.231],[110.239,21.281],[110.077,20.867],[110.434,20.436],[109.928,20.245],[109.603,20.879],[109.78,21.483],[109.516,21.597],[109.117,21.399],[108.813,21.494],[108.555,21.823],[108.387,21.531],[107.9,21.479],[107.418,21.186],[107.466,20.976],[106.234,21.697],[105.412,21.902],[101.851,20.532],[101.657,19.661],[100.435,20.036],[100.377,20.302],[99.841,20.482],[99.592,22.998],[98.564,24.71],[98.637,27.479],[100.682,28.691]]]]}},{"type":"Feature","properties":{"NAME":"Ayutthaya","SUBJECTO":"Ayutthaya","PARTOF":"Ayutthaya","BORDERPRECISION":"1"},"bbox":[97.573,3.225,107.48,20.482],"geometry":{"type":"MultiPolygon","coordinates":[[[[99.965,20.42],[100.377,20.302],[100.435,20.036],[101.657,19.661],[101.646,17.999],[104.111,17.999],[104.933,17.451],[105.574,17.881],[106.426,16.718],[107.108,16.17],[107.1,15.668],[107.434,15.257],[107.297,14.176],[107.48,13.257],[105.016,13.406],[103.657,12.846],[102.671,12.038],[101.724,12.655],[101.329,12.559],[100.872,12.679],[100.909,13.447],[100.24,13.49],[99.93,13.261],[100.023,12.994],[99.834,12.524],[99.895,12.079],[99.186,10.489],[99.119,9.371],[99.298,9.162],[99.837,9.226],[99.866,8.712],[100.009,8.49],[100.132,8.532],[100.345,7.44],[100.54,7.049],[101.56,6.74],[101.68,6.464],[102.325,6.099],[103.114,5.148],[103.379,4.545],[103.334,3.394],[101.837,3.46],[101.264,3.225],[100.664,3.904],[100.608,4.552],[100.38,5.021],[100.139,6.177],[100.222,6.521],[99.834,6.539],[99.663,6.71],[99.572,7.263],[99.294,7.319],[99.025,7.871],[98.545,8.264],[98.292,8.156],[98.195,8.327],[98.251,8.937],[98.633,10.101],[98.432,10.202],[98.398,10.564],[98.867,11.645],[98.59,11.695],[98.677,12.051],[98.597,12.737],[97.823,14.616],[97.573,16.445],[99.841,20.482],[99.965,20.42]]]]}},{"type":"Feature","properties":{"NAME":"Burmese kingdoms","SUBJECTO":"Burmese kingdoms","PARTOF":"Burmese kingdoms","BORDERPRECISION":"1"},"bbox":[91.547,17.264,99.841,28.412],"geometry":{"type":"MultiPolygon","coordinates":[[[[94.465,17.264],[94.42,18.141],[94.054,19.061],[93.966,19.194],[93.839,18.953],[93.458,19.174],[93.815,19.258],[93.724,19.594],[93.334,20.025],[93.066,19.993],[92.894,20.113],[92.881,21.902],[91.717,24.093],[92.034,25.426],[91.547,26.285],[92.401,26.584],[94.324,26.883],[94.837,27.567],[95.478,27.909],[97.34,28.182],[97.603,28.412],[98.009,28.091],[98.216,27.546],[98.637,27.479],[98.564,24.71],[99.592,22.998],[99.841,20.482],[98.67,18.397],[95.894,17.793],[94.465,17.264]]]]}},{"type":"Feature","properties":{"NAME":"Pegu","SUBJECTO":"Pegu","PARTOF":"Pegu","BORDERPRECISION":"1"},"bbox":[94.144,15.678,98.67,18.397],"geometry":{"type":"MultiPolygon","coordinates":[[[[96.983,17.244],[96.77,17.333],[96.663,16.697],[95.714,16.155],[95.33,15.678],[95.22,16.002],[94.828,15.842],[94.819,16.21],[94.304,15.949],[94.144,16.006],[94.465,17.264],[95.894,17.793],[98.67,18.397],[97.573,16.445],[97.352,16.527],[96.983,17.244]]]]}},{"type":"Feature","properties":{"NAME":"Holy Roman Empire","SUBJECTO":"Holy Roman Empire","PARTOF":"Holy Roman Empire","BORDERPRECISION":"1"},"bbox":[1.796,41.35,18.927,54.685],"geometry":{"type":"MultiPolygon","coordinates":[[[[9.459,42.556],[9.305,41.575],[9.173,41.35],[9.039,41.369],[8.727,41.561],[8.823,41.688],[8.627,41.732],[8.742,41.882],[8.562,41.882],[8.668,42.029],[8.511,42.134],[8.628,42.262],[8.5,42.36],[9.018,42.691],[9.238,42.664],[9.303,42.983],[9.459,42.556]]],[[[14.205,53.813],[13.828,53.83],[13.778,54.044],[14.205,53.813]]],[[[14.334,53.83],[14.227,53.91],[14.473,53.877],[14.334,53.83]]],[[[8.586,53.793],[9.125,53.79],[8.857,53.867],[8.819,53.969],[8.946,54.015],[8.779,54.132],[9.056,54.349],[9.449,54.189],[10.213,54.372],[10.649,54.259],[11.039,54.313],[11.016,54.097],[10.717,53.964],[11.202,53.857],[12.943,54.347],[13.431,54.03],[13.668,54.084],[13.85,53.729],[14.537,53.538],[14.467,53.91],[15.898,54.128],[16.473,54.415],[17.658,54.685],[17.747,54.433],[16.688,54.039],[16.809,53.858],[16.809,53.464],[16.658,53.858],[16.204,53.706],[16.416,53.525],[16.204,53.343],[16.053,52.716],[15.844,52.71],[15.76,52.571],[15.765,52.265],[16.506,52.004],[16.506,52.178],[16.855,51.917],[16.855,51.655],[17.204,51.611],[17.291,51.786],[17.553,51.655],[17.64,51.437],[18.646,50.645],[18.796,49.713],[18.927,49.622],[18.522,49.561],[18.114,48.854],[17.87,48.8],[17.353,48.963],[17.19,48.447],[17.218,48.066],[17.462,48.066],[17.408,47.822],[16.796,47.843],[16.622,47.735],[16.644,47.3],[16.448,46.93],[16.514,46.626],[16.296,46.408],[16.535,46.365],[16.448,46.104],[16.209,46.147],[16.079,45.886],[16.209,45.734],[16.122,45.582],[15.47,45.734],[15.424,45.43],[14.88,45.484],[14.798,45.865],[14.527,45.783],[14.354,45.323],[14.076,45.276],[13.99,45.42],[14.219,45.477],[14.076,45.678],[13.368,45.694],[13.725,46.646],[13.709,46.839],[13.292,47.064],[12.075,46.928],[11.74,46.752],[11.908,46.414],[11.571,46.245],[11.571,45.975],[11.233,46.009],[11.166,45.739],[10.93,45.84],[10.795,45.638],[10.66,45.807],[10.525,45.739],[10.457,46.212],[10.558,46.718],[10.396,46.887],[10.372,46.566],[10.024,46.621],[9.987,46.498],[10.097,46.439],[9.995,46.252],[9.885,46.403],[9.545,46.312],[9.695,45.78],[9.506,45.515],[9.846,45.704],[9.998,45.401],[10.824,45.353],[10.856,45.051],[11.17,45.067],[11.339,44.855],[11.173,44.606],[11.289,44.456],[11.14,44.34],[11.202,44.143],[11.455,44.274],[11.704,44.224],[11.738,44.357],[11.904,44.324],[11.937,44.091],[12.086,44.174],[12.037,43.925],[12.219,43.892],[12.12,43.477],[12.302,43.278],[12.153,43.062],[12.169,42.63],[11.96,42.007],[10.743,42.851],[10.292,43.705],[9.692,44.22],[8.672,44.417],[7.98,43.965],[7.397,43.764],[7.355,43.902],[6.923,43.815],[6.997,44.05],[6.787,44.198],[6.87,44.349],[6.783,44.548],[7.003,44.72],[6.943,44.869],[6.28,45.199],[6.219,45.347],[5.947,45.26],[5.607,45.847],[5.357,45.876],[5.357,46.053],[5.533,46.009],[5.533,46.097],[5.268,46.318],[5.416,46.524],[5.725,46.48],[5.626,46.649],[5.794,46.997],[5.667,47.108],[5.918,47.595],[5.82,47.735],[5.96,47.804],[5.96,47.985],[6.252,47.957],[6.238,48.291],[5.946,48.347],[6.015,48.653],[5.834,48.778],[6.001,48.904],[5.876,49.071],[5.723,48.959],[5.612,49.21],[5.909,49.201],[5.361,49.697],[3.82,50.039],[3.483,49.92],[2.907,49.943],[2.677,50.151],[2.401,50.197],[1.987,50.082],[1.987,50.22],[1.826,50.243],[1.796,50.921],[2.443,51.048],[2.995,51.313],[3.681,51.321],[3.743,51.46],[3.52,51.579],[4.264,52.071],[4.719,52.802],[5.008,52.856],[5.235,52.623],[5.006,52.557],[4.95,52.278],[5.473,52.177],[5.757,52.334],[5.817,52.521],[5.556,52.587],[5.653,52.75],[5.326,52.79],[5.39,53.139],[5.966,53.335],[6.751,53.39],[7.16,53.164],[6.981,53.317],[7.037,53.51],[7.332,53.604],[7.969,53.638],[8.099,53.444],[8.029,53.373],[8.175,53.322],[8.189,53.531],[8.502,53.449],[8.429,53.612],[8.586,53.793]],[[6.868,47.187],[6.546,46.958],[6.729,46.878],[7.213,47.122],[7.008,46.637],[7.257,46.44],[7.44,45.923],[7.82,45.928],[8.143,46.152],[8.077,46.294],[8.655,46.531],[8.89,46.274],[9,46.309],[8.824,46.582],[9.498,46.793],[9.483,47.182],[9.681,47.435],[9.617,47.496],[9.752,47.511],[9.043,47.818],[9.218,47.666],[8.531,47.806],[8.406,47.692],[8.509,47.599],[7.571,47.584],[6.868,47.187]],[[6.449,46.474],[6.148,46.207],[6.304,46.366],[6.931,46.408],[6.449,46.474]]]]}},{"type":"Feature","properties":{"NAME":"Guanches","SUBJECTO":"Guanches","PARTOF":"Guanches","BORDERPRECISION":"1"},"bbox":[-17.34,27.729,-13.421,29.428],"geometry":{"type":"MultiPolygon","coordinates":[[[[-14.51,28.05],[-14.147,28.391],[-13.518,29.428],[-13.421,29.091],[-13.784,28.879],[-13.881,28.199],[-14.51,28.05]]],[[[-15.574,28.178],[-15.405,28.199],[-15.211,27.901],[-15.574,27.729],[-15.913,27.901],[-15.574,28.178]]],[[[-17.291,28.285],[-16.082,28.54],[-16.638,28.05],[-17.34,28.029],[-17.291,28.285]]]]}},{"type":"Feature","properties":{"NAME":"Unknown","SUBJECTO":"","PARTOF":"","BORDERPRECISION":"1"},"bbox":[-67.41,59.761,-21.798,83.577],"geometry":{"type":"MultiPolygon","coordinates":[[[[-22.612,80.872],[-26.057,79.639],[-27.71,74.989],[-29.338,73.281],[-29.338,69.874],[-28.376,68.417],[-29.4,68.228],[-29.994,68.391],[-30.305,67.98],[-30.736,67.928],[-31.355,68.046],[-32.359,68.544],[-32.037,67.985],[-32.124,67.873],[-32.956,67.641],[-34.433,66.384],[-35.248,66.229],[-35.708,66.352],[-35.972,65.847],[-36.324,65.722],[-37.048,65.743],[-37.579,65.545],[-37.155,66.32],[-38.042,66.399],[-37.937,66.004],[-38.467,65.645],[-39.992,65.533],[-39.686,65.171],[-39.727,64.997],[-41.06,65.037],[-40.484,64.685],[-40.355,64.427],[-41.484,64.274],[-40.516,63.782],[-40.894,63.524],[-41.378,63.523],[-41.227,63.253],[-41.434,63.039],[-41.916,63.124],[-41.834,62.691],[-43.226,62.681],[-42.271,62.194],[-42.478,61.307],[-43.037,61.292],[-42.817,61.026],[-42.785,60.529],[-43.497,60.479],[-43.154,60.305],[-42.962,60.034],[-43.015,59.833],[-44.052,60.164],[-44.467,59.761],[-44.753,60.031],[-44.682,60.288],[-45.622,60.601],[-45.46,60.895],[-45.771,61.104],[-46.331,60.872],[-47.159,60.856],[-47.63,60.597],[-47.969,61.037],[-48.915,61.421],[-49.148,61.772],[-49.206,62.174],[-50.097,62.356],[-50.096,62.668],[-49.857,62.967],[-50.519,63.093],[-48.399,67.15],[-52.059,74.705],[-58.83,78.238],[-65.153,79.313],[-64.891,79.382],[-64.623,79.949],[-65.024,80.052],[-66.419,79.982],[-67.41,80.211],[-67.143,80.562],[-66.522,80.711],[-63.725,81.086],[-61.112,81.182],[-60.952,81.365],[-61.122,81.798],[-60.887,81.861],[-60.039,81.883],[-57.444,81.424],[-57.074,81.548],[-57.82,81.784],[-58.133,82.013],[-54.575,82.328],[-53.768,82.245],[-53.664,81.463],[-53.01,81.68],[-52.816,82.13],[-49.938,81.676],[-49.846,81.811],[-50.905,82.368],[-50.772,82.497],[-49.648,82.478],[-44.683,81.729],[-44.323,81.823],[-43.955,82.491],[-45.213,82.967],[-44.894,83.078],[-41.881,83.263],[-38.587,82.828],[-38.452,83.17],[-38.587,83.382],[-36.487,83.511],[-34.427,83.403],[-32.513,83.577],[-26.421,83.342],[-24.708,82.891],[-22.432,82.743],[-22.232,82.56],[-22.59,82.419],[-25.457,82.221],[-28.391,82.31],[-31.135,82.198],[-32.598,81.974],[-32.749,81.765],[-32.415,81.652],[-30.651,81.811],[-26.393,81.862],[-24.877,81.595],[-22.064,81.965],[-21.798,81.757],[-22.053,81.54],[-23.533,81.1],[-24.11,80.769],[-23.912,80.563],[-22.612,80.872]]]]}},{"type":"Feature","properties":{"NAME":"Polynesians","SUBJECTO":"Polynesians","PARTOF":"Polynesians","BORDERPRECISION":"1"},"bbox":[-158.466,18.946,-154.92,21.689],"geometry":{"type":"MultiPolygon","coordinates":[[[[-155.931,20.284],[-155.212,19.896],[-155.218,19.772],[-154.92,19.555],[-155.783,18.946],[-156.034,19.106],[-156.163,19.808],[-155.947,19.989],[-156.032,20.196],[-155.931,20.284]]],[[[-158.314,21.575],[-158.179,21.689],[-157.842,21.29],[-158.298,21.276],[-158.466,21.571],[-158.314,21.575]]],[[[-156.119,20.79],[-156.253,20.63],[-156.507,20.599],[-156.822,20.94],[-156.716,21.069],[-156.119,20.79]]]]}},{"type":"Feature","properties":{"NAME":"Unknown","SUBJECTO":"","PARTOF":"","BORDERPRECISION":"1"},"bbox":[18.119,56.912,19.005,57.914],"geometry":{"type":"MultiPolygon","coordinates":[[[[18.206,56.912],[18.119,57.531],[18.682,57.914],[19.005,57.909],[18.809,57.704],[18.712,57.242],[18.397,57.134],[18.206,56.912]]]]}},{"type":"Feature","properties":{"NAME":"Swiss Confederation","SUBJECTO":"Swiss Confederation","PARTOF":"Swiss Confederation","BORDERPRECISION":"1"},"bbox":[6.546,45.923,9.681,47.806],"geometry":{"type":"MultiPolygon","coordinates":[[[[7.469,47.485],[7.725,47.604],[8.509,47.599],[8.406,47.692],[8.531,47.806],[9.681,47.435],[9.483,47.182],[9.498,46.793],[8.824,46.582],[9,46.309],[8.89,46.274],[8.655,46.531],[8.077,46.294],[8.143,46.152],[7.82,45.928],[7.44,45.923],[7.257,46.44],[7.008,46.637],[7.213,47.122],[6.729,46.878],[6.546,46.958],[7.469,47.485]]]]}},{"type":"Feature","properties":{"NAME":"Australian aboriginal hunter-gatherers","SUBJECTO":"Australian aboriginal hunter-gatherers","PARTOF":"Australian aboriginal hunter-gatherers","BORDERPRECISION":"1"},"bbox":[113.035,-39.181,153.493,-10.915],"geometry":{"type":"MultiPolygon","coordinates":[[[[142.338,-10.915],[142.644,-11.093],[142.823,-11.919],[143.173,-12.121],[142.971,-12.535],[143.371,-12.814],[143.474,-13.665],[143.743,-14.466],[144.065,-14.592],[144.385,-14.369],[144.529,-14.668],[145.184,-15.048],[145.326,-16.49],[145.994,-17.513],[145.925,-18.257],[146.322,-19.082],[147.078,-19.513],[147.413,-19.563],[147.594,-19.855],[147.973,-20.096],[148.704,-20.203],[148.567,-20.654],[149.101,-21.06],[149.557,-22.433],[150.017,-22.73],[149.945,-22.324],[150.694,-22.678],[150.802,-23.6],[151.2,-23.942],[151.73,-24.157],[152.073,-24.742],[152.318,-24.818],[152.486,-25.313],[152.831,-25.471],[153.069,-26.228],[153.087,-27.01],[152.946,-27.341],[153.396,-28.129],[153.493,-28.841],[152.94,-30.699],[152.972,-31.418],[152.176,-32.877],[151.765,-33.005],[151.364,-33.521],[151.217,-34.208],[150.85,-34.718],[150.762,-35.253],[150.222,-35.694],[149.985,-37.347],[149.712,-37.794],[149.504,-37.929],[148.037,-38.098],[146.821,-38.841],[146.299,-38.894],[146.526,-39.181],[145.536,-38.723],[145.504,-38.442],[144.97,-38.066],[144.411,-38.246],[144.748,-38.456],[143.365,-38.97],[141.904,-38.43],[141.675,-38.411],[141.547,-38.533],[141.225,-38.457],[140.012,-37.642],[139.823,-37.246],[139.826,-36.595],[139.444,-36.041],[139.368,-35.614],[138.352,-35.865],[138.197,-35.757],[138.43,-35.552],[138.568,-34.928],[138.101,-34.356],[137.683,-35.331],[136.947,-35.473],[137.108,-35.071],[137.502,-35.025],[137.512,-34.459],[137.864,-33.879],[137.913,-33.517],[138.189,-33.294],[137.868,-32.747],[137.82,-33.065],[137.457,-33.314],[137.067,-33.951],[136.731,-34.06],[136.106,-34.532],[135.712,-35.207],[135.528,-35.055],[135.239,-34.197],[134.71,-33.364],[134.208,-33.257],[134.108,-33.028],[134.237,-32.742],[133.837,-32.342],[133.125,-32.337],[132.698,-32.09],[132.182,-32.148],[131.28,-31.635],[129.185,-31.798],[127.265,-32.381],[126.059,-32.434],[124.248,-33.144],[123.623,-33.915],[123.359,-34.043],[122.171,-34.179],[121.74,-33.963],[119.771,-34.12],[119.33,-34.579],[118.673,-34.606],[118.207,-35.09],[117.793,-35.212],[116.251,-35.101],[115.616,-34.631],[115.047,-34.422],[114.986,-33.755],[115.409,-33.767],[115.558,-33.575],[115.767,-32.755],[115.747,-32.208],[115.058,-30.804],[114.912,-29.697],[114.63,-28.903],[113.965,-28.033],[114.022,-27.626],[113.925,-27.385],[113.035,-26.163],[113.092,-26.058],[113.433,-26.572],[113.739,-26.667],[113.583,-26.152],[113.285,-25.827],[113.321,-25.69],[113.881,-26.509],[114.095,-26.539],[114.05,-26.289],[114.181,-26.271],[114.183,-26.017],[113.592,-25.185],[113.379,-24.614],[113.362,-24.283],[113.762,-23.481],[113.625,-22.566],[113.901,-22.038],[114.027,-22.521],[114.232,-22.616],[114.456,-22.094],[116.419,-20.837],[117.597,-20.758],[117.968,-20.471],[118.734,-20.317],[118.936,-20.024],[119.813,-20.118],[120.872,-19.677],[121.386,-19.116],[121.576,-18.703],[122.196,-18.244],[122.085,-17.398],[122.738,-16.583],[123.023,-16.856],[123.419,-17.58],[123.508,-17.109],[123.827,-17.248],[123.912,-16.975],[123.553,-16.696],[123.576,-16.391],[124.846,-16.53],[124.338,-16.262],[124.425,-15.658],[124.689,-15.467],[125.109,-15.625],[125.156,-14.805],[125.863,-14.695],[126.268,-14.071],[126.546,-14.35],[126.853,-13.784],[127.529,-14.196],[127.963,-14.703],[128.066,-15.377],[128.459,-14.886],[129.196,-14.993],[129.632,-15.278],[129.849,-14.82],[129.459,-14.496],[129.427,-14.306],[129.763,-14.019],[129.852,-13.72],[130.206,-13.484],[130.233,-13.147],[130.463,-12.759],[130.951,-12.631],[130.859,-12.447],[131.028,-12.268],[131.54,-12.401],[132.398,-12.329],[132.751,-12.169],[132.515,-11.623],[132.025,-11.478],[132.206,-11.319],[132.384,-11.299],[132.776,-11.578],[132.929,-11.533],[133.559,-11.951],[134.409,-12.121],[134.762,-12.063],[134.94,-12.336],[135.129,-12.387],[135.445,-12.176],[135.649,-12.188],[136.091,-12.575],[136.299,-12.511],[136.435,-12.117],[136.791,-12.37],[136.86,-12.44],[136.664,-12.625],[136.469,-13.223],[136.238,-13.23],[135.831,-13.485],[135.965,-13.891],[135.881,-14.203],[135.458,-14.681],[135.417,-14.973],[136.687,-16.026],[137.074,-16.031],[137.76,-16.399],[138.26,-16.842],[138.963,-16.994],[139.248,-17.432],[139.818,-17.761],[140.06,-17.83],[140.708,-17.632],[141.132,-16.957],[141.402,-15.857],[141.711,-15.227],[141.468,-14.757],[141.668,-14.114],[141.512,-13.809],[141.599,-13.046],[141.919,-12.703],[141.679,-12.468],[141.953,-11.952],[142.126,-11.157],[142.338,-10.915]]]]}},{"type":"Feature","properties":{"NAME":"Tasmanian hunter-gatherers","SUBJECTO":"Tasmanian hunter-gatherers","PARTOF":"Tasmanian hunter-gatherers","BORDERPRECISION":"1"},"bbox":[144.697,-43.722,148.319,-40.862],"geometry":{"type":"MultiPolygon","coordinates":[[[[146.713,-43.722],[145.723,-43.24],[145.279,-42.668],[145.183,-42.481],[145.624,-42.519],[144.869,-41.594],[144.697,-40.862],[146.382,-41.308],[147.596,-41.165],[148.056,-40.92],[148.27,-41.093],[148.319,-41.806],[147.926,-42.823],[147.142,-43.257],[146.713,-43.722]]]]}},{"type":"Feature","properties":{"NAME":"Caribbean hunter-gatherers","SUBJECTO":"Caribbean hunter-gatherers","PARTOF":"Caribbean hunter-gatherers","BORDERPRECISION":"1"},"bbox":[-50.647,-1.679,-48.402,-0.195],"geometry":{"type":"MultiPolygon","coordinates":[[[[-49.138,-1.568],[-50.476,-1.679],[-50.647,-1.266],[-50.501,-0.262],[-49.143,-0.195],[-48.402,-0.391],[-48.756,-1.281],[-49.138,-1.568]]]]}},{"type":"Feature","properties":{"NAME":"West African cereal farmers","SUBJECTO":"West African cereal farmers","PARTOF":"West African cereal farmers","BORDERPRECISION":"1"},"bbox":[-17.033,2.49,51.247,14.565],"geometry":{"type":"MultiPolygon","coordinates":[[[[41.568,10.313],[42.465,9.507],[43.497,9.729],[44.281,10.396],[45.013,10.449],[45.909,10.832],[46.43,10.668],[46.677,10.7],[47.391,11.159],[47.996,11.116],[48.534,11.333],[49.304,11.246],[50.081,11.476],[50.697,11.948],[51.247,11.657],[51.061,11.243],[51.13,10.71],[50.887,10.277],[50.779,9.368],[50.211,8.351],[49.832,7.994],[49.823,7.695],[49.046,6.416],[48.792,5.704],[47.636,4.096],[46.449,4.08],[44.281,3.358],[43.415,2.515],[34.406,2.49],[33.93,2.844],[22.225,6.196],[12.605,7.732],[6.764,5.827],[7.365,6.94],[7.365,7.913],[6.879,8.643],[5.338,8.724],[4.849,9.489],[4.321,9.802],[3.215,9.876],[2.331,9.581],[1.962,8.844],[1.962,8.402],[2.625,7.812],[3.363,7.665],[4.247,7.665],[4.823,7.93],[3.949,6.579],[3.46,6.381],[1.342,6.18],[0.803,5.715],[-1.134,6.264],[-2.903,6.117],[-3.492,5.896],[-3.942,5.266],[-5.575,5.129],[-7.529,4.337],[-9.248,5.172],[-9.937,5.863],[-12.264,7.351],[-12.274,7.631],[-12.869,7.973],[-13.212,8.347],[-12.927,8.627],[-13.145,8.722],[-13.141,9.027],[-13.626,9.623],[-13.68,9.916],[-14.466,10.333],[-14.591,10.467],[-14.575,10.784],[-14.966,10.847],[-15.029,11.158],[-15.416,11.335],[-15.099,11.813],[-15.325,11.927],[-6.829,10.113],[-3.477,10.289],[-1.173,10.848],[1.602,12.485],[1.932,12.326],[2.745,12.474],[3.394,13.123],[3.692,13.077],[3.558,12.178],[4.666,11.513],[7.183,11.049],[9.849,10.908],[10.727,11.291],[12.355,11.203],[14.713,12.507],[15.657,11.306],[18.628,10.169],[20.673,11.956],[23.2,11.775],[24.074,11.182],[30.6,11.116],[30.787,11.227],[31.745,10.248],[32.847,10.105],[32.349,9.528],[33.022,6.865],[35.578,5.527],[38.605,6.597],[38.718,7.114],[39.142,7.114],[40.2,8.08],[40.805,9.53],[40.72,10.115],[41.568,10.313]]],[[[-16.768,13.035],[-16.767,13.36],[-16.494,13.475],[-16.471,13.723],[-17.033,14.565],[-16.471,13.723],[-16.494,13.475],[-16.767,13.36],[-16.696,12.413],[-15.809,11.843],[-16.696,12.413],[-16.768,13.035]]]]}},{"type":"Feature","properties":{"NAME":"Khoiasan","SUBJECTO":"Khoiasan","PARTOF":"Khoiasan","BORDERPRECISION":"1"},"bbox":[12.524,-34.992,35.512,-19.062],"geometry":{"type":"MultiPolygon","coordinates":[[[[35.033,-21.188],[35.261,-22.274],[35.512,-22.185],[35.297,-23.825],[35.512,-23.939],[35.43,-24.225],[34.884,-24.722],[33.347,-25.304],[32.651,-25.839],[32.5,-26.068],[32.896,-26.372],[32.916,-26.518],[32.767,-27.517],[32.609,-27.898],[32.303,-28.134],[32.346,-28.585],[31.563,-29.21],[30.391,-30.814],[28.922,-32.298],[26.659,-33.847],[25.619,-33.919],[25.516,-34.174],[24.929,-34.079],[24.592,-34.36],[23.743,-34.076],[23.189,-34.242],[22.682,-34.103],[22.262,-34.168],[21.669,-34.506],[20.515,-34.533],[19.884,-34.992],[19.321,-34.733],[19.181,-34.422],[18.84,-34.435],[18.724,-34.219],[18.57,-34.194],[18.487,-34.398],[18.293,-34.246],[18.459,-33.832],[17.868,-32.994],[18.232,-32.898],[18.309,-32.708],[18.179,-31.805],[17.354,-30.422],[16.788,-29.139],[15.454,-27.616],[15.076,-26.607],[15.153,-26.333],[14.843,-25.622],[14.909,-25.018],[14.409,-23.253],[14.577,-22.731],[14.533,-22.496],[13.804,-21.443],[12.524,-19.062],[12.906,-19.702],[28.141,-19.94],[28.018,-21.229],[28.092,-22.777],[28.644,-24.914],[29.382,-25.873],[30.413,-25.873],[31.372,-25.283],[33.058,-23.082],[33.471,-20.023],[34.719,-20.043],[34.673,-20.515],[35.023,-20.813],[35.033,-21.188]]]]}},{"type":"Feature","properties":{"NAME":"Ainus","SUBJECTO":"Ainus","PARTOF":"Ainus","BORDERPRECISION":"1"},"bbox":[139.712,41.382,145.348,53.54],"geometry":{"type":"MultiPolygon","coordinates":[[[[139.978,41.503],[140.013,41.382],[140.124,41.792],[139.978,41.503]]],[[[140.209,42.729],[140.5,42.896],[139.712,42.478],[139.777,42.112],[139.712,42.478],[140.209,42.729]]],[[[140.897,43.135],[141.304,43.187],[141.064,43.097],[140.599,43.327],[140.374,43.185],[140.599,43.327],[140.897,43.135]]],[[[141.302,43.72],[141.709,43.914],[141.302,43.72],[141.304,43.187],[141.302,43.72]]],[[[141.875,45.435],[141.523,45.183],[141.567,44.97],[141.523,45.183],[141.875,45.435]]],[[[143.508,44.156],[144.614,43.843],[145.348,44.243],[144.614,43.843],[143.79,44.028],[143.021,44.464],[143.508,44.156]]],[[[140.768,42.005],[140.246,42.228],[141.155,41.749],[140.768,42.005]]],[[[144.038,49.509],[144.54,48.753],[143.074,51.268],[144.038,49.509]]],[[[143.236,46.863],[143.445,46.572],[142.615,47.46],[142.993,46.954],[143.236,46.863]]],[[[141.909,47.073],[141.623,46.558],[141.708,46.14],[141.623,46.558],[141.909,47.073]]],[[[142.036,47.959],[141.978,48.285],[142.036,47.959],[141.732,47.471],[142.036,47.959]]],[[[141.921,48.943],[142.083,49.708],[142.112,51.22],[142.049,49.355],[141.768,48.701],[141.74,48.807],[141.921,48.943]]],[[[141.65,52.303],[141.841,52.96],[141.598,52.217],[141.643,51.813],[141.65,52.303]]],[[[141.935,53.286],[142.675,53.54],[143.057,53.062],[142.675,53.54],[141.69,53.166],[141.935,53.286]]]]}},{"type":"Feature","properties":{"NAME":"Ainus","SUBJECTO":"Ainus","PARTOF":"Ainus","BORDERPRECISION":"1"},"bbox":[141.598,43.464,156.496,53.54],"geometry":{"type":"MultiPolygon","coordinates":[[[[143.139,52.856],[142.944,51.617],[144.54,48.753],[143.598,49.234],[143.153,49.259],[142.854,49.128],[142.49,47.902],[142.615,47.46],[143.445,46.572],[143.303,46.011],[143.004,46.577],[142.615,46.713],[142.327,46.563],[141.898,45.915],[141.708,46.14],[141.623,46.558],[141.909,47.073],[141.732,47.471],[142.036,47.959],[141.74,48.807],[141.921,48.943],[142.049,49.355],[142.153,50.89],[142.017,51.431],[141.643,51.813],[141.598,52.217],[141.841,52.96],[141.69,53.166],[142.675,53.54],[143.139,52.856]]],[[[146.156,43.464],[146.076,43.513],[146.226,43.526],[146.156,43.464]]],[[[146.469,44.422],[146.568,44.438],[145.596,43.859],[145.555,43.651],[145.437,43.717],[145.41,43.835],[146.127,44.507],[146.469,44.422]]],[[[148.493,45.27],[147.621,44.966],[147.209,44.55],[146.841,44.416],[147.144,44.661],[147.112,44.794],[147.894,45.224],[147.933,45.421],[148.07,45.248],[148.701,45.521],[148.856,45.474],[148.825,45.335],[148.493,45.27]]],[[[149.534,45.583],[149.437,45.584],[149.668,45.851],[150.499,46.192],[149.534,45.583]]],[[[152.447,47.382],[152.542,47.328],[152.423,47.303],[152.447,47.382]]],[[[154.743,49.586],[154.904,49.624],[154.835,49.346],[154.594,49.291],[154.743,49.586]]],[[[152.087,46.978],[151.712,46.801],[152.293,47.148],[152.087,46.978]]],[[[155.471,50.108],[155.224,50.053],[155.248,50.301],[155.661,50.385],[155.889,50.693],[156.112,50.755],[156.149,50.519],[155.795,50.189],[155.471,50.108]]],[[[156.175,50.754],[156.496,50.836],[156.401,50.626],[156.175,50.754]]],[[[155.474,50.921],[155.659,50.825],[155.498,50.817],[155.474,50.921]]]]}},{"type":"Feature","properties":{"NAME":"Siberians","SUBJECTO":"Siberians","PARTOF":"Siberians","BORDERPRECISION":"1"},"bbox":[54.018,50.958,180,77.569],"geometry":{"type":"MultiPolygon","coordinates":[[[[55.757,73.577],[54.664,73.472],[54.018,73.734],[54.894,74.063],[55.885,74.105],[55.946,74.265],[55.619,74.417],[55.965,74.603],[56.652,74.693],[56.303,74.871],[56.995,75.273],[57.729,75.291],[59.018,75.799],[60.617,75.894],[60.949,75.961],[61.303,76.238],[61.819,76.289],[62.593,76.165],[65.926,76.507],[66.442,76.83],[68.457,76.927],[68.867,76.766],[68.937,76.606],[67.722,76.175],[60.463,75.156],[60.334,75.033],[60.623,74.935],[60.009,74.675],[58.851,74.689],[58.603,74.504],[58.882,74.391],[58.733,74.287],[58.191,74.085],[57.671,74.188],[57.405,74.052],[57.799,73.924],[57.823,73.781],[56.96,73.357],[55.757,73.577]]],[[[60.552,69.543],[61.03,69.741],[63.412,69.549],[66.584,68.886],[68.385,68.179],[69.109,68.83],[68.258,68.941],[68.094,69.136],[68.106,69.429],[67.779,69.557],[66.884,69.623],[66.828,69.819],[67.422,70.223],[67.285,70.706],[66.775,70.736],[66.67,70.866],[66.818,71.105],[68.316,71.635],[68.812,72.095],[69.057,72.645],[69.343,72.834],[70.214,72.733],[72.714,72.77],[72.845,72.495],[72.655,72.118],[71.798,71.432],[72.68,70.824],[72.774,70.455],[72.437,70.187],[72.526,69.069],[72.846,68.635],[73.309,68.517],[73.394,68.382],[72.838,67.646],[71.4,66.949],[71.544,66.714],[70.84,66.551],[69.792,66.755],[69.085,66.688],[69.173,66.548],[69.767,66.33],[72.209,66.173],[72.557,66.496],[73.69,66.865],[73.985,67.263],[74.742,67.686],[74.669,68.102],[74.395,68.347],[74.612,68.639],[76.328,68.776],[77.04,68.464],[77.108,68.114],[76.955,67.653],[77.091,67.528],[78.089,67.411],[78.478,67.479],[78.536,67.612],[77.483,67.803],[77.514,67.973],[77.978,68.145],[78.007,68.257],[77.636,68.816],[77.406,68.936],[75.598,69.21],[74.902,69.081],[73.915,69.154],[73.654,69.756],[74.25,70.573],[73.217,71.458],[73.591,71.707],[74.137,71.755],[74.921,72.029],[75.075,72.42],[75.016,72.719],[75.617,72.625],[75.583,72.171],[75.221,71.648],[75.452,71.322],[75.671,71.199],[77.736,71.025],[78.105,70.841],[78.609,70.85],[78.372,71.251],[78.137,71.374],[76.866,71.449],[76.333,71.72],[76.457,71.868],[77.79,71.777],[78.126,71.848],[78.086,72.175],[79.223,72.271],[81.425,71.613],[82.818,71.646],[82.88,71.491],[82.215,71.204],[82.046,70.419],[82.196,70.358],[82.675,70.842],[83.076,70.582],[83.036,70.245],[83.677,70.46],[83.168,71.182],[83.561,71.624],[82.436,72.051],[82.321,72.222],[80.982,72.447],[80.844,72.58],[80.829,73.014],[80.464,73.314],[80.501,73.425],[80.838,73.553],[84.616,73.743],[85.001,73.576],[86.492,73.874],[86.757,73.787],[86.124,73.451],[86.905,73.556],[87.691,73.9],[87.541,74.1],[86.814,74.435],[86.958,74.782],[89.285,75.466],[93.592,75.881],[94.694,76.184],[95.967,76.169],[96.139,76.086],[95.982,75.902],[96.658,75.853],[98.289,76.057],[99.467,75.967],[99.779,76.059],[99.774,76.285],[99.983,76.437],[100.83,76.455],[101.389,76.625],[101.112,76.853],[101.166,77.006],[101.69,77.203],[103.393,77.558],[105.063,77.569],[105.45,77.449],[105.47,77.329],[104.485,76.995],[107.24,76.898],[106.404,76.432],[107.771,76.401],[108.244,76.646],[110.548,76.642],[112.057,76.451],[112.822,76.059],[113.533,76.094],[113.723,75.869],[113.113,75.494],[113.625,75.273],[112.577,74.886],[111.587,74.731],[108.34,73.691],[106.208,73.259],[105.279,72.752],[106.087,72.855],[106.502,73.061],[109.991,73.44],[110.442,73.568],[110.4,73.743],[110.163,73.83],[110.551,74.038],[111.762,73.658],[113.222,73.748],[113.312,73.383],[113.547,73.201],[114.187,73.551],[116.671,73.619],[118.46,73.519],[118.338,73.186],[118.498,73.036],[120.579,72.835],[122.243,72.909],[122.882,72.753],[123.515,73.172],[123.41,73.481],[124.457,73.705],[125.717,73.398],[127.72,73.402],[128.499,73.126],[128.525,72.952],[127.314,72.714],[126.111,72.28],[127.418,72.142],[128.432,71.755],[130.172,70.815],[130.779,70.678],[131.413,70.864],[132.554,71.809],[133.138,71.453],[134.241,71.262],[135.861,71.543],[136.765,71.406],[137.63,71.075],[138.076,71.246],[138.119,71.47],[138.446,71.61],[139.744,71.404],[139.848,72.236],[138.969,72.211],[139.312,72.383],[140.589,72.495],[141.408,72.787],[145.6,72.426],[144.82,72.143],[145.665,72.161],[145.815,72.098],[145.678,71.927],[144.881,71.723],[144.801,71.591],[145.746,71.694],[146.915,72.202],[148.698,72.166],[149.53,72.027],[149.722,71.895],[148.711,71.629],[151.119,71.255],[152.134,70.664],[156.043,70.987],[158.409,70.814],[159.466,70.395],[159.628,70.22],[159.444,69.765],[160.682,69.578],[160.674,69.27],[160.862,69.083],[162.118,69.559],[164.054,69.66],[164.636,69.413],[166.309,69.378],[167.32,69.659],[169.389,68.717],[170.833,68.922],[170.905,69.034],[170.431,69.559],[170.056,69.611],[170.452,70.019],[172.359,69.909],[172.908,69.835],[173.008,69.692],[175.611,69.779],[177.705,69.49],[180,68.92],[180,64.953],[179.016,64.773],[178.726,64.606],[178.004,64.548],[177.427,64.607],[177.251,64.856],[177.026,64.844],[177.135,64.927],[176.332,64.773],[175.965,64.904],[176.156,64.678],[175.9,64.547],[176.468,64.409],[176.931,64.553],[177.082,64.517],[177.193,64.21],[177.535,64.09],[178.147,64.157],[178.403,63.664],[178.078,63.429],[178.344,63.458],[178.939,63.083],[178.932,62.765],[179.288,62.815],[179.242,62.526],[179.049,62.391],[178.452,62.32],[177.291,62.487],[177.135,62.55],[177.19,62.67],[176.832,62.676],[176.549,62.38],[174.542,61.891],[173.927,61.616],[173.481,61.601],[172.918,61.278],[172.492,61.263],[172,60.858],[170.337,60.277],[170.273,60.013],[170.06,59.882],[169.614,60.012],[169.456,60.296],[169.154,60.435],[168.671,60.455],[167.104,60.271],[166.027,59.709],[165.945,59.771],[166.203,60.353],[165.78,60.354],[164.933,59.962],[164.882,59.734],[164.585,59.665],[164.111,60.078],[163.65,59.792],[163.767,59.884],[163.389,59.814],[163.043,59.462],[163.255,59.29],[162.753,58.966],[162.907,58.891],[161.804,58.102],[161.8,57.863],[161.989,57.72],[163.078,57.626],[163.128,57.552],[162.512,57.033],[162.744,56.6],[163.098,56.56],[163.166,56.106],[162.771,55.917],[162.555,56.011],[162.722,56.342],[162.318,56.24],[161.861,55.861],[161.503,55.287],[161.647,54.985],[162.008,54.738],[161.876,54.564],[161.567,54.423],[160.683,54.448],[160.027,54.153],[159.633,53.706],[159.905,53.4],[159.897,53.241],[158.461,52.826],[158.39,52.203],[158.258,52.017],[157.898,51.666],[156.696,50.958],[156.333,52.272],[156.038,52.781],[155.711,53.805],[155.465,54.92],[155.703,56.37],[156.558,56.947],[156.878,57.363],[156.777,57.58],[157.962,57.883],[159.104,58.425],[159.649,58.954],[161.535,59.942],[161.818,60.268],[163.329,60.695],[163.793,61.128],[163.831,61.233],[163.576,61.33],[163.942,61.737],[164.008,62.131],[165.286,62.288],[165.067,62.436],[164.138,62.533],[162.99,62.326],[163.009,62.178],[162.711,61.763],[162.749,61.609],[162.235,61.51],[160.119,60.564],[160.007,60.591],[160.236,60.947],[159.816,60.981],[159.744,61.1],[160.118,61.751],[159.231,61.546],[158.841,61.784],[156.825,61.563],[156.423,61.401],[156.418,61.121],[155.667,60.778],[155.734,60.555],[154.693,60.199],[153.943,59.569],[153.944,59.397],[154.753,59.281],[154.906,59.103],[153.924,58.922],[152.968,58.996],[152.504,58.769],[152.191,58.926],[151.354,58.691],[151.007,58.793],[151.056,58.924],[151.857,59.056],[151.524,59.344],[151.14,59.44],[150.279,59.362],[149.38,59.608],[148.728,59.476],[148.747,59.297],[148.416,59.097],[147.919,59.261],[147,59.191],[146.307,59.286],[146.054,59.251],[145.957,58.983],[145.653,58.975],[145.404,59.326],[142.927,59.28],[142.358,59.141],[141.35,58.501],[140.587,58.239],[140.029,57.644],[138.867,57.124],[137.229,55.983],[134.985,54.854],[134.902,54.559],[135.095,54.433],[136.492,54.455],[136.344,53.888],[136.351,53.701],[136.487,53.655],[126.437,54.917],[118.11,56.893],[109.077,57.599],[93.975,56.893],[85.083,58.163],[77.038,61.974],[75.239,62.134],[74.372,63.079],[72.362,62.939],[70.97,64.245],[68.806,62.585],[67.89,61.685],[61.881,59.852],[62.662,61.101],[60.934,68.815],[60.512,68.59],[59.925,68.581],[59.762,68.297],[59.218,68.349],[59.062,68.497],[59.218,68.349],[59.762,68.297],[59.925,68.581],[60.756,68.673],[60.986,69.003],[60.369,69.468],[60.552,69.543]]]]}},{"type":"Feature","properties":{"NAME":"Unknown","SUBJECTO":"","PARTOF":"","BORDERPRECISION":"1"},"bbox":[23.513,34.94,26.274,35.698],"geometry":{"type":"MultiPolygon","coordinates":[[[[24.324,35.208],[23.513,35.276],[23.529,35.57],[23.671,35.572],[23.697,35.698],[23.743,35.562],[24.082,35.612],[24.23,35.391],[25.673,35.349],[25.742,35.137],[26.274,35.313],[26.16,35.024],[24.693,34.94],[24.69,35.092],[24.324,35.208]]]]}},{"type":"Feature","properties":{"NAME":"Crimean Khanate","SUBJECTO":"Ottoman Empire","PARTOF":"Ottoman Empire","BORDERPRECISION":"1"},"bbox":[31.926,43.019,44.364,50.91],"geometry":{"type":"MultiPolygon","coordinates":[[[[31.977,46.836],[36.07,47.898],[37.502,48.441],[37.699,48.935],[38.136,49.049],[40.026,49.08],[42.587,50.91],[43.673,50.86],[44.364,49.429],[42.524,47.051],[41.123,43.019],[40.252,43.268],[38.924,44.212],[38.109,44.494],[37.88,44.719],[37.474,44.692],[36.96,45.227],[37.661,45.345],[37.99,46.007],[38.459,46.079],[37.757,46.603],[39.282,47.074],[39.16,47.269],[37.422,47.077],[37.193,46.894],[35.851,46.664],[35.624,46.521],[35.416,46.495],[35.212,46.637],[34.907,46.273],[33.839,46.193],[35.008,45.612],[35.063,45.34],[36.521,45.388],[36.265,45.097],[35.387,45.082],[35.067,44.862],[34.372,44.757],[34.014,44.492],[33.395,44.6],[33.559,44.936],[33.398,45.253],[32.503,45.445],[33.639,45.927],[33.528,46.134],[32.202,46.17],[31.926,46.41],[32.189,46.592],[31.977,46.836]]]]}},{"type":"Feature","properties":{"NAME":"Britany","SUBJECTO":"Britany","PARTOF":"Britany","BORDERPRECISION":"1"},"bbox":[-4.78,47.324,-1.752,48.872],"geometry":{"type":"MultiPolygon","coordinates":[[[[-1.999,48.677],[-1.752,48.178],[-2.01,47.746],[-2.576,47.324],[-2.466,47.494],[-2.614,47.572],[-2.842,47.492],[-3.955,47.904],[-4.364,47.829],[-4.7,48.064],[-4.313,48.101],[-4.588,48.251],[-4.35,48.391],[-4.78,48.355],[-4.762,48.552],[-3.999,48.731],[-3.608,48.693],[-3.435,48.836],[-3.091,48.872],[-2.636,48.552],[-1.999,48.677]]]]}},{"type":"Feature","properties":{"NAME":"Unknown","SUBJECTO":"","PARTOF":"","BORDERPRECISION":"1"},"bbox":[-50.611,-1.735,-48.402,-0.391],"geometry":{"type":"MultiPolygon","coordinates":[[[[-48.756,-1.281],[-49.347,-1.645],[-50.225,-1.735],[-50.476,-1.679],[-50.611,-1.438],[-50.476,-1.679],[-50.225,-1.735],[-49.138,-1.568],[-48.756,-1.281],[-48.402,-0.391],[-48.756,-1.281]]]]}},{"type":"Feature","properties":{"NAME":"Unknown","SUBJECTO":"","PARTOF":"","BORDERPRECISION":"1"},"bbox":[39.417,-1.375,47.636,4.096],"geometry":{"type":"MultiPolygon","coordinates":[[[[47.636,4.096],[46.361,2.668],[45.541,1.967],[44.301,1.291],[42.786,1.32],[39.417,-1.375],[44.281,3.358],[46.449,4.08],[47.636,4.096]]]]}},{"type":"Feature","properties":{"NAME":"Unknown","SUBJECTO":"","PARTOF":"","BORDERPRECISION":"1"},"bbox":[40.311,-12.991,40.527,-11.23],"geometry":{"type":"MultiPolygon","coordinates":[[[[40.4,-11.23],[40.311,-11.345],[40.527,-12.584],[40.366,-12.991],[40.527,-12.584],[40.311,-11.345],[40.4,-11.23]]]]}},{"type":"Feature","properties":{"NAME":"Unknown","SUBJECTO":"","PARTOF":"","BORDERPRECISION":"1"},"bbox":[40.527,-15.183,40.849,-14.579],"geometry":{"type":"MultiPolygon","coordinates":[[[[40.849,-14.579],[40.781,-14.922],[40.527,-15.183],[40.781,-14.922],[40.849,-14.579]]]]}},{"type":"Feature","properties":{"NAME":"Unknown","SUBJECTO":"","PARTOF":"","BORDERPRECISION":"1"},"bbox":[34.673,-20.515,40.61,-15.355],"geometry":{"type":"MultiPolygon","coordinates":[[[[40.61,-15.355],[39.471,-16.717],[37.275,-17.713],[35.915,-19.032],[34.726,-19.86],[34.673,-20.515],[34.726,-19.86],[35.915,-19.032],[37.275,-17.713],[39.471,-16.717],[40.61,-15.355]]]]}},{"type":"Feature","properties":{"NAME":"Unknown","SUBJECTO":"","PARTOF":"","BORDERPRECISION":"1"},"bbox":[11.85,-22.496,14.533,-18.022],"geometry":{"type":"MultiPolygon","coordinates":[[[[12.929,-19.742],[13.804,-21.443],[14.533,-22.496],[13.804,-21.443],[12.929,-19.742],[11.85,-18.022],[12.929,-19.742]]]]}},{"type":"Feature","properties":{"NAME":"Unknown","SUBJECTO":"","PARTOF":"","BORDERPRECISION":"1"},"bbox":[13.204,-10.303,13.639,-9.637],"geometry":{"type":"MultiPolygon","coordinates":[[[[13.418,-9.986],[13.204,-9.637],[13.639,-10.303],[13.418,-9.986]]]]}},{"type":"Feature","properties":{"NAME":"Unknown","SUBJECTO":"","PARTOF":"","BORDERPRECISION":"1"},"bbox":[9.931,-5.362,12.227,-2.711],"geometry":{"type":"MultiPolygon","coordinates":[[[[12,-5.004],[11.773,-4.537],[9.931,-2.711],[11.773,-4.537],[12.227,-5.362],[12,-5.004]]]]}},{"type":"Feature","properties":{"NAME":"Unknown","SUBJECTO":"","PARTOF":"","BORDERPRECISION":"1"},"bbox":[9.243,-2.571,10.06,-1.772],"geometry":{"type":"MultiPolygon","coordinates":[[[[9.894,-2.444],[9.656,-2.419],[9.243,-1.772],[9.656,-2.419],[10.06,-2.571],[9.894,-2.444]]]]}},{"type":"Feature","properties":{"NAME":"Unknown","SUBJECTO":"","PARTOF":"","BORDERPRECISION":"1"},"bbox":[8.815,-1.593,9.465,-0.896],"geometry":{"type":"MultiPolygon","coordinates":[[[[9.321,-1.416],[9.112,-1.353],[8.815,-0.896],[9.112,-1.353],[9.465,-1.593],[9.321,-1.416]]]]}},{"type":"Feature","properties":{"NAME":"Unknown","SUBJECTO":"","PARTOF":"","BORDERPRECISION":"1"},"bbox":[9.35,0.174,9.854,0.535],"geometry":{"type":"MultiPolygon","coordinates":[[[[9.602,0.332],[9.35,0.535],[9.854,0.174],[9.602,0.332]]]]}},{"type":"Feature","properties":{"NAME":"Unknown","SUBJECTO":"","PARTOF":"","BORDERPRECISION":"1"},"bbox":[5.338,7.913,7.365,8.724],"geometry":{"type":"MultiPolygon","coordinates":[[[[5.338,8.724],[6.879,8.643],[7.365,7.913],[6.879,8.643],[5.338,8.724]]]]}},{"type":"Feature","properties":{"NAME":"Unknown","SUBJECTO":"","PARTOF":"","BORDERPRECISION":"1"},"bbox":[-0.397,5.715,4.823,7.93],"geometry":{"type":"MultiPolygon","coordinates":[[[[3.949,6.579],[3.46,6.381],[1.342,6.18],[0.803,5.715],[0.536,5.72],[-0.397,6.117],[0.536,5.72],[0.803,5.715],[1.176,6.084],[1.558,6.237],[3.611,6.413],[3.949,6.579],[4.823,7.93],[3.949,6.579]]]]}},{"type":"Feature","properties":{"NAME":"Unknown","SUBJECTO":"","PARTOF":"","BORDERPRECISION":"1"},"bbox":[-12.264,4.337,-3.942,7.351],"geometry":{"type":"MultiPolygon","coordinates":[[[[-4.374,5.255],[-5.575,5.129],[-7.529,4.337],[-9.248,5.172],[-9.937,5.863],[-12.264,7.351],[-9.937,5.863],[-9.248,5.172],[-7.529,4.337],[-5.575,5.129],[-3.942,5.266],[-4.374,5.255]]]]}},{"type":"Feature","properties":{"NAME":"Unknown","SUBJECTO":"","PARTOF":"","BORDERPRECISION":"1"},"bbox":[-13.212,7.631,-12.274,8.347],"geometry":{"type":"MultiPolygon","coordinates":[[[[-12.869,7.973],[-13.212,8.347],[-12.869,7.973],[-12.274,7.631],[-12.869,7.973]]]]}},{"type":"Feature","properties":{"NAME":"Unknown","SUBJECTO":"","PARTOF":"","BORDERPRECISION":"1"},"bbox":[-14.591,9.916,-13.68,10.467],"geometry":{"type":"MultiPolygon","coordinates":[[[[-14.466,10.333],[-14.591,10.467],[-13.68,9.916],[-14.466,10.333]]]]}},{"type":"Feature","properties":{"NAME":"Unknown","SUBJECTO":"","PARTOF":"","BORDERPRECISION":"1"},"bbox":[-15.018,10.784,-14.575,10.917],"geometry":{"type":"MultiPolygon","coordinates":[[[[-14.966,10.847],[-15.018,10.917],[-14.575,10.784],[-14.966,10.847]]]]}},{"type":"Feature","properties":{"NAME":"Unknown","SUBJECTO":"","PARTOF":"","BORDERPRECISION":"1"},"bbox":[-15.416,11.158,-15.029,11.335],"geometry":{"type":"MultiPolygon","coordinates":[[[[-15.341,11.221],[-15.416,11.335],[-15.029,11.158],[-15.341,11.221]]]]}},{"type":"Feature","properties":{"NAME":"Unknown","SUBJECTO":"","PARTOF":"","BORDERPRECISION":"1"},"bbox":[-16.767,10.113,1.932,15.183],"geometry":{"type":"MultiPolygon","coordinates":[[[[-15.325,11.927],[-15.809,11.843],[-16.696,12.413],[-16.767,13.36],[-16.494,13.475],[-16.471,13.723],[-14.254,13.488],[-12.706,12.014],[-11.748,11.424],[-10.949,11.427],[-9.389,12.235],[-8.726,11.645],[-5.095,12.849],[-3.713,14.151],[-2.534,15.036],[-1.944,15.183],[-0.839,15.183],[-0.102,14.593],[1.13,12.712],[1.932,12.326],[1.602,12.485],[-1.173,10.848],[-3.477,10.289],[-6.829,10.113],[-15.325,11.927]],[[0.084,11.735],[-0.064,13.287],[-1.69,13.804],[-3.02,13.656],[-3.833,12.695],[-3.168,10.922],[-1.173,10.848],[0.084,11.735]]]]}},{"type":"Feature","properties":{"NAME":"Unknown","SUBJECTO":"","PARTOF":"","BORDERPRECISION":"1"},"bbox":[-16.696,12.21,-16.279,12.413],"geometry":{"type":"MultiPolygon","coordinates":[[[[-16.567,12.31],[-16.696,12.413],[-16.279,12.21],[-16.567,12.31]]]]}},{"type":"Feature","properties":{"NAME":"Unknown","SUBJECTO":"","PARTOF":"","BORDERPRECISION":"1"},"bbox":[34.994,-22.274,35.261,-20.984],"geometry":{"type":"MultiPolygon","coordinates":[[[[34.994,-21.271],[35.261,-22.274],[34.994,-21.271],[35.107,-20.984],[34.994,-21.271]]]]}},{"type":"Feature","properties":{"NAME":"Unknown","SUBJECTO":"","PARTOF":"","BORDERPRECISION":"1"},"bbox":[35.297,-23.825,35.512,-22.185],"geometry":{"type":"MultiPolygon","coordinates":[[[[35.425,-23.456],[35.297,-23.825],[35.512,-22.185],[35.425,-23.456]]]]}},{"type":"Feature","properties":{"NAME":"Unknown","SUBJECTO":"","PARTOF":"","BORDERPRECISION":"1"},"bbox":[32.5,-26.068,35.512,-23.939],"geometry":{"type":"MultiPolygon","coordinates":[[[[35.43,-24.225],[34.884,-24.722],[32.945,-25.54],[32.5,-26.068],[32.945,-25.54],[33.347,-25.304],[34.884,-24.722],[35.43,-24.225],[35.512,-23.939],[35.43,-24.225]]]]}},{"type":"Feature","properties":{"NAME":"Unknown","SUBJECTO":"","PARTOF":"","BORDERPRECISION":"1"},"bbox":[19.321,-34.992,32.896,-26.372],"geometry":{"type":"MultiPolygon","coordinates":[[[[32.887,-26.715],[32.767,-27.517],[32.609,-27.898],[32.345,-28.026],[32.393,-28.375],[32.235,-28.744],[31.563,-29.21],[30.391,-30.814],[28.922,-32.298],[26.963,-33.713],[26.659,-33.847],[25.619,-33.919],[25.516,-34.174],[24.929,-34.079],[24.592,-34.36],[23.743,-34.076],[23.189,-34.242],[22.682,-34.103],[22.262,-34.168],[21.669,-34.506],[20.515,-34.533],[19.884,-34.992],[19.321,-34.733],[19.884,-34.992],[20.515,-34.533],[21.669,-34.506],[22.262,-34.168],[22.682,-34.103],[23.189,-34.242],[23.743,-34.076],[24.592,-34.36],[24.929,-34.079],[25.516,-34.174],[25.619,-33.919],[26.659,-33.847],[26.963,-33.713],[28.922,-32.298],[30.391,-30.814],[31.563,-29.21],[32.235,-28.744],[32.393,-28.375],[32.345,-28.026],[32.609,-27.898],[32.767,-27.517],[32.896,-26.372],[32.887,-26.715]]]]}},{"type":"Feature","properties":{"NAME":"Unknown","SUBJECTO":"","PARTOF":"","BORDERPRECISION":"1"},"bbox":[18.293,-34.504,19.279,-34.194],"geometry":{"type":"MultiPolygon","coordinates":[[[[18.84,-34.435],[18.724,-34.219],[18.57,-34.194],[18.487,-34.398],[18.293,-34.246],[18.487,-34.398],[18.57,-34.194],[18.724,-34.219],[18.84,-34.435],[19.279,-34.504],[18.84,-34.435]]]]}},{"type":"Feature","properties":{"NAME":"Unknown","SUBJECTO":"","PARTOF":"","BORDERPRECISION":"1"},"bbox":[15.454,-31.805,18.179,-27.616],"geometry":{"type":"MultiPolygon","coordinates":[[[[17.432,-30.57],[16.788,-29.139],[15.454,-27.616],[16.788,-29.139],[17.354,-30.422],[18.179,-31.805],[17.432,-30.57]]]]}},{"type":"Feature","properties":{"NAME":"Unknown","SUBJECTO":"","PARTOF":"","BORDERPRECISION":"1"},"bbox":[8.953,3.853,9.78,4.283],"geometry":{"type":"MultiPolygon","coordinates":[[[[9.284,4.017],[8.953,4.283],[9.032,4.138],[9.651,4.018],[9.78,3.853],[9.651,4.018],[9.284,4.017]]]]}},{"type":"Feature","properties":{"NAME":"Unknown","SUBJECTO":"","PARTOF":"","BORDERPRECISION":"1"},"bbox":[8.263,4.525,8.925,4.841],"geometry":{"type":"MultiPolygon","coordinates":[[[[8.592,4.712],[8.328,4.841],[8.263,4.746],[8.328,4.841],[8.925,4.525],[8.592,4.712]]]]}},{"type":"Feature","properties":{"NAME":"Unknown","SUBJECTO":"","PARTOF":"","BORDERPRECISION":"1"},"bbox":[6.089,4.292,8.328,5.015],"geometry":{"type":"MultiPolygon","coordinates":[[[[8.14,4.466],[7.449,4.407],[7.176,4.527],[6.844,4.292],[6.089,4.328],[6.398,5.015],[6.089,4.328],[6.844,4.292],[7.046,4.508],[7.449,4.407],[8.14,4.466],[8.328,4.613],[8.14,4.466]]]]}},{"type":"Feature","properties":{"NAME":"Bantou","SUBJECTO":"Bantou","PARTOF":"Bantou","BORDERPRECISION":"1"},"bbox":[6.089,-20.043,43.415,7.732],"geometry":{"type":"MultiPolygon","coordinates":[[[[40.482,-12.844],[40.366,-12.991],[40.603,-13.531],[40.599,-14.401],[40.855,-14.699],[40.527,-15.183],[40.61,-15.355],[40.386,-15.736],[39.471,-16.717],[37.275,-17.713],[36.892,-18],[35.915,-19.032],[34.726,-19.86],[34.719,-20.043],[33.471,-20.023],[33.657,-18.649],[33.356,-16.539],[32.956,-16.069],[31.63,-16.069],[30.082,-16.364],[28.902,-18.207],[28.165,-19.681],[28.141,-19.94],[12.906,-19.702],[12.08,-18.491],[11.795,-17.844],[11.782,-15.868],[12.177,-15.276],[12.585,-13.464],[13.051,-12.751],[13.459,-12.502],[13.813,-11.656],[13.73,-10.544],[13.084,-9.287],[14.329,-9.368],[14.325,-8.234],[14.09,-7.706],[14.103,-7.376],[14.399,-7.198],[14.872,-7.376],[14.99,-7.198],[15.05,-6.015],[14.576,-4.772],[14.103,-4.949],[13.274,-5.778],[13.215,-6.133],[12.801,-5.956],[12.372,-6.258],[12.194,-5.775],[12.227,-5.362],[11.773,-4.537],[9.931,-2.711],[10.06,-2.571],[9.656,-2.419],[9.243,-1.772],[9.465,-1.593],[9.112,-1.353],[8.815,-0.896],[9.203,-0.634],[9.473,0.116],[9.883,0.079],[9.35,0.535],[9.566,0.612],[9.644,0.955],[9.622,1.089],[9.37,1.171],[9.851,1.877],[9.894,2.138],[9.801,2.379],[9.923,2.824],[9.586,3.675],[9.78,3.853],[9.651,4.018],[9.032,4.138],[8.875,4.62],[8.328,4.841],[8.299,4.555],[8.14,4.466],[7.449,4.407],[7.176,4.527],[6.844,4.292],[6.089,4.328],[6.764,5.827],[12.605,7.732],[22.225,6.196],[33.93,2.844],[34.406,2.49],[43.415,2.515],[39.417,-1.375],[37.732,-4.575],[38.238,-9.292],[39.248,-11.145],[40.4,-11.23],[40.311,-11.345],[40.482,-12.844]],[[15.236,-9.883],[15.659,-10.194],[16.196,-10.194],[16.591,-9.883],[16.591,-9.46],[16.196,-9.121],[15.518,-9.178],[15.321,-9.347],[15.236,-9.883]]]]}},{"type":"Feature","properties":{"NAME":"Khanate of Sibir","SUBJECTO":"Khanate of Sibir","PARTOF":"Khanate of Sibir","BORDERPRECISION":"1"},"bbox":[64.227,54.282,82.536,64.245],"geometry":{"type":"MultiPolygon","coordinates":[[[[70.97,64.245],[72.362,62.939],[74.372,63.079],[75.239,62.134],[75.664,58.615],[78.398,58.589],[82.536,57.08],[79.301,54.399],[68.591,54.282],[64.679,55.974],[64.227,57.662],[64.632,58.485],[68.806,62.585],[70.97,64.245]]]]}},{"type":"Feature","properties":{"NAME":"Twana/Skokomish","SUBJECTO":"Twana/Skokomish","PARTOF":"Twana/Skokomish","BORDERPRECISION":"1"},"bbox":[-123.517,47.317,-122.808,47.828],"geometry":{"type":"MultiPolygon","coordinates":[[[[-122.808,47.828],[-123.183,47.488],[-122.891,47.369],[-123.395,47.317],[-123.517,47.522],[-123.319,47.789],[-122.808,47.828]]]]}},{"type":"Feature","properties":{"NAME":"Wailaki","SUBJECTO":"Wailaki","PARTOF":"Wailaki","BORDERPRECISION":"1"},"bbox":[-123.75,39.943,-123.08,40.154],"geometry":{"type":"MultiPolygon","coordinates":[[[[-123.75,40.128],[-123.179,40.154],[-123.08,39.943],[-123.728,39.943],[-123.75,40.128]]]]}},{"type":"Feature","properties":{"NAME":"Kichwa Lamista","SUBJECTO":"Kichwa Lamista","PARTOF":"Kichwa Lamista","BORDERPRECISION":"1"},"bbox":[-77.125,-8.64,-75.455,-5.959],"geometry":{"type":"MultiPolygon","coordinates":[[[[-76.839,-6.054],[-76.353,-5.959],[-75.561,-6.05],[-75.455,-6.205],[-75.467,-6.674],[-76,-6.804],[-76.18,-7.366],[-76.118,-8.444],[-76.366,-8.62],[-76.912,-8.64],[-77.119,-8.532],[-76.919,-8.332],[-76.751,-7.826],[-76.772,-7.378],[-77.125,-6.861],[-76.993,-6.238],[-76.839,-6.054]]]]}},{"type":"Feature","properties":{"NAME":"Quinnipiac","SUBJECTO":"Quinnipiac","PARTOF":"Quinnipiac","BORDERPRECISION":"1"},"bbox":[-72.938,41.294,-72.506,41.669],"geometry":{"type":"MultiPolygon","coordinates":[[[[-72.854,41.294],[-72.938,41.315],[-72.903,41.652],[-72.606,41.669],[-72.506,41.326],[-72.854,41.294]]]]}},{"type":"Feature","properties":{"NAME":"Guachichil","SUBJECTO":"Guachichil","PARTOF":"Guachichil","BORDERPRECISION":"1"},"bbox":[-102.634,21.725,-99.403,25.707],"geometry":{"type":"MultiPolygon","coordinates":[[[[-102.39,22.67],[-102.572,23.402],[-102.481,24.401],[-102.634,25.428],[-102.355,25.61],[-101.237,25.707],[-100.776,25.433],[-100.58,25.135],[-99.976,25.006],[-99.437,24.639],[-99.403,23.935],[-99.515,23.709],[-99.952,23.161],[-100.406,22.85],[-100.331,22.546],[-100.127,22.428],[-100.261,21.725],[-100.702,21.913],[-101.552,21.834],[-102.39,22.67]]]]}},{"type":"Feature","properties":{"NAME":"Nahua (Mexico)","SUBJECTO":"Nahua (Mexico)","PARTOF":"Nahua (Mexico)","BORDERPRECISION":"1"},"bbox":[-100.011,19.001,-98.705,19.906],"geometry":{"type":"MultiPolygon","coordinates":[[[[-98.912,19.297],[-99.087,19.599],[-99.329,19.387],[-99.425,19.001],[-99.936,19.034],[-100.011,19.166],[-99.781,19.62],[-99.153,19.906],[-98.729,19.63],[-98.705,19.399],[-98.912,19.297]]]]}},{"type":"Feature","properties":{"NAME":"Náayerite (Cora)","SUBJECTO":"Náayerite (Cora)","PARTOF":"Náayerite (Cora)","BORDERPRECISION":"1"},"bbox":[-105.689,21.499,-104.384,22.693],"geometry":{"type":"MultiPolygon","coordinates":[[[[-104.384,22.318],[-104.474,22.103],[-104.403,21.499],[-104.748,21.909],[-105.111,21.868],[-105.331,21.982],[-105.689,22.568],[-105.436,22.513],[-105.046,22.693],[-104.815,22.666],[-104.454,22.571],[-104.384,22.318]]]]}},{"type":"Feature","properties":{"NAME":"P’urhépecha","SUBJECTO":"P’urhépecha","PARTOF":"P’urhépecha","BORDERPRECISION":"1"},"bbox":[-104.282,17.965,-100.011,21.024],"geometry":{"type":"MultiPolygon","coordinates":[[[[-101.993,18.027],[-103.494,18.354],[-103.841,18.712],[-103.58,19.453],[-103.755,19.729],[-104.094,19.502],[-104.282,19.959],[-104.168,20.502],[-103.776,20.853],[-101.978,20.717],[-101.022,21.024],[-100.347,20.702],[-100.011,19.489],[-100.212,19.132],[-100.171,18.793],[-100.855,18.362],[-101.301,18.303],[-101.905,17.965],[-101.993,18.027]]]]}},{"type":"Feature","properties":{"NAME":"Kiowa-Comanche-Apache (Oklahoma)","SUBJECTO":"Kiowa-Comanche-Apache (Oklahoma)","PARTOF":"Kiowa-Comanche-Apache (Oklahoma)","BORDERPRECISION":"1"},"bbox":[-99.404,33.995,-97.972,35.117],"geometry":{"type":"MultiPolygon","coordinates":[[[[-99.404,35.117],[-97.972,35.085],[-98.014,33.995],[-98.107,34.152],[-98.486,34.063],[-99.187,34.216],[-99.222,34.493],[-99.042,34.678],[-99.307,34.858],[-99.404,35.117]]]]}},{"type":"Feature","properties":{"NAME":"Cabiyari/Kawiyarí","SUBJECTO":"Cabiyari/Kawiyarí","PARTOF":"Cabiyari/Kawiyarí","BORDERPRECISION":"1"},"bbox":[-71.036,-0.311,-70.852,0.084],"geometry":{"type":"MultiPolygon","coordinates":[[[[-71.036,0.084],[-70.885,0.062],[-70.852,-0.311],[-71.035,-0.225],[-71.036,0.084]]]]}},{"type":"Feature","properties":{"NAME":"Achumawi","SUBJECTO":"Achumawi","PARTOF":"Achumawi","BORDERPRECISION":"1"},"bbox":[-122.093,40.922,-120.248,41.866],"geometry":{"type":"MultiPolygon","coordinates":[[[[-122.093,41.411],[-120.426,41.866],[-120.309,41.794],[-120.39,41.561],[-120.248,41.215],[-120.368,40.955],[-121.083,41.063],[-121.953,40.922],[-122.093,41.411]]]]}},{"type":"Feature","properties":{"NAME":"Cayubaba","SUBJECTO":"Cayubaba","PARTOF":"Cayubaba","BORDERPRECISION":"1"},"bbox":[-66.153,-13.504,-64.983,-12.428],"geometry":{"type":"MultiPolygon","coordinates":[[[[-65.235,-13.504],[-66.038,-13.346],[-66.153,-13.19],[-66.089,-12.83],[-65.162,-12.428],[-64.983,-12.943],[-65.235,-13.504]]]]}},{"type":"Feature","properties":{"NAME":"Totonac","SUBJECTO":"Totonac","PARTOF":"Totonac","BORDERPRECISION":"1"},"bbox":[-98.145,19.745,-97.929,19.905],"geometry":{"type":"MultiPolygon","coordinates":[[[[-98.076,19.905],[-97.929,19.829],[-98.041,19.745],[-98.145,19.807],[-98.076,19.905]]]]}},{"type":"Feature","properties":{"NAME":"Miranha","SUBJECTO":"Miranha","PARTOF":"Miranha","BORDERPRECISION":"1"},"bbox":[-71.872,-4.625,-62.921,-0.223],"geometry":{"type":"MultiPolygon","coordinates":[[[[-65.265,-1.857],[-64.978,-1.913],[-64.848,-2.089],[-64.737,-2.774],[-64.431,-3.088],[-63.264,-3.551],[-63.005,-3.772],[-62.921,-3.948],[-63.09,-4.359],[-63.63,-4.625],[-65.428,-3.381],[-65.734,-2.859],[-65.551,-2.108],[-65.367,-1.913],[-69.46,-1.499],[-70.469,-1.642],[-71.497,-1.289],[-71.83,-1.064],[-71.872,-0.888],[-71.526,-0.732],[-70.813,-0.713],[-70.463,-0.291],[-70.182,-0.223],[-69.874,-0.345],[-69.397,-1.093],[-69.451,-1.487],[-65.265,-1.857]]]]}},{"type":"Feature","properties":{"NAME":"Yeba-masã","SUBJECTO":"Yeba-masã","PARTOF":"Yeba-masã","BORDERPRECISION":"1"},"bbox":[-70.312,-0.205,-69.928,0.082],"geometry":{"type":"MultiPolygon","coordinates":[[[[-70.312,-0.185],[-70.256,0.055],[-69.928,0.082],[-69.977,-0.205],[-70.312,-0.185]]]]}},{"type":"Feature","properties":{"NAME":"Seneca-Cayuga (Oklahoma)","SUBJECTO":"Seneca-Cayuga (Oklahoma)","PARTOF":"Seneca-Cayuga (Oklahoma)","BORDERPRECISION":"1"},"bbox":[-94.791,36.625,-94.618,36.77],"geometry":{"type":"MultiPolygon","coordinates":[[[[-94.618,36.625],[-94.791,36.629],[-94.782,36.769],[-94.618,36.77],[-94.618,36.625]]]]}},{"type":"Feature","properties":{"NAME":"Abipones","SUBJECTO":"Abipones","PARTOF":"Abipones","BORDERPRECISION":"1"},"bbox":[-62.706,-30.043,-59.905,-28.275],"geometry":{"type":"MultiPolygon","coordinates":[[[[-62.625,-28.749],[-62.27,-28.403],[-61.876,-28.282],[-60.998,-28.275],[-60.117,-28.44],[-59.944,-28.594],[-59.905,-29.455],[-60.293,-29.913],[-61.136,-30.043],[-61.994,-30.003],[-62.428,-29.798],[-62.608,-29.55],[-62.706,-28.93],[-62.625,-28.749]]]]}},{"type":"Feature","properties":{"NAME":"Tsnungwe","SUBJECTO":"Tsnungwe","PARTOF":"Tsnungwe","BORDERPRECISION":"1"},"bbox":[-123.768,40.705,-123.184,40.991],"geometry":{"type":"MultiPolygon","coordinates":[[[[-123.593,40.991],[-123.184,40.942],[-123.383,40.705],[-123.542,40.708],[-123.768,40.846],[-123.593,40.991]]]]}},{"type":"Feature","properties":{"NAME":"Tamien Nation","SUBJECTO":"Tamien Nation","PARTOF":"Tamien Nation","BORDERPRECISION":"1"},"bbox":[-122.293,37.024,-121.424,37.578],"geometry":{"type":"MultiPolygon","coordinates":[[[[-122.119,37.536],[-121.581,37.578],[-121.424,37.024],[-121.939,37.122],[-122.293,37.419],[-122.119,37.536]]]]}},{"type":"Feature","properties":{"NAME":"Susquehannock","SUBJECTO":"Susquehannock","PARTOF":"Susquehannock","BORDERPRECISION":"1"},"bbox":[-79.008,38.306,-75.733,42.65],"geometry":{"type":"MultiPolygon","coordinates":[[[[-76.005,38.64],[-76.279,38.809],[-76.353,38.735],[-76.305,38.88],[-76.112,38.845],[-76.344,39.026],[-76.063,39.195],[-76.26,39.201],[-76.151,39.367],[-75.858,39.436],[-76.006,39.462],[-75.94,39.646],[-76.201,39.424],[-76.259,39.501],[-76.272,39.361],[-76.339,39.462],[-76.385,39.275],[-76.587,39.311],[-76.405,39.085],[-76.538,38.785],[-76.408,38.397],[-76.663,38.634],[-76.652,38.542],[-76.442,38.306],[-76.666,38.49],[-76.704,38.975],[-77.189,39.342],[-76.369,39.64],[-78.442,40.175],[-79.008,40.568],[-78.701,41.282],[-78.657,42.46],[-78.536,42.65],[-76.207,42.468],[-76.196,42.033],[-76.036,41.718],[-76.135,41.158],[-75.971,39.711],[-75.733,39.05],[-75.99,38.761],[-75.984,38.598],[-76.137,38.621],[-76.005,38.64]]]]}},{"type":"Feature","properties":{"NAME":"Terena","SUBJECTO":"Terena","PARTOF":"Terena","BORDERPRECISION":"1"},"bbox":[-56.513,-21.203,-54.533,-19.737],"geometry":{"type":"MultiPolygon","coordinates":[[[[-56.513,-19.917],[-56.265,-19.737],[-55.849,-20.19],[-55.361,-20.275],[-54.699,-20.2],[-54.533,-20.397],[-54.559,-20.65],[-54.758,-20.997],[-55.806,-21.203],[-56.413,-20.501],[-56.513,-19.917]]]]}},{"type":"Feature","properties":{"NAME":"Chané","SUBJECTO":"Chané","PARTOF":"Chané","BORDERPRECISION":"1"},"bbox":[-64.041,-24.067,-62.513,-19.746],"geometry":{"type":"MultiPolygon","coordinates":[[[[-63.919,-22.252],[-63.509,-19.904],[-63.11,-19.746],[-62.904,-19.803],[-62.592,-20.1],[-62.513,-20.597],[-62.683,-23.377],[-62.853,-24.006],[-63.418,-24.067],[-63.773,-23.761],[-64.041,-22.991],[-63.919,-22.252]]]]}},{"type":"Feature","properties":{"NAME":"Quatsino","SUBJECTO":"Quatsino","PARTOF":"Quatsino","BORDERPRECISION":"1"},"bbox":[-128.433,50.28,-127.062,50.874],"geometry":{"type":"MultiPolygon","coordinates":[[[[-127.769,50.28],[-128.433,50.827],[-128.051,50.874],[-127.947,50.689],[-127.488,50.606],[-127.062,50.298],[-127.769,50.28]]]]}},{"type":"Feature","properties":{"NAME":"Chit-dee-ni (Chetco)","SUBJECTO":"Chit-dee-ni (Chetco)","PARTOF":"Chit-dee-ni (Chetco)","BORDERPRECISION":"1"},"bbox":[-124.306,41.988,-124.034,42.189],"geometry":{"type":"MultiPolygon","coordinates":[[[[-124.306,42.055],[-124.229,42.189],[-124.034,42.141],[-124.186,41.988],[-124.306,42.055]]]]}},{"type":"Feature","properties":{"NAME":"Puruwá","SUBJECTO":"Puruwá","PARTOF":"Puruwá","BORDERPRECISION":"1"},"bbox":[-79.026,-2.334,-78.368,-1.428],"geometry":{"type":"MultiPolygon","coordinates":[[[[-78.861,-2.334],[-79.026,-1.949],[-78.782,-1.428],[-78.368,-1.638],[-78.534,-2.334],[-78.861,-2.334]]]]}},{"type":"Feature","properties":{"NAME":"Ungazigmit (Chaplino) Yupik","SUBJECTO":"Ungazigmit (Chaplino) Yupik","PARTOF":"Ungazigmit (Chaplino) Yupik","BORDERPRECISION":"1"},"bbox":[-174.096,64.384,-173.025,64.675],"geometry":{"type":"MultiPolygon","coordinates":[[[[-173.025,64.506],[-173.077,64.384],[-174.096,64.482],[-173.887,64.621],[-173.269,64.675],[-173.123,64.675],[-173.025,64.506]]]]}},{"type":"Feature","properties":{"NAME":"Karuk","SUBJECTO":"Karuk","PARTOF":"Karuk","BORDERPRECISION":"1"},"bbox":[-123.82,41.092,-123.037,42.015],"geometry":{"type":"MultiPolygon","coordinates":[[[[-123.441,42.015],[-123.105,41.909],[-123.205,41.594],[-123.037,41.348],[-123.464,41.092],[-123.72,41.239],[-123.82,41.462],[-123.685,41.834],[-123.441,42.015]]]]}},{"type":"Feature","properties":{"NAME":"Yanomami","SUBJECTO":"Yanomami","PARTOF":"Yanomami","BORDERPRECISION":"1"},"bbox":[-66.483,-0.244,-61.367,6.015],"geometry":{"type":"MultiPolygon","coordinates":[[[[-63.983,5.027],[-63.358,4.508],[-63.214,4.471],[-63.102,4.594],[-62.752,4.16],[-62.007,4.135],[-62.013,3.814],[-62.187,3.555],[-61.654,2.546],[-62.014,2.199],[-61.898,2.049],[-61.534,2.037],[-61.525,2.25],[-61.37,2.214],[-61.367,1.881],[-62.183,1.36],[-62.174,1.063],[-62.562,1.147],[-62.662,0.809],[-63.081,1.191],[-63.388,0.984],[-64.773,0.644],[-65.109,-0.244],[-65.243,-0.157],[-65.285,0.252],[-66.295,0.105],[-66.483,0.421],[-66.285,0.762],[-65.76,1.082],[-65.805,1.976],[-65.342,2.843],[-65.281,3.239],[-64.972,3.632],[-65.266,4.117],[-65.467,4.234],[-65.565,4.698],[-65.92,5.016],[-66.001,5.269],[-65.054,5.363],[-64.557,6.015],[-64.202,5.766],[-63.983,5.027]]]]}},{"type":"Feature","properties":{"NAME":"Pilagal'ek","SUBJECTO":"Pilagal'ek","PARTOF":"Pilagal'ek","BORDERPRECISION":"1"},"bbox":[-61.206,-25.505,-58.707,-23.728],"geometry":{"type":"MultiPolygon","coordinates":[[[[-58.707,-24.956],[-58.858,-25.445],[-59.076,-25.505],[-60.532,-24.653],[-60.765,-24.623],[-61.14,-24.32],[-61.206,-23.887],[-61.01,-23.728],[-59.179,-24.366],[-58.713,-24.745],[-58.707,-24.956]]]]}},{"type":"Feature","properties":{"NAME":"Tututni","SUBJECTO":"Tututni","PARTOF":"Tututni","BORDERPRECISION":"1"},"bbox":[-124.579,42.155,-124.045,43.068],"geometry":{"type":"MultiPolygon","coordinates":[[[[-124.446,42.356],[-124.579,42.873],[-124.436,43.068],[-124.119,42.81],[-124.045,42.344],[-124.353,42.155],[-124.446,42.356]]]]}},{"type":"Feature","properties":{"NAME":"Shiwilu","SUBJECTO":"Shiwilu","PARTOF":"Shiwilu","BORDERPRECISION":"1"},"bbox":[-76.679,-5.988,-75.903,-4.942],"geometry":{"type":"MultiPolygon","coordinates":[[[[-76.271,-5.988],[-76.548,-5.741],[-76.679,-5.243],[-76.643,-5.085],[-76.327,-4.942],[-75.97,-5.053],[-75.903,-5.266],[-76.029,-5.905],[-76.271,-5.988]]]]}},{"type":"Feature","properties":{"NAME":"Wounaan","SUBJECTO":"Wounaan","PARTOF":"Wounaan","BORDERPRECISION":"1"},"bbox":[-78.287,3.96,-76.621,8.683],"geometry":{"type":"MultiPolygon","coordinates":[[[[-77.412,4.097],[-77.267,4.739],[-77.368,5.207],[-76.965,5.337],[-77.419,7.253],[-77.624,7.092],[-77.809,7.426],[-77.458,7.665],[-77.895,7.749],[-78.025,7.584],[-78.287,7.955],[-78.091,8.054],[-77.893,7.751],[-77.45,7.667],[-77.312,7.997],[-77.651,8.061],[-77.922,8.572],[-77.626,8.683],[-77.28,8.247],[-77.414,7.261],[-76.96,5.336],[-76.627,5.094],[-76.621,4.707],[-76.849,4.009],[-77.225,3.96],[-77.412,4.097]]]]}},{"type":"Feature","properties":{"NAME":"Gitanyow Lax’yip","SUBJECTO":"Gitanyow Lax’yip","PARTOF":"Gitanyow Lax’yip","BORDERPRECISION":"1"},"bbox":[-129.866,55.196,-127.895,56.357],"geometry":{"type":"MultiPolygon","coordinates":[[[[-128.644,55.234],[-128.703,55.414],[-129.496,55.7],[-129.574,55.843],[-129.866,55.871],[-129.64,55.977],[-129.748,56.357],[-129.157,56.301],[-128.597,55.753],[-128.453,55.722],[-128.347,55.872],[-128.246,55.658],[-128.374,55.631],[-127.939,55.437],[-127.895,55.196],[-128.644,55.234]]]]}},{"type":"Feature","properties":{"NAME":"Onöndowa'ga:' (Seneca)","SUBJECTO":"Onöndowa'ga:' (Seneca)","PARTOF":"Onöndowa'ga:' (Seneca)","BORDERPRECISION":"1"},"bbox":[-78.642,41.951,-76.601,43.369],"geometry":{"type":"MultiPolygon","coordinates":[[[[-78.018,43.367],[-77.523,43.19],[-77.014,43.238],[-76.601,42.341],[-76.643,41.951],[-78.142,42.173],[-78.638,42.068],[-78.642,42.265],[-78.291,42.611],[-78.15,43.369],[-78.018,43.367]]]]}},{"type":"Feature","properties":{"NAME":"Hupacasath","SUBJECTO":"Hupacasath","PARTOF":"Hupacasath","BORDERPRECISION":"1"},"bbox":[-125.571,48.975,-124.442,49.548],"geometry":{"type":"MultiPolygon","coordinates":[[[[-124.999,49.169],[-125.263,49.192],[-125.571,49.415],[-125.412,49.548],[-125.027,49.497],[-124.442,49.115],[-124.956,48.975],[-124.999,49.169]]]]}},{"type":"Feature","properties":{"NAME":"Subtiaba","SUBJECTO":"Subtiaba","PARTOF":"Subtiaba","BORDERPRECISION":"1"},"bbox":[-87.158,12.101,-86.636,12.522],"geometry":{"type":"MultiPolygon","coordinates":[[[[-86.885,12.256],[-87.158,12.522],[-86.749,12.505],[-86.636,12.21],[-86.742,12.101],[-86.885,12.256]]]]}},{"type":"Feature","properties":{"NAME":"Pamunkey","SUBJECTO":"Pamunkey","PARTOF":"Pamunkey","BORDERPRECISION":"1"},"bbox":[-77.137,37.533,-76.787,37.695],"geometry":{"type":"MultiPolygon","coordinates":[[[[-76.787,37.563],[-77.047,37.533],[-77.137,37.664],[-76.904,37.695],[-76.787,37.563]]]]}},{"type":"Feature","properties":{"NAME":"Ponca","SUBJECTO":"Ponca","PARTOF":"Ponca","BORDERPRECISION":"1"},"bbox":[-100.745,42.212,-97.668,44.292],"geometry":{"type":"MultiPolygon","coordinates":[[[[-99.888,44.292],[-99.448,44.151],[-99.163,43.421],[-98.262,42.876],[-97.668,42.795],[-98.437,42.212],[-100.745,42.505],[-100.635,43.644],[-99.888,44.292]]]]}},{"type":"Feature","properties":{"NAME":"Sissipahaw","SUBJECTO":"Sissipahaw","PARTOF":"Sissipahaw","BORDERPRECISION":"1"},"bbox":[-80.096,35.817,-79.481,36.075],"geometry":{"type":"MultiPolygon","coordinates":[[[[-79.481,35.946],[-79.615,35.817],[-79.949,35.824],[-80.096,35.993],[-79.823,36.075],[-79.481,35.946]]]]}},{"type":"Feature","properties":{"NAME":"Pasto","SUBJECTO":"Pasto","PARTOF":"Pasto","BORDERPRECISION":"1"},"bbox":[-78.421,0.392,-76.938,1.519],"geometry":{"type":"MultiPolygon","coordinates":[[[[-77.359,0.392],[-78.075,0.453],[-78.399,0.607],[-78.421,0.892],[-78.099,1.266],[-77.547,1.519],[-77.027,1.476],[-76.938,1.392],[-76.985,1.032],[-77.359,0.392]]]]}},{"type":"Feature","properties":{"NAME":"Boe","SUBJECTO":"Boe","PARTOF":"Boe","BORDERPRECISION":"1"},"bbox":[-58.371,-19.54,-49.191,-15.105],"geometry":{"type":"MultiPolygon","coordinates":[[[[-58.269,-16.362],[-57.897,-16.076],[-56.492,-15.61],[-53.846,-15.105],[-52.143,-15.677],[-49.824,-16.834],[-49.385,-17.346],[-49.191,-17.787],[-49.191,-18.227],[-49.946,-18.343],[-51.334,-19.104],[-52.917,-19.54],[-55.497,-19.361],[-56.507,-19.154],[-57.303,-18.845],[-57.742,-18.262],[-58.298,-17.049],[-58.371,-16.698],[-58.269,-16.362]]]]}},{"type":"Feature","properties":{"NAME":"Totorames","SUBJECTO":"Totorames","PARTOF":"Totorames","BORDERPRECISION":"1"},"bbox":[-106.819,21.473,-104.606,24.022],"geometry":{"type":"MultiPolygon","coordinates":[[[[-105.294,21.522],[-105.628,21.954],[-105.54,22.285],[-106.819,23.653],[-106.603,24.022],[-106.343,23.999],[-105.851,23.099],[-104.78,22.523],[-104.606,22.01],[-104.738,21.711],[-105.135,21.473],[-105.294,21.522]]]]}},{"type":"Feature","properties":{"NAME":"Dyo'xaiya-o-Ivo'tsa (Okaina)","SUBJECTO":"Dyo'xaiya-o-Ivo'tsa (Okaina)","PARTOF":"Dyo'xaiya-o-Ivo'tsa (Okaina)","BORDERPRECISION":"1"},"bbox":[-72.716,-3.997,-70.053,-1.613],"geometry":{"type":"MultiPolygon","coordinates":[[[[-72.513,-3.467],[-72.716,-2.964],[-72.539,-2.116],[-72.292,-1.754],[-71.593,-1.613],[-70.787,-1.975],[-70.513,-2.337],[-70.336,-2.752],[-70.327,-3.308],[-70.097,-3.6],[-70.053,-3.953],[-70.459,-3.864],[-71.202,-3.997],[-71.22,-3.864],[-71.503,-3.864],[-71.68,-3.697],[-71.856,-3.353],[-72.21,-3.529],[-72.513,-3.467]]]]}},{"type":"Feature","properties":{"NAME":"Okwanuchu","SUBJECTO":"Okwanuchu","PARTOF":"Okwanuchu","BORDERPRECISION":"1"},"bbox":[-122.399,40.988,-121.915,41.393],"geometry":{"type":"MultiPolygon","coordinates":[[[[-122.366,41.319],[-122.025,41.393],[-121.915,41.063],[-122.399,40.988],[-122.366,41.319]]]]}},{"type":"Feature","properties":{"NAME":"Hoti","SUBJECTO":"Hoti","PARTOF":"Hoti","BORDERPRECISION":"1"},"bbox":[-66.175,5.123,-64.93,6.542],"geometry":{"type":"MultiPolygon","coordinates":[[[[-65.868,6.064],[-65.639,6.542],[-65.111,6.534],[-64.985,6.331],[-64.93,6.072],[-65.087,5.688],[-65.671,5.131],[-66.01,5.123],[-66.175,5.366],[-65.868,6.064]]]]}},{"type":"Feature","properties":{"NAME":"Nłeʔkepmx Tmíxʷ (Nlaka'pamux)","SUBJECTO":"Nłeʔkepmx Tmíxʷ (Nlaka'pamux)","PARTOF":"Nłeʔkepmx Tmíxʷ (Nlaka'pamux)","BORDERPRECISION":"1"},"bbox":[-122.348,48.364,-119.356,51.025],"geometry":{"type":"MultiPolygon","coordinates":[[[[-119.356,50.363],[-119.41,49.824],[-119.619,49.76],[-119.388,49.16],[-119.377,48.713],[-120.212,48.422],[-120.97,48.364],[-121.652,48.429],[-122.135,48.698],[-122.069,48.922],[-121.608,49.117],[-121.586,49.347],[-121.805,49.382],[-121.882,49.618],[-122.311,49.916],[-122.348,50.108],[-122.262,50.327],[-121.682,50.717],[-121.447,51.025],[-120.839,51],[-120.366,50.667],[-119.91,50.628],[-119.356,50.363]]]]}},{"type":"Feature","properties":{"NAME":"Quechua","SUBJECTO":"Quechua","PARTOF":"Quechua","BORDERPRECISION":"1"},"bbox":[-79.75,-27.889,-63.922,-5.696],"geometry":{"type":"MultiPolygon","coordinates":[[[[-77.759,-10.659],[-78.192,-9.87],[-78.23,-8.629],[-78.672,-7.704],[-79.361,-6.806],[-79.642,-6.195],[-79.75,-5.749],[-79.654,-5.696],[-77.696,-6.232],[-77.563,-6.596],[-77.649,-6.901],[-77.577,-7.516],[-77.381,-8.011],[-76.967,-8.328],[-76.729,-8.914],[-75.671,-9.818],[-75.673,-10.717],[-75.556,-10.948],[-74.935,-11.344],[-74.559,-11.902],[-73.759,-12.572],[-72.886,-12.331],[-72.38,-12.336],[-71.156,-13.319],[-70.394,-13.178],[-70.012,-13.437],[-69.224,-13.678],[-68.869,-14.149],[-68.103,-14.366],[-67.466,-14.708],[-66.4,-16.134],[-66.139,-16.236],[-65.622,-16.144],[-65.109,-15.726],[-64.808,-15.713],[-64.576,-15.851],[-64.504,-16.871],[-64.23,-17.35],[-64.637,-18.011],[-64.294,-18.533],[-64.307,-18.758],[-64.071,-18.934],[-63.922,-19.731],[-64.241,-21.183],[-64.899,-21.204],[-65.079,-21.355],[-65.196,-22.084],[-64.971,-25.077],[-64.78,-25.295],[-64.158,-27.234],[-64.154,-27.485],[-64.497,-27.889],[-65.186,-27.762],[-65.491,-27.443],[-65.429,-25.383],[-65.25,-25.14],[-64.978,-25.076],[-65.217,-22.085],[-66.417,-22.216],[-66.798,-22.442],[-67.243,-24.024],[-67.437,-24.175],[-68.443,-24.586],[-68.703,-24.187],[-68.616,-22.961],[-68.762,-21.663],[-69.87,-18.165],[-69.802,-17.7],[-69.436,-17.608],[-69.116,-18.055],[-68.779,-19.05],[-68.181,-19.553],[-67.684,-19.78],[-67.481,-19.494],[-66.794,-19.065],[-67.062,-18.392],[-67.059,-17.245],[-66.886,-16.121],[-68.716,-15.65],[-69.286,-15.191],[-69.745,-15.354],[-69.945,-15.95],[-70.579,-16.792],[-71.334,-17.135],[-72.363,-16.1],[-74.259,-15.844],[-75.225,-14.703],[-75.733,-13.69],[-76.633,-12.527],[-77.759,-10.659]]]]}},{"type":"Feature","properties":{"NAME":"Nüwüwü (Chemehuevi)","SUBJECTO":"Nüwüwü (Chemehuevi)","PARTOF":"Nüwüwü (Chemehuevi)","BORDERPRECISION":"1"},"bbox":[-116.591,33.281,-114.117,36.589],"geometry":{"type":"MultiPolygon","coordinates":[[[[-115.164,36.32],[-114.741,36.089],[-114.573,35.303],[-114.622,34.938],[-114.117,34.311],[-114.528,33.933],[-114.558,33.513],[-114.856,33.281],[-115.267,33.376],[-115.579,33.619],[-115.521,33.9],[-115.285,33.919],[-115.368,34.172],[-115.698,34.567],[-116.29,34.741],[-116.591,35.37],[-116.529,35.494],[-115.629,35.771],[-116.001,36.205],[-115.948,36.539],[-115.562,36.589],[-115.164,36.32]]]]}},{"type":"Feature","properties":{"NAME":"Otavalo","SUBJECTO":"Otavalo","PARTOF":"Otavalo","BORDERPRECISION":"1"},"bbox":[-78.482,-0.049,-78.004,0.455],"geometry":{"type":"MultiPolygon","coordinates":[[[[-78.312,-0.049],[-78.482,0.286],[-78.004,0.455],[-78.069,0.018],[-78.312,-0.049]]]]}},{"type":"Feature","properties":{"NAME":"Rayados (Borrados)","SUBJECTO":"Rayados (Borrados)","PARTOF":"Rayados (Borrados)","BORDERPRECISION":"1"},"bbox":[-99.685,24.531,-97.26,26.154],"geometry":{"type":"MultiPolygon","coordinates":[[[[-97.26,25.811],[-97.658,25.073],[-97.773,24.531],[-98.867,24.569],[-99.305,24.773],[-99.685,25.647],[-99.525,25.856],[-98.76,25.92],[-98.158,26.154],[-97.357,26.018],[-97.26,25.811]]]]}},{"type":"Feature","properties":{"NAME":"Arrohatec","SUBJECTO":"Arrohatec","PARTOF":"Arrohatec","BORDERPRECISION":"1"},"bbox":[-77.55,37.287,-77.245,37.455],"geometry":{"type":"MultiPolygon","coordinates":[[[[-77.355,37.287],[-77.55,37.369],[-77.245,37.455],[-77.355,37.287]]]]}},{"type":"Feature","properties":{"NAME":"Saraguro","SUBJECTO":"Saraguro","PARTOF":"Saraguro","BORDERPRECISION":"1"},"bbox":[-79.424,-3.782,-79.114,-3.515],"geometry":{"type":"MultiPolygon","coordinates":[[[[-79.114,-3.644],[-79.28,-3.782],[-79.424,-3.576],[-79.276,-3.515],[-79.114,-3.644]]]]}},{"type":"Feature","properties":{"NAME":"Chepenefa","SUBJECTO":"Chepenefa","PARTOF":"Chepenefa","BORDERPRECISION":"1"},"bbox":[-123.716,44.531,-123.073,44.834],"geometry":{"type":"MultiPolygon","coordinates":[[[[-123.264,44.562],[-123.547,44.531],[-123.716,44.834],[-123.146,44.753],[-123.073,44.654],[-123.264,44.562]]]]}},{"type":"Feature","properties":{"NAME":"Akwê","SUBJECTO":"Akwê","PARTOF":"Akwê","BORDERPRECISION":"1"},"bbox":[-48.409,-10.075,-47.69,-9.109],"geometry":{"type":"MultiPolygon","coordinates":[[[[-48.318,-9.207],[-47.989,-9.109],[-47.709,-9.25],[-47.69,-9.984],[-48.286,-10.075],[-48.409,-9.625],[-48.318,-9.207]]]]}},{"type":"Feature","properties":{"NAME":"Tsa'chila","SUBJECTO":"Tsa'chila","PARTOF":"Tsa'chila","BORDERPRECISION":"1"},"bbox":[-79.433,-0.558,-79.108,0.002],"geometry":{"type":"MultiPolygon","coordinates":[[[[-79.42,-0.173],[-79.433,-0.019],[-79.329,0.002],[-79.108,-0.325],[-79.187,-0.558],[-79.381,-0.545],[-79.42,-0.173]]]]}},{"type":"Feature","properties":{"NAME":"Popti'","SUBJECTO":"Popti'","PARTOF":"Popti'","BORDERPRECISION":"1"},"bbox":[-92.159,15.547,-91.381,16.077],"geometry":{"type":"MultiPolygon","coordinates":[[[[-92.021,15.58],[-92.159,15.709],[-91.904,15.782],[-91.746,16.054],[-91.381,16.077],[-91.404,15.761],[-91.67,15.697],[-91.466,15.547],[-92.021,15.58]]]]}},{"type":"Feature","properties":{"NAME":"Coos, Lower Umpqua, Siuslaw","SUBJECTO":"Coos, Lower Umpqua, Siuslaw","PARTOF":"Coos, Lower Umpqua, Siuslaw","BORDERPRECISION":"1"},"bbox":[-124.431,43.169,-123.086,44.26],"geometry":{"type":"MultiPolygon","coordinates":[[[[-124.302,43.343],[-124.137,43.666],[-124.222,43.799],[-124.151,44.172],[-123.486,44.26],[-123.568,44.062],[-123.086,43.887],[-123.125,43.77],[-123.818,43.729],[-123.746,43.437],[-123.543,43.249],[-123.604,43.169],[-124.431,43.189],[-124.302,43.343]]]]}},{"type":"Feature","properties":{"NAME":"Buglé and Ngäbé","SUBJECTO":"Buglé and Ngäbé","PARTOF":"Buglé and Ngäbé","BORDERPRECISION":"1"},"bbox":[-83.664,8.075,-81.067,9.172],"geometry":{"type":"MultiPolygon","coordinates":[[[[-82.956,8.257],[-83.09,8.395],[-83.085,8.651],[-83.412,8.727],[-83.279,8.413],[-83.664,8.675],[-83.492,8.831],[-83.152,8.824],[-82.247,8.528],[-82.273,8.862],[-82.437,9.058],[-82.344,9.172],[-82.227,9.014],[-81.69,9.045],[-81.495,8.865],[-81.213,8.833],[-81.067,8.48],[-81.48,8.075],[-81.626,8.308],[-82.797,8.623],[-82.98,8.374],[-82.908,8.156],[-82.956,8.257]]]]}},{"type":"Feature","properties":{"NAME":"Koyukon","SUBJECTO":"Koyukon","PARTOF":"Koyukon","BORDERPRECISION":"1"},"bbox":[-160.231,63.052,-147.012,68.512],"geometry":{"type":"MultiPolygon","coordinates":[[[[-160.231,63.544],[-159.791,63.895],[-158.957,65.69],[-157.728,66.059],[-153.185,66.477],[-152.333,67.286],[-151.772,67.639],[-149.912,68.512],[-148.88,67.144],[-147.775,66.624],[-147.012,65.876],[-148.538,65.706],[-149.794,65.249],[-150.62,64.596],[-150.664,64.137],[-150.015,63.325],[-151.155,63.052],[-152.932,63.903],[-156.007,63.126],[-155.99,63.89],[-156.446,63.996],[-157.821,63.897],[-159.073,63.401],[-160.231,63.544]]]]}},{"type":"Feature","properties":{"NAME":"Upper Tanana","SUBJECTO":"Upper Tanana","PARTOF":"Upper Tanana","BORDERPRECISION":"1"},"bbox":[-143.728,61.355,-140.377,64.078],"geometry":{"type":"MultiPolygon","coordinates":[[[[-140.975,61.537],[-141.949,61.355],[-142.245,61.715],[-142.908,61.702],[-143.157,61.869],[-143.63,61.939],[-143.728,62.12],[-143.347,62.595],[-143.63,62.886],[-142.712,63.283],[-141.888,64.078],[-141.26,63.872],[-140.708,63.491],[-140.447,63.001],[-140.377,62.476],[-140.698,61.596],[-140.975,61.537]]]]}},{"type":"Feature","properties":{"NAME":"New River Shasta","SUBJECTO":"New River Shasta","PARTOF":"New River Shasta","BORDERPRECISION":"1"},"bbox":[-123.387,40.963,-122.783,41.476],"geometry":{"type":"MultiPolygon","coordinates":[[[[-123.344,41.228],[-123.036,41.195],[-122.959,41.27],[-123.168,41.336],[-122.992,41.476],[-122.783,41.27],[-122.893,40.988],[-123.387,40.963],[-123.344,41.228]]]]}},{"type":"Feature","properties":{"NAME":"Krenyê","SUBJECTO":"Krenyê","PARTOF":"Krenyê","BORDERPRECISION":"1"},"bbox":[-45.498,-5.551,-44.483,-4.096],"geometry":{"type":"MultiPolygon","coordinates":[[[[-44.966,-4.096],[-44.755,-4.115],[-44.607,-4.295],[-44.483,-4.847],[-44.626,-5.406],[-44.994,-5.551],[-45.324,-5.416],[-45.498,-4.816],[-45.277,-4.227],[-44.966,-4.096]]]]}},{"type":"Feature","properties":{"NAME":"Nisqually","SUBJECTO":"Nisqually","PARTOF":"Nisqually","BORDERPRECISION":"1"},"bbox":[-123.182,46.613,-121.691,47.192],"geometry":{"type":"MultiPolygon","coordinates":[[[[-122.723,47.192],[-121.722,46.815],[-121.691,46.68],[-122.483,46.613],[-123.182,46.945],[-122.723,47.192]]]]}},{"type":"Feature","properties":{"NAME":"Karanki","SUBJECTO":"Karanki","PARTOF":"Karanki","BORDERPRECISION":"1"},"bbox":[-78.386,-0.125,-77.88,0.535],"geometry":{"type":"MultiPolygon","coordinates":[[[[-78.109,0.535],[-77.88,0.329],[-78.061,0.002],[-78.339,-0.125],[-78.386,0.33],[-78.109,0.535]]]]}},{"type":"Feature","properties":{"NAME":"Rappahannock","SUBJECTO":"Rappahannock","PARTOF":"Rappahannock","BORDERPRECISION":"1"},"bbox":[-77.131,37.855,-76.618,38.056],"geometry":{"type":"MultiPolygon","coordinates":[[[[-76.871,38.056],[-76.618,37.995],[-76.665,37.897],[-76.871,38.056]]],[[[-76.7,37.855],[-77.131,37.903],[-76.875,38.056],[-76.7,37.855]]]]}},{"type":"Feature","properties":{"NAME":"Guane","SUBJECTO":"Guane","PARTOF":"Guane","BORDERPRECISION":"1"},"bbox":[-73.833,6.181,-72.789,7.536],"geometry":{"type":"MultiPolygon","coordinates":[[[[-72.789,6.755],[-72.798,6.525],[-73.253,6.199],[-73.566,6.181],[-73.833,6.347],[-73.828,6.896],[-73.202,7.536],[-72.989,6.927],[-72.789,6.755]]]]}},{"type":"Feature","properties":{"NAME":"x̣àʼisla w̓áwís (Haisla)","SUBJECTO":"x̣àʼisla w̓áwís (Haisla)","PARTOF":"x̣àʼisla w̓áwís (Haisla)","BORDERPRECISION":"1"},"bbox":[-129.296,52.76,-127.211,54.298],"geometry":{"type":"MultiPolygon","coordinates":[[[[-128.889,53.418],[-128.814,53.764],[-129.296,53.785],[-129.287,54.027],[-128.992,54.078],[-128.915,54.282],[-128.062,54.298],[-127.963,54.166],[-128.052,53.89],[-127.586,53.557],[-127.557,53.391],[-127.424,53.487],[-127.23,53.293],[-127.474,53.134],[-127.268,53.053],[-127.211,52.818],[-127.761,52.76],[-128.221,53.211],[-128.44,53.188],[-128.59,53.313],[-128.639,53.156],[-128.889,53.418]]]]}},{"type":"Feature","properties":{"NAME":"O'odham Jeweḍ","SUBJECTO":"O'odham Jeweḍ","PARTOF":"O'odham Jeweḍ","BORDERPRECISION":"1"},"bbox":[-114.491,29.599,-109.396,33.923],"geometry":{"type":"MultiPolygon","coordinates":[[[[-112.654,29.919],[-113.017,30.566],[-113.085,31.203],[-113.633,31.328],[-113.746,31.608],[-113.952,31.69],[-114.195,31.524],[-114.491,31.679],[-114.311,32.014],[-113.983,32.137],[-114.183,32.569],[-112.675,33.031],[-112.834,33.284],[-113.576,33.255],[-113.627,33.811],[-113.512,33.923],[-111.799,33.812],[-111.679,33.544],[-111.238,33.372],[-111.155,33.135],[-110.948,33.135],[-110.967,32.649],[-109.83,32.577],[-109.479,32.179],[-109.396,31.454],[-109.575,30.603],[-110.11,30.009],[-110.634,29.783],[-111.351,29.712],[-112,29.861],[-112.435,29.599],[-112.654,29.919]]]]}},{"type":"Feature","properties":{"NAME":"Chinook","SUBJECTO":"Chinook","PARTOF":"Chinook","BORDERPRECISION":"1"},"bbox":[-124.139,45.797,-123.056,46.795],"geometry":{"type":"MultiPolygon","coordinates":[[[[-124.004,46.05],[-124.054,46.29],[-123.787,46.298],[-124.139,46.347],[-124.13,46.795],[-123.63,46.768],[-123.098,46.423],[-123.056,46.14],[-123.232,45.939],[-123.776,45.797],[-123.988,45.872],[-124.004,46.05]]]]}},{"type":"Feature","properties":{"NAME":"Santiam","SUBJECTO":"Santiam","PARTOF":"Santiam","BORDERPRECISION":"1"},"bbox":[-123.195,44.4,-122.72,44.945],"geometry":{"type":"MultiPolygon","coordinates":[[[[-123.052,44.945],[-122.732,44.941],[-122.72,44.4],[-123.14,44.718],[-123.195,44.854],[-123.052,44.945]]]]}},{"type":"Feature","properties":{"NAME":"Alazapas","SUBJECTO":"Alazapas","PARTOF":"Alazapas","BORDERPRECISION":"1"},"bbox":[-100.971,25.763,-98.205,27.916],"geometry":{"type":"MultiPolygon","coordinates":[[[[-99.712,27.91],[-99.057,26.549],[-98.328,26.226],[-98.205,26.088],[-98.259,25.97],[-98.75,25.901],[-99.143,26.033],[-99.742,25.763],[-100.057,25.791],[-100.356,26.453],[-100.832,26.7],[-100.971,27.193],[-100.757,27.447],[-100.058,27.916],[-99.712,27.91]]]]}},{"type":"Feature","properties":{"NAME":"Hunkpapa","SUBJECTO":"Hunkpapa","PARTOF":"Hunkpapa","BORDERPRECISION":"1"},"bbox":[-104.121,46.44,-100.835,47.616],"geometry":{"type":"MultiPolygon","coordinates":[[[[-104.019,46.591],[-104.121,47.041],[-103.926,47.306],[-103.564,47.569],[-102.883,47.616],[-101.522,47.5],[-100.967,47.194],[-100.835,46.765],[-100.835,46.539],[-101.198,46.46],[-103.039,46.44],[-104.019,46.591]]]]}},{"type":"Feature","properties":{"NAME":"Coast Salish","SUBJECTO":"Coast Salish","PARTOF":"Coast Salish","BORDERPRECISION":"1"},"bbox":[-126.359,46.405,-121.201,51.128],"geometry":{"type":"MultiPolygon","coordinates":[[[[-124.17,46.941],[-123.905,47.042],[-124.19,47.114],[-124.222,47.03],[-124.346,47.518],[-123.606,47.743],[-124.224,48.053],[-124.263,48.29],[-123.259,48.206],[-122.826,48.023],[-122.808,47.828],[-123.183,47.488],[-122.748,47.262],[-122.486,47.606],[-122.345,48.077],[-122.606,48.835],[-123.213,49.272],[-123.212,49.625],[-123.699,49.525],[-123.976,49.971],[-124.471,49.813],[-124.795,50.035],[-124.939,50.596],[-125.1,50.58],[-125.089,50.862],[-124.743,51.128],[-124.448,51.064],[-124.494,50.93],[-124.231,50.609],[-123.66,50.212],[-122.756,49.951],[-122.108,49.474],[-121.75,49.567],[-121.526,49.458],[-121.507,48.758],[-121.307,48.55],[-121.201,47.413],[-121.707,46.905],[-122.124,46.68],[-123.198,46.564],[-123.563,46.405],[-123.936,46.497],[-124.17,46.941]]],[[[-124.881,49.576],[-123.861,49.158],[-123.593,48.635],[-123.719,48.477],[-124.88,49.479],[-125.646,49.539],[-126.359,50.151],[-125.921,50.397],[-125.665,50.373],[-124.881,49.576]]]]}},{"type":"Feature","properties":{"NAME":"Ñuu Savi (Mixtecapan)","SUBJECTO":"Ñuu Savi (Mixtecapan)","PARTOF":"Ñuu Savi (Mixtecapan)","BORDERPRECISION":"1"},"bbox":[-98.997,15.988,-96.852,18.337],"geometry":{"type":"MultiPolygon","coordinates":[[[[-97.881,16.052],[-98.532,16.416],[-98.44,16.681],[-98.959,16.904],[-98.997,17.105],[-98.127,18.287],[-97.824,18.337],[-97.457,18.121],[-97.036,18.179],[-96.891,17.842],[-96.852,17.175],[-97.073,16.692],[-97.315,16.486],[-97.454,15.988],[-97.881,16.052]]]]}},{"type":"Feature","properties":{"NAME":"Nisg̱a'a","SUBJECTO":"Nisg̱a'a","PARTOF":"Nisg̱a'a","BORDERPRECISION":"1"},"bbox":[-130.262,54.515,-127.784,57.172],"geometry":{"type":"MultiPolygon","coordinates":[[[[-130.111,54.729],[-129.842,54.979],[-130.159,55.76],[-130.004,56.009],[-130.219,56.099],[-130.212,56.375],[-130.089,56.475],[-130.262,56.802],[-130.172,56.909],[-129.921,56.814],[-129.803,57.16],[-129.56,57.059],[-129.11,57.172],[-128.667,56.99],[-128.727,56.828],[-128.185,56.752],[-127.784,56.548],[-127.976,56.492],[-127.876,56.293],[-128.149,56.447],[-128.259,56.409],[-128.082,56.302],[-128.523,56.076],[-128.363,56.024],[-128.477,55.958],[-128.36,55.88],[-128.523,55.779],[-128.446,55.709],[-128.583,55.715],[-128.186,55.469],[-128.38,55.392],[-128.415,55.178],[-128.835,55.191],[-128.908,55.023],[-128.819,54.892],[-129.32,54.893],[-129.414,54.656],[-129.688,54.515],[-129.956,54.537],[-129.882,54.694],[-130.111,54.729]]],[[[-130.065,55.102],[-130.185,55.084],[-130.012,55.26],[-130.065,55.102]]]]}},{"type":"Feature","properties":{"NAME":"Chafan","SUBJECTO":"Chafan","PARTOF":"Chafan","BORDERPRECISION":"1"},"bbox":[-123.127,44.082,-122.944,44.236],"geometry":{"type":"MultiPolygon","coordinates":[[[[-122.964,44.082],[-123.127,44.18],[-122.944,44.236],[-122.964,44.082]]]]}},{"type":"Feature","properties":{"NAME":"Kiikaapoi (Kickapoo)","SUBJECTO":"Kiikaapoi (Kickapoo)","PARTOF":"Kiikaapoi (Kickapoo)","BORDERPRECISION":"1"},"bbox":[-102.993,27.712,-83.11,43.539],"geometry":{"type":"MultiPolygon","coordinates":[[[[-87.908,43.192],[-87.783,42.204],[-87.375,41.634],[-87.025,41.686],[-86.6,41.951],[-86.359,41.698],[-85.161,41.663],[-83.416,41.848],[-83.443,41.702],[-83.11,41.533],[-84.902,39.656],[-86.638,38.115],[-87.999,37.453],[-89.045,37.231],[-90.3,37.231],[-94.263,36.53],[-94.203,33.313],[-94.815,32.302],[-97.457,31.195],[-99.33,29.63],[-100.619,28.017],[-101.502,27.712],[-102.147,27.712],[-102.621,27.95],[-102.966,28.358],[-102.993,28.694],[-102.933,29.668],[-102.541,30.658],[-102.536,31.058],[-100.856,34.017],[-97.847,35.785],[-97.446,36.413],[-97.07,38.208],[-96.694,38.874],[-96.569,39.593],[-95.39,39.978],[-92.406,40.438],[-92.045,40.69],[-91.578,42.047],[-90.012,43.299],[-89.138,43.539],[-88.46,43.539],[-87.902,43.342],[-87.908,43.192]]]]}},{"type":"Feature","properties":{"NAME":"Kolla","SUBJECTO":"Kolla","PARTOF":"Kolla","BORDERPRECISION":"1"},"bbox":[-67.692,-25.657,-63.999,-21.677],"geometry":{"type":"MultiPolygon","coordinates":[[[[-66.556,-21.95],[-65.834,-21.677],[-64.926,-21.708],[-64.244,-22.34],[-63.999,-23.371],[-64.088,-24.229],[-64.589,-24.971],[-65.872,-25.569],[-66.735,-25.657],[-67.338,-25.388],[-67.617,-24.977],[-67.692,-24.31],[-67.107,-23.626],[-66.924,-22.645],[-66.556,-21.95]]]]}},{"type":"Feature","properties":{"NAME":"Dâw","SUBJECTO":"Dâw","PARTOF":"Dâw","BORDERPRECISION":"1"},"bbox":[-67.843,-0.736,-65.257,0.274],"geometry":{"type":"MultiPolygon","coordinates":[[[[-67.344,0.274],[-67.016,-0.183],[-66.474,-0.375],[-65.503,-0.289],[-65.257,-0.391],[-65.275,-0.488],[-65.431,-0.68],[-65.858,-0.736],[-67.368,-0.625],[-67.705,-0.427],[-67.843,-0.104],[-67.666,0.201],[-67.344,0.274]]]]}},{"type":"Feature","properties":{"NAME":"Micqanaqa’n","SUBJECTO":"Micqanaqa’n","PARTOF":"Micqanaqa’n","BORDERPRECISION":"1"},"bbox":[-119.456,34.097,-118.597,34.802],"geometry":{"type":"MultiPolygon","coordinates":[[[[-118.732,34.108],[-119.281,34.217],[-119.432,34.375],[-119.456,34.694],[-118.961,34.802],[-118.802,34.428],[-118.597,34.35],[-118.606,34.097],[-118.732,34.108]]]]}},{"type":"Feature","properties":{"NAME":"Nisenan","SUBJECTO":"Nisenan","PARTOF":"Nisenan","BORDERPRECISION":"1"},"bbox":[-121.981,38.462,-120.026,39.766],"geometry":{"type":"MultiPolygon","coordinates":[[[[-121.772,39.597],[-121.663,39.258],[-121.355,39.317],[-120.85,39.766],[-120.487,39.64],[-120.037,38.814],[-120.026,38.557],[-120.278,38.488],[-120.498,38.6],[-120.652,38.471],[-121.157,38.462],[-121.553,38.54],[-121.981,39.3],[-121.772,39.597]]]]}},{"type":"Feature","properties":{"NAME":"Umoⁿhoⁿ (Omaha)","SUBJECTO":"Umoⁿhoⁿ (Omaha)","PARTOF":"Umoⁿhoⁿ (Omaha)","BORDERPRECISION":"1"},"bbox":[-98.394,41.179,-95.735,42.844],"geometry":{"type":"MultiPolygon","coordinates":[[[[-97.668,42.844],[-96.943,42.844],[-96.262,42.569],[-95.735,41.509],[-95.845,41.179],[-96.746,41.212],[-98.394,42.163],[-97.668,42.844]]]]}},{"type":"Feature","properties":{"NAME":"Yahooskin","SUBJECTO":"Yahooskin","PARTOF":"Yahooskin","BORDERPRECISION":"1"},"bbox":[-121.548,42.007,-119.818,43.84],"geometry":{"type":"MultiPolygon","coordinates":[[[[-120.467,42.007],[-120.881,42.213],[-120.841,42.853],[-121.318,42.953],[-121.548,43.189],[-121.269,43.733],[-120.299,43.84],[-120.312,43.195],[-119.818,42.905],[-119.863,42.638],[-120.467,42.007]]]]}},{"type":"Feature","properties":{"NAME":"Carcross/Tagish First Nation (Yukon)","SUBJECTO":"Carcross/Tagish First Nation (Yukon)","PARTOF":"Carcross/Tagish First Nation (Yukon)","BORDERPRECISION":"1"},"bbox":[-136.752,59.999,-133.165,60.622],"geometry":{"type":"MultiPolygon","coordinates":[[[[-136.752,60.004],[-136.519,60.536],[-135.934,60.44],[-133.989,60.622],[-133.419,60.481],[-133.165,59.999],[-136.752,60.004]]]]}},{"type":"Feature","properties":{"NAME":"Selkirk","SUBJECTO":"Selkirk","PARTOF":"Selkirk","BORDERPRECISION":"1"},"bbox":[-139.951,62.137,-131.941,63.615],"geometry":{"type":"MultiPolygon","coordinates":[[[[-138.605,62.137],[-139.125,62.224],[-139.381,62.422],[-139.951,62.369],[-139.535,62.6],[-139.612,62.745],[-139.16,62.795],[-139.162,62.967],[-138.877,63.066],[-138.986,63.156],[-137.666,63.615],[-136.701,63.334],[-134.115,63.427],[-132.737,63.331],[-132.485,63.438],[-131.941,63.36],[-132.095,62.925],[-131.994,62.789],[-132.44,62.665],[-133.671,62.698],[-137.251,62.157],[-138.605,62.137]]]]}},{"type":"Feature","properties":{"NAME":"Popũkare","SUBJECTO":"Popũkare","PARTOF":"Popũkare","BORDERPRECISION":"1"},"bbox":[-67.738,-9.357,-62.864,-5.403],"geometry":{"type":"MultiPolygon","coordinates":[[[[-63.241,-5.562],[-63.114,-5.403],[-62.864,-5.452],[-62.897,-5.922],[-63.135,-5.954],[-64.741,-7.288],[-64.577,-7.66],[-64.567,-8.587],[-66.266,-8.976],[-66.89,-9.357],[-67.39,-9.333],[-67.738,-8.611],[-67.556,-8.277],[-67.637,-7.597],[-67.539,-7.337],[-67.177,-7.31],[-67,-7.48],[-66.793,-7.324],[-66.359,-7.279],[-64.989,-7.462],[-63.136,-5.952],[-63.241,-5.562]]]]}},{"type":"Feature","properties":{"NAME":"K’ómoks","SUBJECTO":"K’ómoks","PARTOF":"K’ómoks","BORDERPRECISION":"1"},"bbox":[-126.293,49.063,-124.063,50.474],"geometry":{"type":"MultiPolygon","coordinates":[[[[-124.881,49.576],[-124.134,49.293],[-124.063,49.088],[-124.486,49.063],[-124.948,49.472],[-125.667,49.564],[-125.854,49.877],[-126.293,49.93],[-126.074,50.268],[-126.283,50.474],[-125.719,50.409],[-124.881,49.576]]]]}},{"type":"Feature","properties":{"NAME":"Akawaio/Akawayo","SUBJECTO":"Akawaio/Akawayo","PARTOF":"Akawaio/Akawayo","BORDERPRECISION":"1"},"bbox":[-61.706,5.057,-58.221,7.307],"geometry":{"type":"MultiPolygon","coordinates":[[[[-58.44,5.383],[-59.763,5.057],[-60.219,5.241],[-60.472,5.202],[-60.92,5.748],[-61.693,6.174],[-61.706,6.442],[-61.545,6.706],[-60.749,6.978],[-59.805,6.835],[-59.435,7.289],[-59.249,7.307],[-59.164,7.148],[-59.268,6.785],[-59.078,6.484],[-58.221,5.807],[-58.253,5.528],[-58.44,5.383]]]]}},{"type":"Feature","properties":{"NAME":"Ciguayo","SUBJECTO":"Ciguayo","PARTOF":"Ciguayo","BORDERPRECISION":"1"},"bbox":[-70.17,18.896,-69.018,19.62],"geometry":{"type":"MultiPolygon","coordinates":[[[[-69.898,19.506],[-69.509,19.208],[-69.018,19.051],[-69.653,18.896],[-70.071,18.948],[-70.17,19.156],[-70.082,19.487],[-69.959,19.62],[-69.898,19.506]]]]}},{"type":"Feature","properties":{"NAME":"Nom Ti Pom Wintu","SUBJECTO":"Nom Ti Pom Wintu","PARTOF":"Nom Ti Pom Wintu","BORDERPRECISION":"1"},"bbox":[-122.486,41.026,-122.208,41.374],"geometry":{"type":"MultiPolygon","coordinates":[[[[-122.325,41.374],[-122.208,41.184],[-122.453,41.026],[-122.486,41.296],[-122.325,41.374]]]]}},{"type":"Feature","properties":{"NAME":"Malécu","SUBJECTO":"Malécu","PARTOF":"Malécu","BORDERPRECISION":"1"},"bbox":[-85.012,10.46,-84.604,10.957],"geometry":{"type":"MultiPolygon","coordinates":[[[[-84.747,10.957],[-84.604,10.672],[-84.752,10.46],[-85.012,10.695],[-84.747,10.957]]]]}},{"type":"Feature","properties":{"NAME":"Schitsu’umsh (Coeur d’Alene)","SUBJECTO":"Schitsu’umsh (Coeur d’Alene)","PARTOF":"Schitsu’umsh (Coeur d’Alene)","BORDERPRECISION":"1"},"bbox":[-117.547,46.604,-114.582,48.313],"geometry":{"type":"MultiPolygon","coordinates":[[[[-116.191,48.166],[-115.686,47.983],[-115.285,47.614],[-114.582,47.354],[-114.928,47.316],[-114.631,47.059],[-115.378,46.68],[-115.994,46.755],[-116.147,46.604],[-116.433,46.83],[-117.427,46.904],[-117.547,47.602],[-116.541,48.313],[-116.191,48.166]]]]}},{"type":"Feature","properties":{"NAME":"Nandtaughtacund","SUBJECTO":"Nandtaughtacund","PARTOF":"Nandtaughtacund","BORDERPRECISION":"1"},"bbox":[-77.462,37.91,-77.057,38.245],"geometry":{"type":"MultiPolygon","coordinates":[[[[-77.057,38.108],[-77.272,37.91],[-77.462,38.147],[-77.336,38.245],[-77.057,38.108]]]]}},{"type":"Feature","properties":{"NAME":"Nahua (Guerrero)","SUBJECTO":"Nahua (Guerrero)","PARTOF":"Nahua (Guerrero)","BORDERPRECISION":"1"},"bbox":[-100.294,17.122,-98.407,18.758],"geometry":{"type":"MultiPolygon","coordinates":[[[[-100.294,18.265],[-100.044,18.567],[-99.592,18.758],[-98.512,17.884],[-98.407,17.337],[-99.085,17.122],[-99.437,17.286],[-100.294,18.265]]]]}},{"type":"Feature","properties":{"NAME":"Syilx tmixʷ (Okanagan)","SUBJECTO":"Syilx tmixʷ (Okanagan)","PARTOF":"Syilx tmixʷ (Okanagan)","BORDERPRECISION":"1"},"bbox":[-121.327,47.538,-116.848,52.402],"geometry":{"type":"MultiPolygon","coordinates":[[[[-116.967,51.768],[-117.268,51.69],[-117.357,51.404],[-116.894,50.465],[-116.848,49.643],[-117.049,49.502],[-117.061,49.035],[-117.526,48.609],[-117.966,47.936],[-118.558,47.538],[-119.787,47.579],[-120.802,47.919],[-121.224,48.616],[-121.327,49.062],[-121.277,49.307],[-121.106,49.295],[-121.069,49.59],[-121.223,49.716],[-120.932,50.112],[-120.968,50.673],[-120.257,50.518],[-119.751,50.508],[-119.67,50.624],[-118.926,50.548],[-118.886,50.808],[-118.249,51.041],[-118.236,51.251],[-118.668,51.796],[-118.486,52.181],[-118.044,52.389],[-117.729,52.402],[-117.842,52.27],[-117.739,52.19],[-117.311,52.176],[-116.967,51.768]]]]}},{"type":"Feature","properties":{"NAME":"Karapana/Muteamasa","SUBJECTO":"Karapana/Muteamasa","PARTOF":"Karapana/Muteamasa","BORDERPRECISION":"1"},"bbox":[-71.133,0.044,-69.617,1.196],"geometry":{"type":"MultiPolygon","coordinates":[[[[-71.133,1.064],[-70.792,1.196],[-69.79,1.137],[-69.617,0.728],[-69.644,0.105],[-70.321,0.044],[-70.892,0.178],[-71.133,0.608],[-71.133,1.064]]]]}},{"type":"Feature","properties":{"NAME":"Tama Dujo","SUBJECTO":"Tama Dujo","PARTOF":"Tama Dujo","BORDERPRECISION":"1"},"bbox":[-75.727,2.483,-74.975,3.297],"geometry":{"type":"MultiPolygon","coordinates":[[[[-75.426,3.281],[-75.113,3.297],[-74.975,2.985],[-75.16,2.563],[-75.435,2.483],[-75.694,2.578],[-75.727,2.76],[-75.426,3.281]]]]}},{"type":"Feature","properties":{"NAME":"Chaná","SUBJECTO":"Chaná","PARTOF":"Chaná","BORDERPRECISION":"1"},"bbox":[-58.767,-33.431,-57.9,-32.84],"geometry":{"type":"MultiPolygon","coordinates":[[[[-58.179,-33.297],[-58.672,-33.431],[-58.767,-33.035],[-58.549,-32.84],[-57.999,-32.84],[-57.9,-33.043],[-58.179,-33.297]]]]}},{"type":"Feature","properties":{"NAME":"Winikon bä lojon/Xk’ukwits/Ajlumob/Otulob (Ch'ol)","SUBJECTO":"Winikon bä lojon/Xk’ukwits/Ajlumob/Otulob (Ch'ol)","PARTOF":"Winikon bä lojon/Xk’ukwits/Ajlumob/Otulob (Ch'ol)","BORDERPRECISION":"1"},"bbox":[-92.953,16.061,-89.081,18.997],"geometry":{"type":"MultiPolygon","coordinates":[[[[-90.792,16.821],[-90.374,16.352],[-90.406,16.071],[-91.303,16.061],[-91.856,16.794],[-92.791,16.988],[-92.953,17.538],[-92.558,17.888],[-91.983,17.737],[-91.636,17.871],[-91.539,18.18],[-90.986,17.96],[-90.213,18.656],[-89.789,18.757],[-89.471,18.993],[-89.173,18.997],[-89.081,18.529],[-89.168,17.833],[-89.473,17.938],[-89.597,18.471],[-89.989,18.489],[-90.225,18.645],[-90.986,17.96],[-90.977,17.239],[-91.398,17.214],[-90.792,16.821]]]]}},{"type":"Feature","properties":{"NAME":"Tohono O'odham","SUBJECTO":"Tohono O'odham","PARTOF":"Tohono O'odham","BORDERPRECISION":"1"},"bbox":[-112.846,29.661,-109.932,32.888],"geometry":{"type":"MultiPolygon","coordinates":[[[[-112.846,31.887],[-112.659,32.607],[-111.962,32.888],[-111.027,32.527],[-110.297,31.966],[-109.932,31.276],[-110.703,30.866],[-110.789,30.256],[-111.075,29.913],[-111.754,29.661],[-112.086,30.677],[-112.538,31.123],[-112.846,31.887]]]]}},{"type":"Feature","properties":{"NAME":"Nongatl","SUBJECTO":"Nongatl","PARTOF":"Nongatl","BORDERPRECISION":"1"},"bbox":[-124.178,40.246,-123.311,40.739],"geometry":{"type":"MultiPolygon","coordinates":[[[[-123.959,40.739],[-123.926,40.647],[-123.519,40.697],[-123.311,40.355],[-123.684,40.246],[-124.178,40.522],[-123.959,40.739]]]]}},{"type":"Feature","properties":{"NAME":"Krĩcatijê","SUBJECTO":"Krĩcatijê","PARTOF":"Krĩcatijê","BORDERPRECISION":"1"},"bbox":[-47.175,-6.06,-46.742,-5.71],"geometry":{"type":"MultiPolygon","coordinates":[[[[-47.007,-5.71],[-46.805,-5.72],[-46.742,-6.06],[-47.175,-6.042],[-47.007,-5.71]]]]}},{"type":"Feature","properties":{"NAME":"Pacheedaht","SUBJECTO":"Pacheedaht","PARTOF":"Pacheedaht","BORDERPRECISION":"1"},"bbox":[-124.618,48.511,-123.863,48.861],"geometry":{"type":"MultiPolygon","coordinates":[[[[-124.493,48.6],[-124.618,48.738],[-124.382,48.861],[-123.978,48.718],[-123.863,48.511],[-124.493,48.6]]]]}},{"type":"Feature","properties":{"NAME":"Shiwiar","SUBJECTO":"Shiwiar","PARTOF":"Shiwiar","BORDERPRECISION":"1"},"bbox":[-76.883,-3.856,-74.758,-1.867],"geometry":{"type":"MultiPolygon","coordinates":[[[[-76.038,-2.123],[-75.857,-2.162],[-75.333,-2.698],[-74.758,-3.601],[-74.776,-3.856],[-75.096,-3.855],[-75.892,-2.683],[-76.379,-2.385],[-76.41,-2.118],[-76.738,-2.304],[-76.883,-1.994],[-76.649,-1.867],[-76.038,-2.123]]]]}},{"type":"Feature","properties":{"NAME":"Meškwahki·aša·hina (Fox)","SUBJECTO":"Meškwahki·aša·hina (Fox)","PARTOF":"Meškwahki·aša·hina (Fox)","BORDERPRECISION":"1"},"bbox":[-85.231,41.588,-82.904,42.439],"geometry":{"type":"MultiPolygon","coordinates":[[[[-83.263,41.958],[-83.52,41.658],[-84.635,41.588],[-85.095,41.651],[-85.231,41.947],[-85.043,42.342],[-84.163,42.439],[-82.904,42.366],[-83.069,42.301],[-83.263,41.958]]]]}},{"type":"Feature","properties":{"NAME":"Guaná","SUBJECTO":"Guaná","PARTOF":"Guaná","BORDERPRECISION":"1"},"bbox":[-59.408,-22.291,-57.851,-21.84],"geometry":{"type":"MultiPolygon","coordinates":[[[[-57.851,-22.131],[-58.14,-22.265],[-59.141,-22.291],[-59.369,-22.249],[-59.408,-22.002],[-57.985,-21.84],[-57.975,-22.083],[-57.851,-22.131]]]]}},{"type":"Feature","properties":{"NAME":"Uwottüja","SUBJECTO":"Uwottüja","PARTOF":"Uwottüja","BORDERPRECISION":"1"},"bbox":[-68.273,3.928,-65.869,6.431],"geometry":{"type":"MultiPolygon","coordinates":[[[[-67.685,4.034],[-68.188,3.928],[-68.273,4.079],[-68.125,5.159],[-67.688,5.454],[-67.469,5.967],[-67.494,6.226],[-67.215,6.431],[-66.56,5.948],[-66.03,5.784],[-65.869,4.407],[-65.97,4.276],[-66.999,3.964],[-67.685,4.034]]]]}},{"type":"Feature","properties":{"NAME":"Yurok","SUBJECTO":"Yurok","PARTOF":"Yurok","BORDERPRECISION":"1"},"bbox":[-124.146,40.996,-123.541,41.632],"geometry":{"type":"MultiPolygon","coordinates":[[[[-123.937,41.632],[-123.926,41.525],[-123.585,41.591],[-123.541,41.344],[-123.585,41.129],[-123.948,41.212],[-124.025,40.996],[-124.146,41.096],[-124.146,41.615],[-123.937,41.632]]]]}},{"type":"Feature","properties":{"NAME":"Peoria","SUBJECTO":"Peoria","PARTOF":"Peoria","BORDERPRECISION":"1"},"bbox":[-93.142,38.611,-82.94,43.597],"geometry":{"type":"MultiPolygon","coordinates":[[[[-87.86,43.358],[-87.783,42.204],[-87.375,41.634],[-86.674,41.874],[-86.276,42.442],[-86.243,42.988],[-86.494,43.597],[-84.237,43.153],[-82.94,42.464],[-83.028,42.017],[-83.187,42.06],[-83.45,41.754],[-83.097,41.593],[-83.146,40.967],[-85.918,40.542],[-92.552,38.611],[-93.142,39.07],[-92.906,39.776],[-91.726,41.056],[-90.547,41.543],[-89.603,43.477],[-87.769,43.548],[-87.86,43.358]]]]}},{"type":"Feature","properties":{"NAME":"Wašišiw Ɂítdeʔ (Washoe)","SUBJECTO":"Wašišiw Ɂítdeʔ (Washoe)","PARTOF":"Wašišiw Ɂítdeʔ (Washoe)","BORDERPRECISION":"1"},"bbox":[-120.872,38.031,-118.685,40.405],"geometry":{"type":"MultiPolygon","coordinates":[[[[-119.29,38.065],[-120.015,38.135],[-120.542,38.436],[-120.487,38.771],[-120.784,39.13],[-120.729,39.385],[-120.872,39.741],[-120.388,40.405],[-119.861,40.288],[-118.685,39.122],[-118.847,38.192],[-119.093,38.031],[-119.29,38.065]]]]}},{"type":"Feature","properties":{"NAME":"Biloxi","SUBJECTO":"Biloxi","PARTOF":"Biloxi","BORDERPRECISION":"1"},"bbox":[-89.124,30.389,-88.255,30.776],"geometry":{"type":"MultiPolygon","coordinates":[[[[-88.343,30.389],[-89.124,30.403],[-89.119,30.506],[-89.02,30.647],[-88.351,30.776],[-88.255,30.692],[-88.343,30.389]]]]}},{"type":"Feature","properties":{"NAME":"Pawtucket","SUBJECTO":"Pawtucket","PARTOF":"Pawtucket","BORDERPRECISION":"1"},"bbox":[-71.653,42.258,-70.59,42.871],"geometry":{"type":"MultiPolygon","coordinates":[[[[-70.868,42.871],[-70.59,42.692],[-70.871,42.602],[-71.054,42.357],[-70.893,42.342],[-71.321,42.258],[-71.592,42.372],[-71.653,42.68],[-71.495,42.837],[-70.868,42.871]]]]}},{"type":"Feature","properties":{"NAME":"Cuttatawomen","SUBJECTO":"Cuttatawomen","PARTOF":"Cuttatawomen","BORDERPRECISION":"1"},"bbox":[-77.275,38.087,-76.884,38.364],"geometry":{"type":"MultiPolygon","coordinates":[[[[-77.034,38.364],[-76.884,38.191],[-76.964,38.087],[-77.275,38.241],[-77.034,38.364]]]]}},{"type":"Feature","properties":{"NAME":"Wintʰu• Po•m (Northern Wintu)","SUBJECTO":"Wintʰu• Po•m (Northern Wintu)","PARTOF":"Wintʰu• Po•m (Northern Wintu)","BORDERPRECISION":"1"},"bbox":[-123.493,40.11,-121.932,41.46],"geometry":{"type":"MultiPolygon","coordinates":[[[[-122.839,41.197],[-122.487,41.385],[-122.326,41.326],[-122.215,41.46],[-121.964,41.378],[-121.932,41.039],[-122.179,40.639],[-122.234,40.177],[-123.063,40.11],[-123.414,40.419],[-123.493,40.596],[-123.062,40.729],[-123.068,40.926],[-122.839,41.197]]]]}},{"type":"Feature","properties":{"NAME":"Huni Kuin","SUBJECTO":"Huni Kuin","PARTOF":"Huni Kuin","BORDERPRECISION":"1"},"bbox":[-71.713,-10.42,-70.306,-8.891],"geometry":{"type":"MultiPolygon","coordinates":[[[[-71.304,-10.288],[-71.634,-10.032],[-71.713,-9.658],[-71.614,-9.212],[-71.383,-8.891],[-70.586,-8.955],[-70.306,-9.28],[-70.311,-9.81],[-70.793,-10.362],[-71.147,-10.42],[-71.304,-10.288]]]]}},{"type":"Feature","properties":{"NAME":"Guamares","SUBJECTO":"Guamares","PARTOF":"Guamares","BORDERPRECISION":"1"},"bbox":[-102.88,20.342,-100.283,22.48],"geometry":{"type":"MultiPolygon","coordinates":[[[[-102.074,21.524],[-102.454,21.485],[-102.88,21.682],[-102.587,22.215],[-102.244,22.48],[-100.661,21.501],[-100.283,20.931],[-100.534,20.642],[-100.496,20.461],[-100.75,20.417],[-101.177,20.625],[-101.494,20.568],[-101.605,20.342],[-101.877,20.403],[-102.154,21.049],[-102.074,21.524]]]]}},{"type":"Feature","properties":{"NAME":"Numu (Northern Paiute)","SUBJECTO":"Numu (Northern Paiute)","PARTOF":"Numu (Northern Paiute)","BORDERPRECISION":"1"},"bbox":[-120.937,35.577,-116.631,45.368],"geometry":{"type":"MultiPolygon","coordinates":[[[[-120.937,45.306],[-120.586,45.368],[-118.389,44.34],[-116.851,43.993],[-116.631,43.421],[-116.895,42.973],[-116.863,40.942],[-117.571,39.662],[-117.411,36.766],[-117.527,35.709],[-117.639,35.577],[-117.849,35.624],[-118.093,36.058],[-118.168,36.551],[-118.429,36.946],[-119.597,37.431],[-119.8,37.66],[-119.819,38.156],[-119.544,38.518],[-119.459,39.4],[-120.366,40.078],[-120.454,40.48],[-120.366,41.607],[-120.674,42.456],[-120.937,45.306]]]]}},{"type":"Feature","properties":{"NAME":"Ponca (Oklahoma)","SUBJECTO":"Ponca (Oklahoma)","PARTOF":"Ponca (Oklahoma)","BORDERPRECISION":"1"},"bbox":[-97.247,36.507,-96.888,36.681],"geometry":{"type":"MultiPolygon","coordinates":[[[[-97.01,36.507],[-97.247,36.507],[-97.247,36.681],[-96.888,36.575],[-97.01,36.507]]]]}},{"type":"Feature","properties":{"NAME":"Kaxarari","SUBJECTO":"Kaxarari","PARTOF":"Kaxarari","BORDERPRECISION":"1"},"bbox":[-66.558,-9.752,-65.428,-9.001],"geometry":{"type":"MultiPolygon","coordinates":[[[[-66.436,-9.248],[-66.026,-9.004],[-65.623,-9.001],[-65.428,-9.164],[-65.428,-9.517],[-65.601,-9.709],[-66.378,-9.752],[-66.558,-9.482],[-66.436,-9.248]]]]}},{"type":"Feature","properties":{"NAME":"Karanka","SUBJECTO":"Karanka","PARTOF":"Karanka","BORDERPRECISION":"1"},"bbox":[-69.634,-19.435,-66.914,-17.6],"geometry":{"type":"MultiPolygon","coordinates":[[[[-69.634,-18.95],[-69.59,-18.277],[-68.359,-17.6],[-67.972,-17.721],[-67.532,-18.08],[-66.914,-19.035],[-66.941,-19.177],[-67.886,-19.435],[-69.37,-19.286],[-69.634,-18.95]]]]}},{"type":"Feature","properties":{"NAME":"Maxakalí","SUBJECTO":"Maxakalí","PARTOF":"Maxakalí","BORDERPRECISION":"1"},"bbox":[-41.773,-18.966,-39.599,-16.358],"geometry":{"type":"MultiPolygon","coordinates":[[[[-40.829,-18.966],[-41.391,-18.906],[-41.731,-18.554],[-41.773,-17.95],[-41.699,-17.394],[-41.434,-16.765],[-40.988,-16.44],[-40.511,-16.358],[-39.779,-16.592],[-39.62,-16.836],[-39.599,-17.191],[-40.108,-18.614],[-40.362,-18.835],[-40.829,-18.966]]]]}},{"type":"Feature","properties":{"NAME":"Macuxi","SUBJECTO":"Macuxi","PARTOF":"Macuxi","BORDERPRECISION":"1"},"bbox":[-61.515,3.026,-58.306,5.237],"geometry":{"type":"MultiPolygon","coordinates":[[[[-61.515,4.375],[-61.312,4.534],[-61.03,4.508],[-60.656,4.842],[-60.709,5.237],[-60.135,5.237],[-59.984,5.054],[-60.128,4.517],[-59.755,4.429],[-59.719,4.21],[-58.54,4.167],[-58.339,3.87],[-58.306,3.543],[-59.096,3.141],[-59.903,3.177],[-59.806,3.489],[-59.926,3.566],[-60.406,3.298],[-60.484,3.026],[-60.601,3.472],[-60.867,3.636],[-60.959,4.024],[-61.22,4.044],[-61.298,4.309],[-61.515,4.375]]]]}},{"type":"Feature","properties":{"NAME":"Popeloutchom (Amah Mutsun)","SUBJECTO":"Popeloutchom (Amah Mutsun)","PARTOF":"Popeloutchom (Amah Mutsun)","BORDERPRECISION":"1"},"bbox":[-122.338,36.204,-120.413,37.203],"geometry":{"type":"MultiPolygon","coordinates":[[[[-121.838,36.896],[-122.338,37.151],[-121.121,37.203],[-120.413,36.557],[-121.151,36.204],[-121.805,36.744],[-121.838,36.896]]]]}},{"type":"Feature","properties":{"NAME":"Chumash","SUBJECTO":"Chumash","PARTOF":"Chumash","BORDERPRECISION":"1"},"bbox":[-121.128,33.929,-118.116,35.677],"geometry":{"type":"MultiPolygon","coordinates":[[[[-118.502,33.983],[-119.292,34.221],[-119.613,34.478],[-120.529,34.508],[-120.708,34.701],[-120.677,35.189],[-120.949,35.289],[-120.928,35.475],[-121.128,35.608],[-120.298,35.493],[-119.613,35.534],[-119.324,35.677],[-119.087,35.385],[-118.603,35.256],[-118.552,34.987],[-118.767,34.751],[-118.418,34.553],[-118.116,34.08],[-118.191,33.929],[-118.502,33.983]]]]}},{"type":"Feature","properties":{"NAME":"Q'ero","SUBJECTO":"Q'ero","PARTOF":"Q'ero","BORDERPRECISION":"1"},"bbox":[-71.459,-13.525,-70.985,-13.234],"geometry":{"type":"MultiPolygon","coordinates":[[[[-71.055,-13.525],[-71.422,-13.422],[-71.459,-13.234],[-70.985,-13.331],[-71.055,-13.525]]]]}},{"type":"Feature","properties":{"NAME":"Okanagan","SUBJECTO":"Okanagan","PARTOF":"Okanagan","BORDERPRECISION":"1"},"bbox":[-120.476,48.225,-117.07,50.861],"geometry":{"type":"MultiPolygon","coordinates":[[[[-120.476,49.937],[-120.278,50.043],[-119.861,49.987],[-118.499,50.855],[-118.268,50.861],[-118.048,50.736],[-118.114,50.402],[-117.872,50.092],[-117.521,49.916],[-117.828,49.461],[-117.334,49.175],[-117.455,49.081],[-117.07,48.684],[-117.543,48.466],[-118.531,48.531],[-118.861,48.261],[-119.355,48.225],[-119.575,48.327],[-119.553,48.734],[-120.168,48.908],[-120.245,49.074],[-120.015,49.532],[-120.432,49.732],[-120.476,49.937]]]]}},{"type":"Feature","properties":{"NAME":"Opelousas","SUBJECTO":"Opelousas","PARTOF":"Opelousas","BORDERPRECISION":"1"},"bbox":[-92.161,30.406,-92.048,30.614],"geometry":{"type":"MultiPolygon","coordinates":[[[[-92.048,30.614],[-92.077,30.406],[-92.161,30.534],[-92.048,30.614]]]]}},{"type":"Feature","properties":{"NAME":"Kaskaskia","SUBJECTO":"Kaskaskia","PARTOF":"Kaskaskia","BORDERPRECISION":"1"},"bbox":[-95.79,36.315,-80.483,41.998],"geometry":{"type":"MultiPolygon","coordinates":[[[[-87.605,41.877],[-87.477,41.685],[-87.224,41.635],[-86.625,41.925],[-84.109,41.952],[-82.748,41.534],[-83.027,41.444],[-82.568,41.404],[-81.811,41.495],[-80.509,41.989],[-80.483,40.845],[-80.846,39.626],[-81.682,39.144],[-81.764,38.937],[-82.103,38.797],[-82.309,38.482],[-82.48,38.428],[-82.884,38.707],[-83.77,38.681],[-84.349,38.973],[-84.704,38.937],[-85.408,38.542],[-85.98,38.036],[-87.414,37.79],[-88.606,37.061],[-89.281,36.976],[-90.827,37.091],[-94.699,36.315],[-95.132,36.355],[-95.478,36.554],[-95.687,36.995],[-95.79,37.893],[-95.708,38.329],[-95.461,38.715],[-90.92,39.919],[-89.886,41.185],[-89.29,41.555],[-88.186,41.998],[-87.658,41.978],[-87.605,41.877]]]]}},{"type":"Feature","properties":{"NAME":"Yanesha","SUBJECTO":"Yanesha","PARTOF":"Yanesha","BORDERPRECISION":"1"},"bbox":[-75.897,-11.206,-74.289,-8.9],"geometry":{"type":"MultiPolygon","coordinates":[[[[-74.763,-8.9],[-74.289,-10.179],[-74.298,-10.778],[-74.456,-11.036],[-74.839,-11.206],[-75.597,-11.117],[-75.815,-11.007],[-75.897,-10.705],[-75.657,-9.959],[-75.184,-9.056],[-75.056,-8.915],[-74.763,-8.9]]]]}},{"type":"Feature","properties":{"NAME":"Opiscopank","SUBJECTO":"Opiscopank","PARTOF":"Opiscopank","BORDERPRECISION":"1"},"bbox":[-77.043,37.531,-76.574,37.839],"geometry":{"type":"MultiPolygon","coordinates":[[[[-76.574,37.711],[-76.726,37.531],[-77.043,37.764],[-76.821,37.839],[-76.574,37.711]]]]}},{"type":"Feature","properties":{"NAME":"Stillaguamish","SUBJECTO":"Stillaguamish","PARTOF":"Stillaguamish","BORDERPRECISION":"1"},"bbox":[-122.466,47.441,-121.282,48.793],"geometry":{"type":"MultiPolygon","coordinates":[[[[-122.391,47.868],[-122.439,48.661],[-122.158,48.793],[-121.887,48.496],[-121.579,48.457],[-121.282,48.035],[-121.947,47.764],[-122.254,47.441],[-122.466,47.66],[-122.391,47.868]]]]}},{"type":"Feature","properties":{"NAME":"Lule","SUBJECTO":"Lule","PARTOF":"Lule","BORDERPRECISION":"1"},"bbox":[-65.988,-28.111,-62.889,-24.761],"geometry":{"type":"MultiPolygon","coordinates":[[[[-65.869,-25.214],[-65.734,-25.007],[-65.378,-24.853],[-64.565,-24.761],[-63.786,-25.16],[-63.058,-26.198],[-62.889,-26.713],[-63.245,-27.842],[-63.736,-28.066],[-64.277,-28.111],[-65.124,-27.887],[-65.937,-26.365],[-65.988,-25.497],[-65.869,-25.214]]]]}},{"type":"Feature","properties":{"NAME":"Chiquitano","SUBJECTO":"Chiquitano","PARTOF":"Chiquitano","BORDERPRECISION":"1"},"bbox":[-62.923,-20.082,-57.504,-13.502],"geometry":{"type":"MultiPolygon","coordinates":[[[[-62.784,-14.213],[-62.623,-13.951],[-61.513,-13.521],[-61.15,-13.502],[-60.649,-13.703],[-58.782,-15.288],[-58.39,-15.934],[-58.226,-17.234],[-57.818,-17.483],[-57.504,-18.241],[-58.023,-19.519],[-58.057,-19.809],[-57.915,-20.039],[-58.16,-20.082],[-58.166,-19.841],[-59.287,-18.974],[-60.138,-18.494],[-60.662,-18.305],[-62.073,-18.185],[-62.797,-17.944],[-62.923,-17.324],[-62.562,-16.441],[-62.504,-15.898],[-62.784,-14.213]]]]}},{"type":"Feature","properties":{"NAME":"Washtáge Moⁿzháⁿ (Kaw / Kansa)","SUBJECTO":"Washtáge Moⁿzháⁿ (Kaw / Kansa)","PARTOF":"Washtáge Moⁿzháⁿ (Kaw / Kansa)","BORDERPRECISION":"1"},"bbox":[-100.602,37.027,-94.394,40.292],"geometry":{"type":"MultiPolygon","coordinates":[[[[-94.698,39.884],[-94.539,39.736],[-94.394,39.236],[-94.583,38.851],[-96.821,38.406],[-98.363,37.335],[-99.016,37.053],[-99.924,37.027],[-100.362,37.391],[-100.55,37.93],[-100.602,39.656],[-100.3,40.097],[-99.926,40.285],[-99.091,40.292],[-97.678,39.948],[-95.302,40.136],[-94.698,39.884]]]]}},{"type":"Feature","properties":{"NAME":"Pipa Aha Macav (Mojave)","SUBJECTO":"Pipa Aha Macav (Mojave)","PARTOF":"Pipa Aha Macav (Mojave)","BORDERPRECISION":"1"},"bbox":[-115.155,34.731,-114.077,35.906],"geometry":{"type":"MultiPolygon","coordinates":[[[[-114.109,35.257],[-114.077,34.895],[-114.182,34.731],[-115.02,34.91],[-115.155,35.313],[-115.133,35.8],[-114.8,35.906],[-114.594,35.84],[-114.216,35.521],[-114.109,35.257]]]]}},{"type":"Feature","properties":{"NAME":"Klahoose","SUBJECTO":"Klahoose","PARTOF":"Klahoose","BORDERPRECISION":"1"},"bbox":[-124.873,49.974,-123.734,50.863],"geometry":{"type":"MultiPolygon","coordinates":[[[[-124.795,50.035],[-124.873,50.531],[-124.244,50.863],[-123.753,50.665],[-123.734,50.494],[-123.997,50.501],[-123.923,50.351],[-124.522,50.244],[-124.706,49.974],[-124.795,50.035]]]]}},{"type":"Feature","properties":{"NAME":"Jumanos","SUBJECTO":"Jumanos","PARTOF":"Jumanos","BORDERPRECISION":"1"},"bbox":[-112.396,28.949,-96.097,35.026],"geometry":{"type":"MultiPolygon","coordinates":[[[[-104.771,30.297],[-104.377,30.788],[-105.673,34.249],[-106.749,33.977],[-111.93,34.948],[-112.009,34.751],[-112.199,34.702],[-112.396,34.88],[-112.123,35.026],[-106.949,34.058],[-106.211,34.742],[-105.693,34.758],[-105.563,34.549],[-105.667,34.255],[-104.374,30.788],[-103.494,31.673],[-102.434,32.397],[-102.098,32.897],[-101.399,33.223],[-100.416,33.374],[-97.338,33.244],[-96.64,33.114],[-96.226,32.876],[-96.097,32.484],[-96.2,31.342],[-97.08,29.446],[-97.364,29.175],[-98.14,28.972],[-98.838,28.949],[-99.459,29.13],[-103.875,28.985],[-104.425,29.148],[-104.815,29.45],[-104.877,29.919],[-104.771,30.297]]]]}},{"type":"Feature","properties":{"NAME":"Northern Yuki","SUBJECTO":"Northern Yuki","PARTOF":"Northern Yuki","BORDERPRECISION":"1"},"bbox":[-123.64,39.345,-122.728,40.156],"geometry":{"type":"MultiPolygon","coordinates":[[[[-123.64,39.955],[-123.223,39.9],[-123.19,40.131],[-122.97,40.156],[-122.948,39.853],[-122.728,39.555],[-122.795,39.345],[-123.295,39.43],[-123.64,39.955]]]]}},{"type":"Feature","properties":{"NAME":"Chorotega","SUBJECTO":"Chorotega","PARTOF":"Chorotega","BORDERPRECISION":"1"},"bbox":[-87.971,10.027,-84.768,13.698],"geometry":{"type":"MultiPolygon","coordinates":[[[[-85.712,10.03],[-85.824,10.361],[-85.621,10.827],[-85.87,10.928],[-85.707,10.983],[-85.895,11.17],[-85.981,11.864],[-86.598,12.263],[-86.793,12.682],[-87.587,12.832],[-87.685,13.017],[-87.404,13.03],[-87.556,13.366],[-87.971,13.477],[-87.908,13.611],[-87.738,13.698],[-87.117,13.553],[-86.715,13.662],[-86.04,13.536],[-85.308,12.894],[-84.768,10.947],[-85.288,10.4],[-85.405,10.027],[-85.712,10.03]]]]}},{"type":"Feature","properties":{"NAME":"Kaw (Oklahoma)","SUBJECTO":"Kaw (Oklahoma)","PARTOF":"Kaw (Oklahoma)","BORDERPRECISION":"1"},"bbox":[-96.925,36.768,-96.75,36.999],"geometry":{"type":"MultiPolygon","coordinates":[[[[-96.823,36.768],[-96.925,36.999],[-96.75,36.999],[-96.823,36.768]]]]}},{"type":"Feature","properties":{"NAME":"Q'eqchi'","SUBJECTO":"Q'eqchi'","PARTOF":"Q'eqchi'","BORDERPRECISION":"1"},"bbox":[-90.955,15.093,-88.291,16.817],"geometry":{"type":"MultiPolygon","coordinates":[[[[-88.445,16.441],[-88.941,16.033],[-88.906,15.84],[-88.686,15.689],[-88.851,15.66],[-89.046,15.392],[-89.626,15.185],[-89.973,15.093],[-90.469,15.469],[-90.866,15.451],[-90.955,15.649],[-90.688,16.053],[-90.467,16.075],[-90.398,16.379],[-90.554,16.504],[-90.357,16.606],[-89.675,16.657],[-89.206,16.453],[-88.291,16.817],[-88.445,16.441]]]]}},{"type":"Feature","properties":{"NAME":"Kanas","SUBJECTO":"Kanas","PARTOF":"Kanas","BORDERPRECISION":"1"},"bbox":[-74.398,-13.65,-74.285,-13.439],"geometry":{"type":"MultiPolygon","coordinates":[[[[-74.36,-13.439],[-74.285,-13.563],[-74.398,-13.65],[-74.36,-13.439]]]]}},{"type":"Feature","properties":{"NAME":"Calvas","SUBJECTO":"Calvas","PARTOF":"Calvas","BORDERPRECISION":"1"},"bbox":[-79.972,-4.593,-79.374,-4.103],"geometry":{"type":"MultiPolygon","coordinates":[[[[-79.405,-4.103],[-79.374,-4.593],[-79.972,-4.385],[-79.874,-4.191],[-79.405,-4.103]]]]}},{"type":"Feature","properties":{"NAME":"Lhaq’temish (Lummi)","SUBJECTO":"Lhaq’temish (Lummi)","PARTOF":"Lhaq’temish (Lummi)","BORDERPRECISION":"1"},"bbox":[-122.62,48.697,-122.48,48.846],"geometry":{"type":"MultiPolygon","coordinates":[[[[-122.535,48.697],[-122.62,48.846],[-122.48,48.805],[-122.535,48.697]]]]}},{"type":"Feature","properties":{"NAME":"Sewee","SUBJECTO":"Sewee","PARTOF":"Sewee","BORDERPRECISION":"1"},"bbox":[-79.66,32.968,-79.349,33.219],"geometry":{"type":"MultiPolygon","coordinates":[[[[-79.349,33.11],[-79.515,32.968],[-79.66,33.094],[-79.465,33.219],[-79.349,33.11]]]]}},{"type":"Feature","properties":{"NAME":"Ha Shuta Enima (Mazateco)","SUBJECTO":"Ha Shuta Enima (Mazateco)","PARTOF":"Ha Shuta Enima (Mazateco)","BORDERPRECISION":"1"},"bbox":[-97.123,17.911,-96.266,18.664],"geometry":{"type":"MultiPolygon","coordinates":[[[[-97.123,18.124],[-96.831,18.262],[-96.706,18.664],[-96.451,18.562],[-96.266,18.292],[-96.775,17.917],[-96.966,17.911],[-97.123,18.124]]]]}},{"type":"Feature","properties":{"NAME":"Kandozi","SUBJECTO":"Kandozi","PARTOF":"Kandozi","BORDERPRECISION":"1"},"bbox":[-77.392,-5.111,-75.605,-3.421],"geometry":{"type":"MultiPolygon","coordinates":[[[[-77.392,-3.421],[-76.154,-3.785],[-75.605,-5.03],[-75.882,-5.111],[-77.225,-4.34],[-77.392,-3.421]]]]}},{"type":"Feature","properties":{"NAME":"Ndee/Nnēē: (Western Apache)","SUBJECTO":"Ndee/Nnēē: (Western Apache)","PARTOF":"Ndee/Nnēē: (Western Apache)","BORDERPRECISION":"1"},"bbox":[-112.072,32.193,-109.149,35.343],"geometry":{"type":"MultiPolygon","coordinates":[[[[-111.223,33.6],[-111.507,33.815],[-111.639,34.334],[-112.072,34.463],[-111.891,35.151],[-111.383,35.343],[-111.061,35.046],[-111.107,34.739],[-109.88,34.58],[-109.411,34.292],[-109.149,33.745],[-109.245,32.943],[-109.909,32.337],[-110.205,32.418],[-110.356,32.248],[-110.658,32.193],[-110.96,32.521],[-110.9,33.16],[-111.187,33.412],[-111.223,33.6]]]]}},{"type":"Feature","properties":{"NAME":"Wuikinuxv (Oweekeno)","SUBJECTO":"Wuikinuxv (Oweekeno)","PARTOF":"Wuikinuxv (Oweekeno)","BORDERPRECISION":"1"},"bbox":[-127.919,51.361,-125.75,52.019],"geometry":{"type":"MultiPolygon","coordinates":[[[[-127.559,51.537],[-127.353,51.637],[-127.455,51.769],[-127.919,51.802],[-127.123,52.019],[-126.535,51.853],[-125.87,51.873],[-125.898,51.642],[-125.75,51.543],[-126.458,51.361],[-127.249,51.55],[-127.617,51.392],[-127.559,51.537]]]]}},{"type":"Feature","properties":{"NAME":"Tariana","SUBJECTO":"Tariana","PARTOF":"Tariana","BORDERPRECISION":"1"},"bbox":[-68.799,0.213,-68.343,0.591],"geometry":{"type":"MultiPolygon","coordinates":[[[[-68.799,0.446],[-68.613,0.591],[-68.343,0.362],[-68.498,0.213],[-68.799,0.446]]]]}},{"type":"Feature","properties":{"NAME":"Moregena","SUBJECTO":"Moregena","PARTOF":"Moregena","BORDERPRECISION":"1"},"bbox":[-65.057,-12.414,-64.669,-11.939],"geometry":{"type":"MultiPolygon","coordinates":[[[[-65.057,-11.939],[-64.669,-12.117],[-64.711,-12.414],[-64.96,-12.376],[-65.057,-11.939]]]]}},{"type":"Feature","properties":{"NAME":"Oro Win/Oro Towati’","SUBJECTO":"Oro Win/Oro Towati’","PARTOF":"Oro Win/Oro Towati’","BORDERPRECISION":"1"},"bbox":[-64.289,-11.189,-64.005,-11.045],"geometry":{"type":"MultiPolygon","coordinates":[[[[-64.289,-11.189],[-64.118,-11.045],[-64.005,-11.101],[-64.289,-11.189]]]]}},{"type":"Feature","properties":{"NAME":"Kwanlin Dün","SUBJECTO":"Kwanlin Dün","PARTOF":"Kwanlin Dün","BORDERPRECISION":"1"},"bbox":[-136.28,60.236,-133.814,61.824],"geometry":{"type":"MultiPolygon","coordinates":[[[[-136.28,61.644],[-135.524,61.824],[-134.613,61.598],[-134.055,61.228],[-133.814,60.67],[-133.883,60.379],[-135.387,60.236],[-135.93,60.3],[-136.187,60.789],[-135.919,61.019],[-136.28,61.644]]]]}},{"type":"Feature","properties":{"NAME":"Alutiiq (Sugpiaq)","SUBJECTO":"Alutiiq (Sugpiaq)","PARTOF":"Alutiiq (Sugpiaq)","BORDERPRECISION":"1"},"bbox":[-160.607,55.807,-145.349,61.481],"geometry":{"type":"MultiPolygon","coordinates":[[[[-145.893,60.516],[-145.998,60.662],[-147.94,61.206],[-148.452,61.069],[-147.793,61.368],[-146.627,61.481],[-145.349,60.933],[-145.893,60.516]]],[[[-148.466,60.868],[-148.84,60.545],[-148.336,60.413],[-148.258,60.281],[-148.494,59.904],[-149.581,59.985],[-151.388,59.213],[-151.881,59.163],[-151.453,59.561],[-150.426,59.754],[-149.854,60.048],[-149.126,60.458],[-148.491,61.052],[-148.466,60.868]]],[[[-154.298,59.117],[-153.455,58.877],[-154.649,58.076],[-155.598,57.896],[-156.685,57.401],[-156.496,57.1],[-158.527,56.449],[-159.077,55.992],[-160.169,55.807],[-160.607,55.962],[-160.457,56.2],[-159.776,56.582],[-159.249,56.781],[-158.617,56.748],[-158.662,57.076],[-157.665,57.604],[-157.589,58.164],[-154.923,58.599],[-154.298,59.117]]],[[[-153.178,57.825],[-152.679,57.765],[-152.378,57.518],[-153.177,57.407],[-153.492,57.051],[-153.878,56.941],[-154.661,57.234],[-154.189,57.631],[-153.731,57.427],[-153.425,57.64],[-153.396,57.804],[-153.178,57.825]]]]}},{"type":"Feature","properties":{"NAME":"Chemapho","SUBJECTO":"Chemapho","PARTOF":"Chemapho","BORDERPRECISION":"1"},"bbox":[-123.558,44.384,-123.208,44.571],"geometry":{"type":"MultiPolygon","coordinates":[[[[-123.26,44.571],[-123.208,44.448],[-123.425,44.384],[-123.558,44.521],[-123.26,44.571]]]]}},{"type":"Feature","properties":{"NAME":"Mandan, Hidatsa, and Arikara","SUBJECTO":"Mandan, Hidatsa, and Arikara","PARTOF":"Mandan, Hidatsa, and Arikara","BORDERPRECISION":"1"},"bbox":[-105.436,44.261,-100.828,48.17],"geometry":{"type":"MultiPolygon","coordinates":[[[[-105.205,44.41],[-105.348,44.833],[-105.293,45.422],[-105.018,45.836],[-105.392,46.362],[-105.436,46.785],[-104.963,47.01],[-104.043,48.01],[-103.626,48.153],[-102.821,48.17],[-102.409,48.019],[-101.942,47.636],[-101.525,47.569],[-101.47,47.383],[-100.886,47.053],[-100.828,46.764],[-101.144,46.755],[-101.272,46.555],[-102.705,46.868],[-103.029,46.746],[-103.579,46.142],[-104.513,45.683],[-104.403,45.136],[-104.524,44.786],[-105.029,44.261],[-105.205,44.41]]]]}},{"type":"Feature","properties":{"NAME":"Niitsítpiis-stahkoii ᖹᐟᒧᐧᐨᑯᐧ ᓴᐦᖾᐟ (Blackfoot / Niitsítapi ᖹᐟᒧᐧᒣᑯ)","SUBJECTO":"Niitsítpiis-stahkoii ᖹᐟᒧᐧᐨᑯᐧ ᓴᐦᖾᐟ (Blackfoot / Niitsítapi ᖹᐟᒧᐧᒣᑯ)","PARTOF":"Niitsítpiis-stahkoii ᖹᐟᒧᐧᐨᑯᐧ ᓴᐦᖾᐟ (Blackfoot / Niitsítapi ᖹᐟᒧᐧᒣᑯ)","BORDERPRECISION":"1"},"bbox":[-118.521,45.597,-101.893,54.068],"geometry":{"type":"MultiPolygon","coordinates":[[[[-115.884,52.616],[-114.789,53.327],[-114.332,53.44],[-113.652,53.383],[-112.791,54.068],[-112.201,54.056],[-111.726,53.91],[-111.727,53.796],[-110.643,53.861],[-109.666,53.599],[-109.556,53.429],[-109.248,53.371],[-108.779,53.004],[-107.402,52.352],[-107.006,52.38],[-106.183,53.198],[-104.997,53.256],[-104.834,53.16],[-103.098,53.761],[-101.893,49.012],[-103.962,47.973],[-104.148,47.612],[-104.764,47.074],[-106.067,46.306],[-107.154,46.314],[-108.405,45.723],[-109.214,45.597],[-109.914,45.838],[-110.996,45.717],[-111.84,46.098],[-112.855,46.885],[-112.922,47.251],[-113.339,47.744],[-113.559,48.494],[-114.762,49.522],[-114.865,50.264],[-118.521,52.187],[-115.884,52.616]]]]}},{"type":"Feature","properties":{"NAME":"Lənape Haki-nk (Lenni-Lenape)","SUBJECTO":"Lənape Haki-nk (Lenni-Lenape)","PARTOF":"Lənape Haki-nk (Lenni-Lenape)","BORDERPRECISION":"1"},"bbox":[-76.451,38.722,-73.946,41.392],"geometry":{"type":"MultiPolygon","coordinates":[[[[-73.946,40.447],[-74.153,39.765],[-74.289,39.572],[-74.406,39.614],[-74.414,39.418],[-74.86,38.99],[-74.969,39.032],[-74.94,39.251],[-75.401,39.424],[-75.549,39.667],[-75.339,39.893],[-75.624,39.673],[-75.389,39.133],[-75.089,38.842],[-75.201,38.722],[-75.584,38.998],[-76.415,40.283],[-76.451,40.623],[-76.394,40.8],[-75.582,41.392],[-74.812,40.91],[-74.468,40.493],[-73.946,40.447]]]]}},{"type":"Feature","properties":{"NAME":"Garrochambas","SUBJECTO":"Garrochambas","PARTOF":"Garrochambas","BORDERPRECISION":"1"},"bbox":[-79.609,-3.985,-79.299,-3.701],"geometry":{"type":"MultiPolygon","coordinates":[[[[-79.388,-3.985],[-79.604,-3.85],[-79.609,-3.701],[-79.299,-3.902],[-79.388,-3.985]]]]}},{"type":"Feature","properties":{"NAME":"Nahua","SUBJECTO":"Nahua","PARTOF":"Nahua","BORDERPRECISION":"1"},"bbox":[-102.456,18.96,-102.211,19.148],"geometry":{"type":"MultiPolygon","coordinates":[[[[-102.456,19.057],[-102.366,19.148],[-102.211,19.048],[-102.305,18.96],[-102.456,19.057]]]]}},{"type":"Feature","properties":{"NAME":"Chelan","SUBJECTO":"Chelan","PARTOF":"Chelan","BORDERPRECISION":"1"},"bbox":[-121.075,47.775,-119.884,48.547],"geometry":{"type":"MultiPolygon","coordinates":[[[[-120.145,47.775],[-120.638,48.149],[-120.971,48.182],[-121.075,48.356],[-120.995,48.521],[-120.74,48.547],[-120.332,48.166],[-119.884,48.036],[-119.986,47.792],[-120.145,47.775]]]]}},{"type":"Feature","properties":{"NAME":"Tse’khene","SUBJECTO":"Tse’khene","PARTOF":"Tse’khene","BORDERPRECISION":"1"},"bbox":[-127.562,54.272,-121.41,57.874],"geometry":{"type":"MultiPolygon","coordinates":[[[[-123.882,55.085],[-124.244,55.392],[-124.75,55.591],[-125.76,55.597],[-126.266,55.974],[-127.09,55.838],[-127.134,55.998],[-126.903,56.414],[-127.013,56.674],[-127.562,56.975],[-127.496,57.202],[-127.134,57.569],[-126.486,57.528],[-126.541,57.862],[-125.673,57.745],[-125.343,57.874],[-124.893,57.763],[-124.827,57.522],[-124.387,57.172],[-124.113,56.759],[-123.431,56.31],[-122.871,56.274],[-122.542,56.078],[-122.498,55.77],[-122.651,55.535],[-122.552,55.367],[-121.641,54.952],[-121.41,54.699],[-121.432,54.559],[-122.542,54.272],[-122.882,54.521],[-123.409,54.667],[-123.882,55.085]]]]}},{"type":"Feature","properties":{"NAME":"Puruborá","SUBJECTO":"Puruborá","PARTOF":"Puruborá","BORDERPRECISION":"1"},"bbox":[-63.919,-12.375,-62.852,-11.72],"geometry":{"type":"MultiPolygon","coordinates":[[[[-63.919,-12.131],[-63.589,-11.868],[-63.006,-11.72],[-62.852,-11.816],[-62.994,-12.194],[-63.241,-12.375],[-63.828,-12.274],[-63.919,-12.131]]]]}},{"type":"Feature","properties":{"NAME":"Spokane","SUBJECTO":"Spokane","PARTOF":"Spokane","BORDERPRECISION":"1"},"bbox":[-118.773,46.597,-117.054,48.155],"geometry":{"type":"MultiPolygon","coordinates":[[[[-118.411,47.784],[-118.378,48.03],[-118.18,48.129],[-117.762,48.155],[-117.109,47.94],[-117.054,47.684],[-117.246,47.436],[-117.246,46.92],[-117.411,46.732],[-118.12,46.597],[-118.597,46.661],[-118.773,47.35],[-118.411,47.784]]]]}},{"type":"Feature","properties":{"NAME":"Santee","SUBJECTO":"Santee","PARTOF":"Santee","BORDERPRECISION":"1"},"bbox":[-80.917,33.172,-79.545,33.845],"geometry":{"type":"MultiPolygon","coordinates":[[[[-80.778,33.784],[-80.567,33.845],[-80.203,33.701],[-79.545,33.366],[-79.55,33.234],[-79.861,33.172],[-80.791,33.358],[-80.917,33.572],[-80.778,33.784]]]]}},{"type":"Feature","properties":{"NAME":"Snohomish","SUBJECTO":"Snohomish","PARTOF":"Snohomish","BORDERPRECISION":"1"},"bbox":[-122.404,47.832,-121.619,48.125],"geometry":{"type":"MultiPolygon","coordinates":[[[[-122.404,47.832],[-122.343,48.125],[-121.619,48.037],[-122.404,47.832]]]]}},{"type":"Feature","properties":{"NAME":"Kl'bal Pom Wintu","SUBJECTO":"Kl'bal Pom Wintu","PARTOF":"Kl'bal Pom Wintu","BORDERPRECISION":"1"},"bbox":[-122.73,40.722,-122.326,41.043],"geometry":{"type":"MultiPolygon","coordinates":[[[[-122.326,40.722],[-122.73,40.724],[-122.454,41.043],[-122.326,40.722]]]]}},{"type":"Feature","properties":{"NAME":"Resighini Rancheria (Yurok)","SUBJECTO":"Resighini Rancheria (Yurok)","PARTOF":"Resighini Rancheria (Yurok)","BORDERPRECISION":"1"},"bbox":[-124.146,40.996,-123.541,41.632],"geometry":{"type":"MultiPolygon","coordinates":[[[[-123.937,41.632],[-123.926,41.525],[-123.585,41.591],[-123.541,41.344],[-123.585,41.129],[-123.948,41.212],[-124.025,40.996],[-124.146,41.096],[-124.146,41.615],[-123.937,41.632]]]]}},{"type":"Feature","properties":{"NAME":"Yudjá","SUBJECTO":"Yudjá","PARTOF":"Yudjá","BORDERPRECISION":"1"},"bbox":[-53.894,-11.419,-51.681,-3.22],"geometry":{"type":"MultiPolygon","coordinates":[[[[-51.681,-3.445],[-51.683,-3.74],[-52.087,-3.724],[-52.271,-3.854],[-52.66,-4.885],[-52.676,-5.157],[-52.383,-5.999],[-51.95,-6.481],[-52.017,-6.67],[-52.48,-6.657],[-53.096,-10.762],[-52.893,-11.213],[-53.221,-11.419],[-53.695,-11.392],[-53.894,-11.006],[-53.784,-10.687],[-53.409,-10.627],[-53.11,-10.762],[-52.483,-6.655],[-52.741,-6.431],[-53.055,-4.994],[-52.667,-3.759],[-52.287,-3.233],[-51.968,-3.22],[-51.681,-3.445]]]]}},{"type":"Feature","properties":{"NAME":"pʌʌsíʌhʌ (Andoque/Paasiaja)","SUBJECTO":"pʌʌsíʌhʌ (Andoque/Paasiaja)","PARTOF":"pʌʌsíʌhʌ (Andoque/Paasiaja)","BORDERPRECISION":"1"},"bbox":[-73.477,-1.046,-72.006,-0.212],"geometry":{"type":"MultiPolygon","coordinates":[[[[-73.477,-0.532],[-73.246,-0.212],[-72.845,-0.238],[-72.234,-0.383],[-72.006,-0.669],[-72.086,-0.914],[-72.246,-0.989],[-72.851,-1.046],[-73.348,-0.909],[-73.477,-0.532]]]]}},{"type":"Feature","properties":{"NAME":"Munsee Lenape","SUBJECTO":"Munsee Lenape","PARTOF":"Munsee Lenape","BORDERPRECISION":"1"},"bbox":[-75.628,40.371,-73.386,42.132],"geometry":{"type":"MultiPolygon","coordinates":[[[[-73.386,41.139],[-73.993,40.781],[-73.89,41.174],[-74.074,40.727],[-74.293,40.632],[-73.961,40.395],[-74.267,40.371],[-75.597,41.181],[-75.628,41.667],[-75.437,41.961],[-73.602,42.132],[-73.484,42.029],[-73.386,41.139]]]]}},{"type":"Feature","properties":{"NAME":"Yokuts","SUBJECTO":"Yokuts","PARTOF":"Yokuts","BORDERPRECISION":"1"},"bbox":[-122.157,34.85,-118.429,37.97],"geometry":{"type":"MultiPolygon","coordinates":[[[[-120.212,35.693],[-120.296,36.127],[-120.598,36.509],[-121.311,37.125],[-121.74,37.762],[-122.157,37.875],[-121.926,37.97],[-121.003,37.941],[-120.073,37.275],[-119.702,37.538],[-119.537,37.063],[-119.034,36.797],[-118.939,36.502],[-118.506,36.446],[-118.436,36.147],[-118.696,35.926],[-118.429,35.721],[-118.707,34.85],[-119.301,34.859],[-119.784,35.174],[-120.212,35.693]]]]}},{"type":"Feature","properties":{"NAME":"Féénemɨnaa","SUBJECTO":"Féénemɨnaa","PARTOF":"Féénemɨnaa","BORDERPRECISION":"1"},"bbox":[-72.856,-1.844,-70.83,-0.579],"geometry":{"type":"MultiPolygon","coordinates":[[[[-72.856,-0.616],[-72.122,-0.579],[-71.722,-0.936],[-71.537,-0.957],[-71.51,-1.121],[-71.195,-1.028],[-70.83,-1.352],[-71.225,-1.458],[-71.614,-1.844],[-72.143,-1.277],[-72.754,-1.128],[-72.856,-0.616]]]]}},{"type":"Feature","properties":{"NAME":"Puinave","SUBJECTO":"Puinave","PARTOF":"Puinave","BORDERPRECISION":"1"},"bbox":[-71.038,2.033,-67.174,6.342],"geometry":{"type":"MultiPolygon","coordinates":[[[[-67.983,6.322],[-67.449,6.342],[-67.285,6.183],[-67.174,4.175],[-67.411,3.653],[-68.418,2.876],[-70.412,2.033],[-70.677,2.092],[-71.034,2.534],[-71.038,2.984],[-70.563,3.994],[-69.507,5.494],[-69.051,5.908],[-68.602,6.185],[-67.983,6.322]]]]}},{"type":"Feature","properties":{"NAME":"Chesapeake","SUBJECTO":"Chesapeake","PARTOF":"Chesapeake","BORDERPRECISION":"1"},"bbox":[-76.378,36.554,-75.912,36.937],"geometry":{"type":"MultiPolygon","coordinates":[[[[-76.325,36.937],[-75.975,36.937],[-75.912,36.554],[-76.378,36.618],[-76.325,36.937]]]]}},{"type":"Feature","properties":{"NAME":"Pataxó Hã-Hã-Hãe","SUBJECTO":"Pataxó Hã-Hã-Hãe","PARTOF":"Pataxó Hã-Hã-Hãe","BORDERPRECISION":"1"},"bbox":[-39.78,-15.585,-39.207,-13.952],"geometry":{"type":"MultiPolygon","coordinates":[[[[-39.702,-15.585],[-39.78,-15.145],[-39.207,-13.952],[-39.728,-15.119],[-39.584,-15.303],[-39.702,-15.585]]]]}},{"type":"Feature","properties":{"NAME":"Ixil","SUBJECTO":"Ixil","PARTOF":"Ixil","BORDERPRECISION":"1"},"bbox":[-91.317,15.384,-90.926,15.773],"geometry":{"type":"MultiPolygon","coordinates":[[[[-91.165,15.384],[-91.317,15.536],[-91.065,15.773],[-90.926,15.486],[-91.165,15.384]]]]}},{"type":"Feature","properties":{"NAME":"Yup’ik/Cup’ik","SUBJECTO":"Yup’ik/Cup’ik","PARTOF":"Yup’ik/Cup’ik","BORDERPRECISION":"1"},"bbox":[-166.19,58.14,-153.987,64.646],"geometry":{"type":"MultiPolygon","coordinates":[[[[-157.554,58.27],[-157.242,58.491],[-157.139,58.856],[-158.291,58.73],[-158.517,58.999],[-158.636,58.971],[-158.973,58.77],[-158.866,58.612],[-158.933,58.433],[-159.814,58.941],[-160.431,59.002],[-160.84,58.96],[-161.117,58.746],[-161.938,58.723],[-162.06,59.289],[-161.925,59.518],[-162.378,60.163],[-164.027,59.798],[-165.128,60.542],[-164.845,60.816],[-163.627,60.601],[-163.52,60.706],[-163.689,60.923],[-163.895,61.042],[-164.539,60.95],[-165.423,61.264],[-165.898,61.27],[-166.19,61.749],[-165.834,61.834],[-165.802,62.039],[-165.579,62.139],[-165.431,62.43],[-164.292,63.25],[-163.309,63.038],[-162.474,63.41],[-161.133,63.563],[-160.891,63.858],[-159.863,63.882],[-161.116,63.015],[-161.349,62.51],[-160.948,62.231],[-158.466,62.106],[-156.544,61.801],[-156.11,61.263],[-155.743,60.192],[-155.089,59.838],[-153.987,59.554],[-154.8,58.762],[-155.35,58.485],[-157.597,58.14],[-157.554,58.27]]],[[[-162.562,64.601],[-162.998,64.445],[-163.066,64.539],[-162.459,64.646],[-162.562,64.601]]]]}},{"type":"Feature","properties":{"NAME":"Beaver Lake Cree","SUBJECTO":"Beaver Lake Cree","PARTOF":"Beaver Lake Cree","BORDERPRECISION":"1"},"bbox":[-113.434,54.175,-107.814,56.041],"geometry":{"type":"MultiPolygon","coordinates":[[[[-110.138,54.342],[-111.297,54.175],[-113.203,54.377],[-113.417,54.451],[-113.318,54.734],[-113.434,54.956],[-112.819,55.448],[-112.681,56.017],[-110.561,56.041],[-108.605,55.612],[-108.715,55.36],[-108.034,55.201],[-108.045,54.997],[-107.814,54.696],[-107.875,54.333],[-109.254,54.243],[-110.138,54.342]]]]}},{"type":"Feature","properties":{"NAME":"Kawahib (Jiahui)","SUBJECTO":"Kawahib (Jiahui)","PARTOF":"Kawahib (Jiahui)","BORDERPRECISION":"1"},"bbox":[-62.365,-8.158,-62.121,-7.509],"geometry":{"type":"MultiPolygon","coordinates":[[[[-62.365,-8.091],[-62.322,-7.577],[-62.121,-7.509],[-62.158,-8.158],[-62.365,-8.091]]]]}},{"type":"Feature","properties":{"NAME":"Tilian","SUBJECTO":"Tilian","PARTOF":"Tilian","BORDERPRECISION":"1"},"bbox":[-65.791,-24.336,-65.086,-22.876],"geometry":{"type":"MultiPolygon","coordinates":[[[[-65.705,-22.947],[-65.399,-22.876],[-65.172,-23.12],[-65.086,-24.115],[-65.28,-24.336],[-65.583,-24.214],[-65.699,-24.015],[-65.791,-23.336],[-65.705,-22.947]]]]}},{"type":"Feature","properties":{"NAME":"Toromona","SUBJECTO":"Toromona","PARTOF":"Toromona","BORDERPRECISION":"1"},"bbox":[-68.789,-14.094,-68.291,-13.364],"geometry":{"type":"MultiPolygon","coordinates":[[[[-68.76,-13.467],[-68.552,-13.364],[-68.291,-13.535],[-68.36,-14.012],[-68.529,-14.094],[-68.789,-13.967],[-68.76,-13.467]]]]}},{"type":"Feature","properties":{"NAME":"ditidaqiic̓aq disib̓aʔk (Ditidaht)","SUBJECTO":"ditidaqiic̓aq disib̓aʔk (Ditidaht)","PARTOF":"ditidaqiic̓aq disib̓aʔk (Ditidaht)","BORDERPRECISION":"1"},"bbox":[-125.06,48.653,-123.975,49.115],"geometry":{"type":"MultiPolygon","coordinates":[[[[-125.06,48.783],[-124.541,49.115],[-123.975,48.772],[-124.066,48.678],[-124.387,48.865],[-124.655,48.653],[-125.06,48.783]]]]}},{"type":"Feature","properties":{"NAME":"sdukʷalbixʷ (Snoqualmie)","SUBJECTO":"sdukʷalbixʷ (Snoqualmie)","PARTOF":"sdukʷalbixʷ (Snoqualmie)","BORDERPRECISION":"1"},"bbox":[-122.028,47.383,-121.059,47.822],"geometry":{"type":"MultiPolygon","coordinates":[[[[-122.028,47.822],[-121.059,47.763],[-121.123,47.534],[-121.531,47.383],[-121.916,47.582],[-122.028,47.822]]]]}},{"type":"Feature","properties":{"NAME":"Inuit","SUBJECTO":"Inuit","PARTOF":"Inuit","BORDERPRECISION":"1"},"bbox":[-121.289,53.12,-56.239,83.176],"geometry":{"type":"MultiPolygon","coordinates":[[[[-102.24,69.876],[-103.361,69.639],[-103.268,69.329],[-102.198,69.482],[-101.804,69.241],[-101.808,69.136],[-102.54,68.908],[-104.188,68.898],[-105.93,69.234],[-106.592,69.497],[-107.536,69.057],[-108.646,69.002],[-110.448,68.653],[-112.74,68.589],[-113.602,68.722],[-113.539,69.114],[-113.717,69.204],[-116.296,69.426],[-117.478,69.953],[-110.215,70.14],[-110.215,72.396],[-110.079,72.562],[-110.166,72.647],[-110.102,72.977],[-108.986,72.73],[-108.348,71.913],[-108.061,71.757],[-107.527,72.016],[-108.087,72.629],[-108.284,73.223],[-108.182,73.383],[-106.523,73.195],[-105.447,72.792],[-105.01,72.045],[-104.467,71.655],[-104.675,71.187],[-104.595,71.048],[-103.634,70.625],[-101.511,70.206],[-101.055,70.031],[-100.891,69.674],[-101.449,69.665],[-102.24,69.876]]],[[[-70.919,82.932],[-71.068,83.142],[-70.584,83.176],[-67.696,82.873],[-65.046,82.879],[-62.427,82.634],[-61.816,82.473],[-61.989,82.312],[-63.921,82.011],[-66.375,82.101],[-67.585,81.961],[-67.854,81.752],[-67.516,81.587],[-65.588,81.705],[-65.224,81.51],[-69.497,80.547],[-70.511,80.545],[-70.219,80.137],[-71.454,79.846],[-74.245,80.043],[-74.542,79.894],[-73.376,79.581],[-77.239,79.583],[-77.299,79.286],[-76.254,79.325],[-75.214,79.193],[-74.963,79.122],[-74.909,78.821],[-75.521,78.678],[-75.753,78.361],[-76.618,78.298],[-76.143,78.072],[-76.291,78.011],[-78.367,78.033],[-78.182,77.677],[-78.511,77.443],[-78.855,77.374],[-81.1,77.577],[-82.102,77.316],[-78.121,77.041],[-77.824,76.888],[-77.804,76.726],[-78.212,76.547],[-80.814,76.238],[-81.382,76.651],[-82.572,76.776],[-82.424,76.471],[-83.088,76.478],[-83.763,76.536],[-84.622,76.892],[-84.796,76.866],[-84.559,76.543],[-85.037,76.407],[-87.273,76.504],[-88.183,76.74],[-88.31,76.536],[-88.589,76.468],[-89.418,76.61],[-89.247,76.977],[-87.099,77.281],[-88.051,77.754],[-87.812,77.876],[-86.436,77.817],[-85.538,77.49],[-84.442,77.303],[-83.319,77.374],[-83.049,77.631],[-84.868,77.708],[-84.939,78.09],[-84.843,78.16],[-86.917,78.245],[-86.825,78.586],[-86.304,78.834],[-84.456,78.891],[-82.326,78.665],[-81.597,78.755],[-83.911,79.257],[-85.51,79.828],[-85.693,79.719],[-86.322,80.114],[-86.311,80.23],[-83.618,80.207],[-81.758,79.682],[-80.732,79.659],[-81.356,79.908],[-82.263,80.051],[-81.719,80.385],[-81.064,80.533],[-77.521,80.75],[-78.962,81.034],[-80.088,81.022],[-81.876,80.749],[-82.791,80.697],[-83.48,80.895],[-85.504,80.618],[-85.364,80.991],[-84.923,81.122],[-84.92,81.213],[-85.811,81.395],[-88.322,81.166],[-89.236,80.864],[-89.675,81.026],[-89.193,81.096],[-89.559,81.418],[-91.08,81.538],[-91.219,81.837],[-90.503,82.007],[-88.071,82.128],[-86.682,81.994],[-86.324,82.206],[-84.947,82.379],[-80.092,81.966],[-79.891,82.04],[-81.654,82.58],[-80.415,82.867],[-78.698,83.003],[-77.074,82.863],[-75.925,82.517],[-75.802,82.68],[-76.607,83.04],[-76.382,83.152],[-74.161,82.991],[-73.253,82.773],[-73.361,83.103],[-71.926,83.084],[-71.178,82.81],[-70.9,82.811],[-70.919,82.932]]],[[[-73.994,66.266],[-73.036,66.642],[-72.874,66.886],[-72.305,67.264],[-72.354,67.53],[-73.185,68.296],[-74.405,68.66],[-74.752,69.043],[-75.199,68.862],[-76.546,68.731],[-76.643,69.032],[-75.625,69.102],[-75.552,69.222],[-76.971,69.802],[-77.622,69.892],[-77.699,70.136],[-78.928,70.602],[-80.49,70.815],[-80.66,70.753],[-78.941,70.271],[-78.713,70.011],[-79.241,69.881],[-80.713,70.153],[-81.158,70.106],[-80.829,69.711],[-81.807,69.983],[-82.269,69.86],[-82.926,70.011],[-85.984,70.113],[-86.372,70.196],[-86.373,70.465],[-86.537,70.534],[-86.944,70.556],[-87.402,70.363],[-88.432,70.461],[-89.019,70.675],[-89.205,70.845],[-89.15,70.968],[-87.309,70.933],[-87.169,71.019],[-87.949,71.351],[-89.997,71.541],[-89.814,71.979],[-89.371,72.066],[-89.334,72.168],[-89.841,72.427],[-89.639,72.782],[-89.1,73.196],[-88.099,73.636],[-86.246,73.88],[-85.254,73.777],[-86.662,73.097],[-86.855,72.859],[-86.779,72.693],[-86.214,72.449],[-86.414,72.315],[-86.333,71.993],[-85.243,71.465],[-85.859,71.261],[-85.891,71.122],[-84.783,71.062],[-84.488,71.349],[-84.535,71.536],[-85.602,72.01],[-85.116,72.278],[-84.289,72.256],[-85.504,72.608],[-85.506,72.94],[-85.107,73.084],[-83.885,73.07],[-84.862,73.355],[-84.505,73.491],[-82.697,73.782],[-81.532,73.688],[-80.463,72.974],[-81.044,72.38],[-81.027,72.05],[-80.863,72.011],[-80.081,72.138],[-79.953,72.343],[-79.33,72.368],[-79.125,72.289],[-79.056,71.96],[-78.663,71.875],[-78.574,71.93],[-78.666,72.314],[-78.363,72.582],[-77.896,72.701],[-75.632,72.611],[-74.313,72.039],[-75.137,71.67],[-75.204,71.569],[-75.002,71.453],[-73.886,71.665],[-73.275,71.161],[-72.535,71.629],[-71.664,71.513],[-71.253,71.351],[-71.882,70.931],[-70.667,71.08],[-70.652,70.764],[-70.293,70.618],[-69.092,70.782],[-68.724,70.682],[-68.469,70.56],[-69.698,70.074],[-69.463,69.96],[-67.805,70.269],[-67.044,69.798],[-68.043,69.773],[-68.234,69.712],[-68.207,69.591],[-67.017,69.419],[-66.668,69.186],[-68.391,69.334],[-68.533,69.25],[-67.98,68.988],[-68.775,68.844],[-68.665,68.716],[-67.032,68.307],[-66.745,67.927],[-66.407,68.025],[-65.53,67.87],[-64.829,67.953],[-63.933,67.413],[-64.601,67.315],[-64.614,67.115],[-62.991,67.177],[-63.165,66.926],[-62.521,66.846],[-62.096,67.017],[-61.211,66.635],[-61.495,66.341],[-62.298,66.435],[-62.655,66.338],[-62.094,66.061],[-62.068,65.937],[-62.544,65.848],[-62.845,65.614],[-63.381,65.927],[-63.511,65.431],[-63.352,65.025],[-63.541,64.995],[-64.184,65.19],[-64.425,65.502],[-64.844,65.378],[-65.178,65.654],[-65.034,65.953],[-65.717,66.054],[-66.913,66.595],[-67.749,66.476],[-67.76,66.373],[-67.161,65.986],[-67.305,65.934],[-67.614,65.912],[-68.376,66.284],[-67.865,65.627],[-67.329,65.584],[-66.598,64.766],[-66.193,64.889],[-65.042,64.41],[-65.423,64.265],[-64.474,63.744],[-64.415,63.245],[-65.251,63.872],[-65.21,63.643],[-64.735,63.067],[-64.739,62.931],[-65.156,62.988],[-64.768,62.477],[-65.698,63.008],[-66.496,63.077],[-67.766,63.802],[-67.682,63.453],[-68.486,63.737],[-68.879,63.75],[-68.476,63.337],[-66.681,62.566],[-66.332,62.319],[-65.94,61.79],[-69.155,62.42],[-69.559,62.709],[-71.319,63.061],[-71.691,63.331],[-71.258,63.567],[-72.73,64.015],[-73.148,64.344],[-73.164,64.574],[-74.559,64.78],[-74.501,64.392],[-75.452,64.548],[-75.936,64.267],[-76.526,64.23],[-78.103,64.507],[-78.127,64.651],[-77.867,64.99],[-77.301,65.144],[-77.358,65.376],[-76.022,65.262],[-75.356,64.916],[-75.368,65.263],[-74.079,65.448],[-73.494,65.405],[-73.42,65.529],[-74.333,66.163],[-73.994,66.266]]],[[[-109.578,75.008],[-109.863,74.957],[-109.863,75.631],[-109.144,75.714],[-109.103,75.848],[-109.353,76.099],[-109.814,76.285],[-109.645,76.769],[-109.458,76.819],[-108.737,76.795],[-108.389,76.489],[-108.396,76.303],[-108.163,76.009],[-106.691,75.761],[-106.842,75.97],[-106.59,76.13],[-105.498,75.847],[-105.612,75.438],[-106.031,75.106],[-107.48,75.012],[-109.07,75.133],[-109.578,75.008]]],[[[-83.822,74.642],[-85.118,74.623],[-86.212,74.816],[-86.306,74.621],[-88.144,74.569],[-88.326,74.682],[-88.39,74.99],[-88.947,74.932],[-89.269,74.705],[-89.698,74.615],[-90.52,74.718],[-91.054,74.977],[-91.358,74.757],[-91.867,74.789],[-92.366,75.421],[-92.101,75.638],[-92.093,75.805],[-93.064,76.375],[-93.085,76.527],[-91.135,76.633],[-89.812,76.373],[-90.99,76.185],[-91.156,75.974],[-89.802,75.918],[-89.042,75.461],[-88.763,75.42],[-88.647,75.595],[-87.638,75.705],[-86.179,75.408],[-85.83,75.617],[-85.203,75.743],[-83.559,75.905],[-81.532,75.859],[-80.766,75.61],[-79.739,75.47],[-79.495,75.28],[-80.5,75.03],[-80.56,74.916],[-80.349,74.616],[-82.373,74.555],[-82.936,74.684],[-83.074,74.984],[-83.449,75.082],[-83.614,75.024],[-83.581,74.699],[-83.822,74.642]]],[[[-90.701,79.126],[-91.819,79.438],[-93.178,79.534],[-95.039,79.396],[-96.433,79.933],[-96.587,80.093],[-94.675,80.117],[-95.58,80.386],[-95.081,80.583],[-94.321,80.575],[-94.25,80.674],[-95.06,81.031],[-93.269,81.145],[-93.203,81.226],[-93.435,81.44],[-92.025,81.259],[-90.669,80.642],[-89.425,80.615],[-89.042,80.167],[-88.336,80.12],[-88.348,80.411],[-88.15,80.46],[-87.336,80.093],[-87.341,79.644],[-86.997,79.445],[-85.994,79.486],[-85.253,79.259],[-85.759,79.378],[-87.165,79.126],[-87.787,78.725],[-88.661,78.901],[-88.956,78.75],[-88.746,78.556],[-88.945,78.362],[-90.034,78.624],[-90.151,78.334],[-90.641,78.263],[-92.702,78.434],[-94.189,79.148],[-93.303,79.256],[-90.701,79.126]]],[[[-120.85,69.569],[-117.832,69.008],[-115.285,68.892],[-114.39,68.608],[-114.109,68.347],[-115.402,68.217],[-115.562,67.896],[-112.503,67.693],[-110.133,67.906],[-108.095,67.36],[-108.101,67.219],[-108.485,67.07],[-107.528,66.563],[-107.611,66.88],[-107.128,66.962],[-107.651,67.427],[-107.662,67.963],[-106.212,68.107],[-105.912,68.339],[-105.636,68.355],[-104.454,68.103],[-103.583,68.12],[-103.196,67.896],[-101.913,67.705],[-98.886,67.815],[-98.355,67.935],[-97.261,67.595],[-97.159,67.967],[-98.407,68.159],[-98.367,68.361],[-97.572,68.37],[-96.208,68.074],[-96.34,67.545],[-96.26,67.315],[-95.259,67.028],[-95.5,67.725],[-95.439,67.941],[-95.323,68.06],[-94.637,68.069],[-94.084,68.451],[-93.414,68.542],[-93.636,68.925],[-94.583,68.878],[-94.343,69.112],[-93.784,69.219],[-92.985,68.964],[-92.992,69.515],[-93.731,69.498],[-96.127,69.941],[-96.423,70.093],[-96.474,70.3],[-95.947,70.57],[-96.7,70.838],[-96.132,71.335],[-95.43,71.251],[-95.353,71.407],[-95.762,71.694],[-95.411,71.859],[-94.417,71.884],[-93.271,71.559],[-92.989,71.24],[-93.099,70.969],[-91.658,70.286],[-91.828,70.132],[-92.271,70.116],[-92.671,69.742],[-90.508,69.489],[-90.912,69.231],[-90.513,68.953],[-90.351,68.683],[-90.34,68.309],[-89.736,68.534],[-89.441,69.046],[-89.14,69.235],[-88.097,68.853],[-87.79,68.478],[-87.861,68.283],[-88.371,68.312],[-88.481,67.991],[-87.325,67.169],[-86.488,67.378],[-86.395,67.675],[-85.782,68.041],[-85.4,68.76],[-84.625,68.754],[-84.564,68.987],[-85.421,69.294],[-85.381,69.695],[-85.113,69.817],[-84.314,69.826],[-82.757,69.549],[-82.161,69.248],[-81.48,69.189],[-81.37,68.722],[-81.583,68.602],[-81.886,68.579],[-82.21,68.819],[-82.687,68.697],[-82.178,67.995],[-81.295,67.499],[-81.284,67.358],[-81.499,67.069],[-83.139,66.373],[-84.714,67.07],[-85.022,66.944],[-83.74,66.306],[-84.95,66.275],[-85.387,66.612],[-86.739,66.565],[-86.853,66.462],[-85.987,66.163],[-87.55,65.35],[-89.778,65.98],[-90.88,65.893],[-89.692,65.673],[-88.171,65.13],[-87.157,65.06],[-87.435,64.569],[-88.377,64.057],[-89.077,63.963],[-89.973,64.191],[-89.87,63.575],[-93.317,63.974],[-92.351,63.585],[-91.027,63.395],[-90.631,63.096],[-91.417,62.853],[-92.29,62.915],[-92.455,62.794],[-91.891,62.604],[-92.102,62.412],[-93.423,61.858],[-93.325,61.541],[-94.014,61.216],[-94.376,60.795],[-94.655,60.152],[-101.777,60.152],[-103.359,64.397],[-107.051,64.548],[-113.027,65.658],[-119.883,67.204],[-121.113,68.073],[-121.289,69.473],[-120.85,69.569]]],[[[-78.844,53.281],[-79.035,53.742],[-78.758,53.749],[-78.801,53.963],[-79.399,54.276],[-79.545,54.692],[-78.589,54.922],[-77.234,55.607],[-76.764,56.027],[-76.463,56.571],[-76.555,57.28],[-76.772,57.663],[-78.469,58.709],[-78.042,58.993],[-77.662,59.574],[-77.215,59.748],[-77.507,60.415],[-77.388,60.694],[-78.176,60.742],[-77.462,61.473],[-77.985,61.859],[-78.005,62.099],[-77.868,62.29],[-77.362,62.517],[-75.356,62.182],[-73.395,62.355],[-71.724,61.547],[-71.856,61.371],[-71.673,61.266],[-70.028,60.883],[-69.536,60.989],[-69.384,60.856],[-69.389,60.674],[-69.649,60.52],[-69.704,60.318],[-69.365,59.051],[-69.832,58.988],[-69.894,58.684],[-69.726,58.561],[-69.214,58.748],[-68.569,58.783],[-68.095,58.481],[-68.005,58.166],[-66.821,58.388],[-66.475,58.808],[-66.241,58.746],[-65.929,58.424],[-65.719,59.057],[-65.263,59.348],[-65.555,59.576],[-65.552,59.714],[-64.988,59.819],[-64.671,60.181],[-63.006,58.815],[-62.887,58.656],[-63.042,58.525],[-62.999,58.374],[-62.741,58.389],[-62.495,57.957],[-61.888,57.725],[-61.828,57.554],[-62.186,57.437],[-61.476,57.104],[-61.335,56.811],[-62.326,56.769],[-61.928,56.273],[-61.25,56.077],[-60.468,55.659],[-60.373,55.422],[-60.575,55.071],[-59.694,55.154],[-58.557,54.772],[-57.433,54.58],[-59.399,53.866],[-59.992,53.805],[-60.174,53.418],[-63.633,53.956],[-63.984,54.162],[-68.555,54.978],[-71.016,55.974],[-72.598,55.974],[-74.004,55.678],[-75.059,54.368],[-76.992,53.12],[-78.843,53.12],[-78.844,53.281]]],[[[-59.717,53.431],[-59.181,53.519],[-58.077,54.083],[-57.561,54.131],[-57.106,53.871],[-57.285,53.67],[-57.131,53.483],[-56.649,53.658],[-56.239,53.518],[-57.305,53.12],[-59.869,53.387],[-59.717,53.431]]],[[[-75.885,68.343],[-75.12,68.113],[-75.146,67.577],[-75.77,67.302],[-76.269,67.249],[-76.863,67.262],[-77.17,67.44],[-77.248,67.655],[-76.794,68.147],[-75.885,68.343]]],[[[-95.097,78.438],[-95.233,78.132],[-97.087,78.015],[-97.923,78.319],[-98.451,78.758],[-97.31,78.822],[-95.097,78.438]]],[[[-95.724,76.471],[-96.809,76.92],[-96.723,77.022],[-95.629,77.042],[-94.195,76.899],[-93.795,76.738],[-93.938,76.398],[-95.724,76.471]]],[[[-97.347,73.891],[-96.937,73.788],[-98.394,73.131],[-98.052,72.972],[-96.689,72.817],[-96.435,72.698],[-96.351,72.501],[-96.657,72.343],[-96.85,71.88],[-97.055,71.715],[-97.58,71.644],[-98.484,71.892],[-98.004,71.55],[-98.372,71.37],[-98.939,71.392],[-100.319,72.14],[-101.406,72.295],[-102.669,72.853],[-102.279,73.147],[-100.835,72.745],[-99.963,73.167],[-99.955,73.263],[-100.914,73.708],[-100.934,73.86],[-99.668,73.919],[-98.968,73.728],[-97.957,73.922],[-97.347,73.891]]],[[[-81.63,63.97],[-80.953,63.978],[-80.179,63.722],[-80.696,63.5],[-82.001,63.633],[-82.731,64.075],[-83.189,64.182],[-83.517,64.052],[-83.496,63.744],[-84.087,63.672],[-84.655,63.314],[-85.157,63.185],[-85.463,63.206],[-85.432,63.598],[-85.601,63.748],[-87.101,63.545],[-87.053,63.752],[-86.061,64.141],[-86.243,64.542],[-86.195,64.73],[-85.558,65.864],[-85.058,65.609],[-85.198,65.376],[-84.842,65.202],[-84.605,65.181],[-84.424,65.392],[-84.122,65.341],[-83.085,64.865],[-82.11,64.644],[-81.831,64.407],[-81.872,63.991],[-81.63,63.97]]],[[[-98.878,68.885],[-99.365,68.974],[-98.304,69.391],[-98.253,69.694],[-98.115,69.801],[-97.742,69.832],[-96.182,69.297],[-96.007,69.041],[-95.515,68.809],[-96.473,68.514],[-98.878,68.885]]],[[[-100.694,76.606],[-100.067,76.675],[-98.903,76.414],[-98.83,76.618],[-98.615,76.678],[-97.964,76.552],[-97.651,76.138],[-97.667,75.861],[-98.152,75.602],[-98.002,75.162],[-98.164,75.096],[-99.944,75.084],[-100.387,75.182],[-100.474,75.315],[-99.896,75.615],[-100.097,75.765],[-102.15,75.644],[-102.534,75.769],[-102.516,75.919],[-101.675,76.064],[-101.885,76.333],[-101.746,76.544],[-100.074,76.016],[-99.867,76.059],[-100.694,76.606]]],[[[-92.001,72.841],[-94.266,72.853],[-93.639,72.53],[-94.109,72.222],[-94.542,72.19],[-95.058,72.283],[-95.641,73.144],[-95.493,73.614],[-95.323,73.759],[-94.758,73.744],[-95.069,74.064],[-94.868,74.137],[-92.116,73.989],[-91.051,74.047],[-90.452,73.904],[-92.001,72.841]]],[[[-103.018,79.22],[-102.569,79.016],[-100.163,78.772],[-99.386,78.334],[-99.049,77.941],[-99.68,77.792],[-100.2,77.817],[-101.168,78.269],[-104.162,78.298],[-105.039,78.639],[-103.378,78.607],[-103.392,78.713],[-104.11,79.058],[-105.481,79.224],[-105.452,79.403],[-104.441,79.459],[-103.365,79.389],[-103.018,79.22]]]]}},{"type":"Feature","properties":{"NAME":"St̓át̓imc Tmicw (St'at'imc)","SUBJECTO":"St̓át̓imc Tmicw (St'at'imc)","PARTOF":"St̓át̓imc Tmicw (St'at'imc)","BORDERPRECISION":"1"},"bbox":[-124.016,49.396,-121.53,51.202],"geometry":{"type":"MultiPolygon","coordinates":[[[[-123.878,50.652],[-124.016,50.816],[-123.844,50.975],[-123.25,51.001],[-123.062,51.202],[-121.616,50.987],[-121.689,50.606],[-121.944,50.412],[-121.881,50.163],[-121.983,50.126],[-121.53,49.587],[-121.573,49.464],[-122.298,49.396],[-122.895,49.6],[-122.875,49.818],[-123.72,50.379],[-123.968,50.407],[-123.878,50.652]]]]}},{"type":"Feature","properties":{"NAME":"Tonkawa","SUBJECTO":"Tonkawa","PARTOF":"Tonkawa","BORDERPRECISION":"1"},"bbox":[-99.063,29.065,-94.946,32.097],"geometry":{"type":"MultiPolygon","coordinates":[[[[-97.284,29.065],[-98.858,29.391],[-99.063,29.686],[-98.952,30.095],[-98.785,30.362],[-98.234,30.654],[-98.132,31.04],[-97.357,31.817],[-96.387,32.097],[-95.476,32.04],[-95.012,31.517],[-94.946,31.055],[-95.206,30.68],[-96.794,29.264],[-97.284,29.065]]]]}},{"type":"Feature","properties":{"NAME":"Da’naxda’xw Awaetlatla","SUBJECTO":"Da’naxda’xw Awaetlatla","PARTOF":"Da’naxda’xw Awaetlatla","BORDERPRECISION":"1"},"bbox":[-126.035,50.629,-124.766,51.995],"geometry":{"type":"MultiPolygon","coordinates":[[[[-125.867,50.673],[-126.015,50.7],[-125.821,50.875],[-125.881,51.241],[-126.035,51.379],[-125.881,51.58],[-125.98,51.754],[-125.909,51.971],[-125.618,51.893],[-124.772,51.995],[-124.766,51.785],[-125.206,51.652],[-125.288,51.475],[-125.206,50.993],[-125.491,50.906],[-125.596,50.629],[-125.867,50.673]]]]}},{"type":"Feature","properties":{"NAME":"Rumsen","SUBJECTO":"Rumsen","PARTOF":"Rumsen","BORDERPRECISION":"1"},"bbox":[-121.998,36.338,-121.146,36.673],"geometry":{"type":"MultiPolygon","coordinates":[[[[-121.927,36.338],[-121.998,36.673],[-121.168,36.668],[-121.146,36.536],[-121.783,36.518],[-121.761,36.404],[-121.927,36.338]]]]}},{"type":"Feature","properties":{"NAME":"S'Klallam","SUBJECTO":"S'Klallam","PARTOF":"S'Klallam","BORDERPRECISION":"1"},"bbox":[-124.575,47.312,-122.808,48.37],"geometry":{"type":"MultiPolygon","coordinates":[[[[-124.43,48.347],[-123.259,48.206],[-122.826,48.023],[-122.808,47.828],[-123.183,47.488],[-122.893,47.37],[-123.289,47.312],[-123.533,47.545],[-123.351,47.689],[-123.531,47.672],[-123.723,47.96],[-123.984,48.085],[-124.378,48.099],[-124.574,48.269],[-124.575,48.37],[-124.43,48.347]]]]}},{"type":"Feature","properties":{"NAME":"Waymaq","SUBJECTO":"Waymaq","PARTOF":"Waymaq","BORDERPRECISION":"1"},"bbox":[-122.318,41.139,-121.928,41.345],"geometry":{"type":"MultiPolygon","coordinates":[[[[-121.928,41.139],[-122.318,41.181],[-122.134,41.345],[-121.938,41.296],[-121.928,41.139]]]]}},{"type":"Feature","properties":{"NAME":"Roanoke","SUBJECTO":"Roanoke","PARTOF":"Roanoke","BORDERPRECISION":"1"},"bbox":[-76.207,35.459,-75.708,36.048],"geometry":{"type":"MultiPolygon","coordinates":[[[[-76.068,36.048],[-76.095,35.722],[-75.849,36.021],[-75.708,35.749],[-76.045,35.459],[-76.207,35.982],[-76.068,36.048]]]]}},{"type":"Feature","properties":{"NAME":"Batsil Winik' Otik (Tzotzil)","SUBJECTO":"Batsil Winik' Otik (Tzotzil)","PARTOF":"Batsil Winik' Otik (Tzotzil)","BORDERPRECISION":"1"},"bbox":[-93.88,16.073,-91.329,17.515],"geometry":{"type":"MultiPolygon","coordinates":[[[[-92.547,17.411],[-92.421,17.032],[-92.525,16.813],[-92.357,16.735],[-92.439,16.542],[-91.664,16.131],[-91.36,16.207],[-91.329,16.078],[-91.572,16.073],[-92.427,16.525],[-92.396,16.217],[-92.742,16.158],[-92.918,16.401],[-92.95,16.75],[-93.193,16.808],[-93.217,16.543],[-93.405,16.465],[-93.616,16.804],[-93.874,16.892],[-93.88,17.091],[-93.719,17.166],[-92.946,16.754],[-93.046,17.46],[-92.876,17.515],[-92.757,17.298],[-92.547,17.411]]]]}},{"type":"Feature","properties":{"NAME":"kòréβahώ (korebaju/Koreguaje)","SUBJECTO":"kòréβahώ (korebaju/Koreguaje)","PARTOF":"kòréβahώ (korebaju/Koreguaje)","BORDERPRECISION":"1"},"bbox":[-75.225,0.047,-74.402,1.002],"geometry":{"type":"MultiPolygon","coordinates":[[[[-74.621,0.866],[-74.402,0.531],[-74.497,0.157],[-74.7,0.047],[-75.168,0.189],[-75.225,0.913],[-74.864,1.002],[-74.621,0.866]]]]}},{"type":"Feature","properties":{"NAME":"Chopcca","SUBJECTO":"Chopcca","PARTOF":"Chopcca","BORDERPRECISION":"1"},"bbox":[-74.927,-12.964,-74.629,-12.562],"geometry":{"type":"MultiPolygon","coordinates":[[[[-74.927,-12.738],[-74.701,-12.562],[-74.629,-12.862],[-74.831,-12.964],[-74.927,-12.738]]]]}},{"type":"Feature","properties":{"NAME":"Ngi-iva (Popoloca)","SUBJECTO":"Ngi-iva (Popoloca)","PARTOF":"Ngi-iva (Popoloca)","BORDERPRECISION":"1"},"bbox":[-98.698,17.722,-96.718,19.18],"geometry":{"type":"MultiPolygon","coordinates":[[[[-98.433,18.608],[-98.166,19.105],[-97.954,19.18],[-97.119,18.543],[-96.842,18.525],[-96.718,18.023],[-96.778,17.892],[-97.243,17.722],[-97.464,17.822],[-98.595,17.834],[-98.698,18.091],[-98.433,18.608]]]]}},{"type":"Feature","properties":{"NAME":"Akokisa","SUBJECTO":"Akokisa","PARTOF":"Akokisa","BORDERPRECISION":"1"},"bbox":[-95.875,29.231,-94.061,30.378],"geometry":{"type":"MultiPolygon","coordinates":[[[[-94.061,29.699],[-94.602,29.549],[-94.797,29.563],[-94.857,29.784],[-95.007,29.758],[-94.845,29.346],[-95.003,29.231],[-95.288,29.518],[-95.327,29.925],[-95.794,30.038],[-95.875,30.378],[-94.13,30.132],[-94.061,29.699]]]]}},{"type":"Feature","properties":{"NAME":"ChalAt’i’lo t’sikAti (Chalat’)","SUBJECTO":"ChalAt’i’lo t’sikAti (Chalat’)","PARTOF":"ChalAt’i’lo t’sikAti (Chalat’)","BORDERPRECISION":"1"},"bbox":[-124.525,47.703,-123.556,47.913],"geometry":{"type":"MultiPolygon","coordinates":[[[[-124.463,47.703],[-124.525,47.813],[-124.099,47.913],[-123.556,47.831],[-124.463,47.703]]]]}},{"type":"Feature","properties":{"NAME":"Karankawa","SUBJECTO":"Karankawa","PARTOF":"Karankawa","BORDERPRECISION":"1"},"bbox":[-97.826,27.533,-93.724,30.056],"geometry":{"type":"MultiPolygon","coordinates":[[[[-94.061,29.699],[-94.426,29.543],[-94.797,29.563],[-94.936,29.77],[-93.724,30.056],[-93.746,29.734],[-94.061,29.699]]],[[[-95.058,29.675],[-94.845,29.346],[-95.603,28.799],[-96.015,28.656],[-96.717,28.712],[-96.774,28.623],[-96.577,28.426],[-96.685,28.248],[-97.568,27.909],[-97.267,27.674],[-97.4,27.533],[-97.557,27.617],[-97.826,28.536],[-97.721,28.821],[-95.799,29.457],[-95.522,29.647],[-95.66,29.934],[-95.099,29.895],[-95.058,29.675]]]]}},{"type":"Feature","properties":{"NAME":"Shasta","SUBJECTO":"Shasta","PARTOF":"Shasta","BORDERPRECISION":"1"},"bbox":[-123.46,40.923,-121.999,42.512],"geometry":{"type":"MultiPolygon","coordinates":[[[[-122.237,42.26],[-121.999,41.705],[-122.174,41.42],[-122.053,41.289],[-122.154,41.071],[-122.308,40.952],[-122.439,41.012],[-122.465,41.319],[-122.946,41.115],[-122.879,40.976],[-122.965,40.923],[-123.46,40.982],[-123.403,41.18],[-123.028,41.413],[-123.395,42.001],[-122.825,42.012],[-123.295,42.442],[-122.756,42.512],[-122.237,42.26]]]]}},{"type":"Feature","properties":{"NAME":"Waco","SUBJECTO":"Waco","PARTOF":"Waco","BORDERPRECISION":"1"},"bbox":[-97.807,31.094,-96.584,32.082],"geometry":{"type":"MultiPolygon","coordinates":[[[[-97.576,32.017],[-97.213,32.082],[-96.744,31.898],[-96.584,31.619],[-96.654,31.339],[-96.87,31.148],[-97.227,31.094],[-97.716,31.279],[-97.807,31.625],[-97.716,31.952],[-97.576,32.017]]]]}},{"type":"Feature","properties":{"NAME":"Yuracaré","SUBJECTO":"Yuracaré","PARTOF":"Yuracaré","BORDERPRECISION":"1"},"bbox":[-66.701,-16.596,-64.763,-14.626],"geometry":{"type":"MultiPolygon","coordinates":[[[[-65.124,-16.503],[-65.523,-16.596],[-65.914,-16.496],[-66.263,-16.322],[-66.696,-15.866],[-66.701,-15.327],[-66.225,-14.626],[-65.757,-14.626],[-64.797,-15.623],[-64.763,-16.036],[-65.124,-16.503]]]]}},{"type":"Feature","properties":{"NAME":"Sugaree","SUBJECTO":"Sugaree","PARTOF":"Sugaree","BORDERPRECISION":"1"},"bbox":[-81.425,34.875,-80.638,35.568],"geometry":{"type":"MultiPolygon","coordinates":[[[[-80.888,35.568],[-80.638,35.435],[-80.766,35.02],[-81.404,34.875],[-81.425,35.242],[-80.888,35.568]]]]}},{"type":"Feature","properties":{"NAME":"Kwakwaka’wakw","SUBJECTO":"Kwakwaka’wakw","PARTOF":"Kwakwaka’wakw","BORDERPRECISION":"1"},"bbox":[-128.433,49.532,-124.222,51.775],"geometry":{"type":"MultiPolygon","coordinates":[[[[-125.412,50.549],[-126.164,50.752],[-126.425,51.089],[-127.247,50.968],[-127.675,51.245],[-126.87,51.351],[-126.464,51.72],[-126.068,51.775],[-125.848,51.713],[-126.035,51.577],[-125.793,51.344],[-124.794,51.283],[-124.222,50.965],[-124.376,50.834],[-124.783,50.889],[-125.048,50.585],[-125.412,50.549]]],[[[-127.769,50.28],[-128.433,50.827],[-127.848,50.861],[-125.719,50.409],[-125.327,50.104],[-125.2,49.753],[-125.585,49.532],[-125.651,49.845],[-126.343,49.88],[-126.903,50.156],[-127.769,50.28]]]]}},{"type":"Feature","properties":{"NAME":"Occohannock","SUBJECTO":"Occohannock","PARTOF":"Occohannock","BORDERPRECISION":"1"},"bbox":[-75.923,37.518,-75.478,37.947],"geometry":{"type":"MultiPolygon","coordinates":[[[[-75.609,37.634],[-75.746,37.518],[-75.923,37.571],[-75.655,37.947],[-75.478,37.899],[-75.609,37.634]]]]}},{"type":"Feature","properties":{"NAME":"Eastern Pomo","SUBJECTO":"Eastern Pomo","PARTOF":"Eastern Pomo","BORDERPRECISION":"1"},"bbox":[-123.014,38.848,-122.761,39.377],"geometry":{"type":"MultiPolygon","coordinates":[[[[-122.981,39.377],[-122.761,39.224],[-122.838,38.848],[-123.014,38.994],[-122.981,39.377]]]]}},{"type":"Feature","properties":{"NAME":"Pequot","SUBJECTO":"Pequot","PARTOF":"Pequot","BORDERPRECISION":"1"},"bbox":[-72.089,41.366,-71.788,41.53],"geometry":{"type":"MultiPolygon","coordinates":[[[[-72.089,41.366],[-71.995,41.53],[-71.788,41.43],[-72.089,41.366]]]]}},{"type":"Feature","properties":{"NAME":"Iowa","SUBJECTO":"Iowa","PARTOF":"Iowa","BORDERPRECISION":"1"},"bbox":[-96.064,40.347,-90.659,42.779],"geometry":{"type":"MultiPolygon","coordinates":[[[[-95.845,41.902],[-95.537,41.902],[-94.526,42.391],[-93.647,42.618],[-92.065,42.618],[-91.143,42.779],[-90.747,42.682],[-90.659,42.326],[-90.879,41.968],[-91.626,41.443],[-92.417,40.514],[-93.12,40.347],[-93.955,40.413],[-95.713,41.112],[-96.064,41.87],[-95.845,41.902]]]]}},{"type":"Feature","properties":{"NAME":"ᓀᐦᐃᔭᐤ ᐊᐢᑭᕀ Nêhiyaw-Askiy (Plains Cree)","SUBJECTO":"ᓀᐦᐃᔭᐤ ᐊᐢᑭᕀ Nêhiyaw-Askiy (Plains Cree)","PARTOF":"ᓀᐦᐃᔭᐤ ᐊᐢᑭᕀ Nêhiyaw-Askiy (Plains Cree)","BORDERPRECISION":"1"},"bbox":[-115.752,52.643,-109.907,54.623],"geometry":{"type":"MultiPolygon","coordinates":[[[[-115.752,52.909],[-115.4,53.226],[-113.95,53.853],[-113.335,54.317],[-112.28,54.623],[-110.083,54.623],[-109.907,53.749],[-110.215,53.173],[-111.182,53.199],[-113.333,52.752],[-114.829,52.643],[-115.356,52.643],[-115.752,52.909]]]]}},{"type":"Feature","properties":{"NAME":"snʕickstx tmxʷúlaʔxʷ (Sinixt)","SUBJECTO":"snʕickstx tmxʷúlaʔxʷ (Sinixt)","PARTOF":"snʕickstx tmxʷúlaʔxʷ (Sinixt)","BORDERPRECISION":"1"},"bbox":[-119.785,48.339,-115.98,52.974],"geometry":{"type":"MultiPolygon","coordinates":[[[[-118.482,52.831],[-118.232,52.323],[-118.018,52.444],[-117.756,52.356],[-117.821,52.168],[-117.34,52.123],[-116.921,51.654],[-116.766,51.754],[-116.777,51.53],[-117.027,51.37],[-117.313,51.443],[-117.23,51.229],[-117.312,51.122],[-116.573,50.983],[-115.98,50.1],[-116.008,49.847],[-116.425,49.295],[-117.338,48.8],[-117.169,48.526],[-117.233,48.435],[-117.636,48.465],[-117.854,48.339],[-118.006,48.646],[-118.492,48.591],[-118.517,48.77],[-119.14,49.043],[-119.047,49.146],[-119.199,49.257],[-119.203,49.625],[-119.409,49.697],[-119.246,50.355],[-118.654,51.4],[-118.836,51.439],[-118.795,51.536],[-119.041,51.822],[-118.872,51.849],[-119.009,51.903],[-118.837,52.028],[-118.952,52.224],[-118.817,52.268],[-118.99,52.33],[-118.914,52.416],[-119.785,52.718],[-119.225,52.974],[-118.482,52.831]]]]}},{"type":"Feature","properties":{"NAME":"San Poil","SUBJECTO":"San Poil","PARTOF":"San Poil","BORDERPRECISION":"1"},"bbox":[-119.026,47.527,-118.234,48.679],"geometry":{"type":"MultiPolygon","coordinates":[[[[-118.552,47.598],[-118.979,47.527],[-118.775,48.18],[-119.026,48.589],[-118.963,48.679],[-118.621,48.648],[-118.637,48.428],[-118.234,48.143],[-118.552,47.598]]]]}},{"type":"Feature","properties":{"NAME":"Sura","SUBJECTO":"Sura","PARTOF":"Sura","BORDERPRECISION":"1"},"bbox":[-67.805,-18.827,-66.139,-16.686],"geometry":{"type":"MultiPolygon","coordinates":[[[[-66.684,-18.58],[-66.888,-18.816],[-67.445,-18.827],[-67.631,-18.629],[-67.805,-17.88],[-66.939,-16.865],[-66.436,-16.686],[-66.2,-16.855],[-66.139,-17.065],[-66.684,-18.58]]]]}},{"type":"Feature","properties":{"NAME":"Eno","SUBJECTO":"Eno","PARTOF":"Eno","BORDERPRECISION":"1"},"bbox":[-79.861,35.788,-78.96,36.314],"geometry":{"type":"MultiPolygon","coordinates":[[[[-79.521,36.314],[-79.274,36.301],[-78.96,35.912],[-79.175,35.788],[-79.73,35.882],[-79.861,36.217],[-79.521,36.314]]]]}},{"type":"Feature","properties":{"NAME":"Graton Rancheria","SUBJECTO":"Graton Rancheria","PARTOF":"Graton Rancheria","BORDERPRECISION":"1"},"bbox":[-123.527,37.896,-122.355,38.832],"geometry":{"type":"MultiPolygon","coordinates":[[[[-122.49,38.165],[-122.531,37.896],[-122.759,37.957],[-123.527,38.766],[-122.795,38.832],[-122.355,38.19],[-122.475,38.066],[-122.49,38.165]]]]}},{"type":"Feature","properties":{"NAME":"Atfalati","SUBJECTO":"Atfalati","PARTOF":"Atfalati","BORDERPRECISION":"1"},"bbox":[-123.504,45.176,-122.578,45.848],"geometry":{"type":"MultiPolygon","coordinates":[[[[-122.578,45.357],[-122.774,45.176],[-123.504,45.384],[-123.043,45.848],[-122.578,45.357]]]]}},{"type":"Feature","properties":{"NAME":"Wenrohronon","SUBJECTO":"Wenrohronon","PARTOF":"Wenrohronon","BORDERPRECISION":"1"},"bbox":[-79.054,42.804,-77.843,43.362],"geometry":{"type":"MultiPolygon","coordinates":[[[[-78.875,42.804],[-79.054,43.245],[-78.503,43.362],[-77.843,43.304],[-77.97,42.804],[-78.875,42.804]]]]}},{"type":"Feature","properties":{"NAME":"Utapinõmakãphõná","SUBJECTO":"Utapinõmakãphõná","PARTOF":"Utapinõmakãphõná","BORDERPRECISION":"1"},"bbox":[-70.118,0.246,-69.872,0.594],"geometry":{"type":"MultiPolygon","coordinates":[[[[-69.872,0.246],[-70.09,0.264],[-70.118,0.57],[-69.882,0.594],[-69.872,0.246]]]]}},{"type":"Feature","properties":{"NAME":"Sapara","SUBJECTO":"Sapara","PARTOF":"Sapara","BORDERPRECISION":"1"},"bbox":[-77.315,-4.046,-73.618,-1.437],"geometry":{"type":"MultiPolygon","coordinates":[[[[-73.814,-3.281],[-73.618,-3.47],[-73.627,-3.793],[-73.827,-4.046],[-74.169,-4.004],[-74.759,-3.456],[-75.766,-2.19],[-76.142,-2.15],[-76.66,-1.862],[-76.882,-1.99],[-77.315,-1.642],[-76.797,-1.622],[-76.703,-1.437],[-76.404,-1.554],[-76.389,-1.884],[-76.123,-1.939],[-76.022,-2.097],[-75.836,-1.875],[-75.161,-1.909],[-74.816,-2.099],[-74.83,-2.387],[-74.693,-2.584],[-73.814,-3.281]]]]}},{"type":"Feature","properties":{"NAME":"K’asho Got’ine","SUBJECTO":"K’asho Got’ine","PARTOF":"K’asho Got’ine","BORDERPRECISION":"1"},"bbox":[-132.817,65.704,-120.577,68.433],"geometry":{"type":"MultiPolygon","coordinates":[[[[-132.73,66.166],[-132.817,66.706],[-132.512,67.369],[-131.946,67.833],[-130.509,68.143],[-127.329,68.433],[-121.579,68.385],[-121.057,68.192],[-120.577,67.8],[-121.013,67.569],[-121.928,67.402],[-125.587,66.997],[-126.109,66.74],[-129.202,65.883],[-131.99,65.704],[-132.643,65.883],[-132.73,66.166]]]]}},{"type":"Feature","properties":{"NAME":"Tapachulteco (mixe-zoque)","SUBJECTO":"Tapachulteco (mixe-zoque)","PARTOF":"Tapachulteco (mixe-zoque)","BORDERPRECISION":"1"},"bbox":[-93.82,14.662,-92.126,16.178],"geometry":{"type":"MultiPolygon","coordinates":[[[[-92.472,14.792],[-93.82,15.953],[-93.779,16.07],[-93.601,16.178],[-92.126,14.929],[-92.306,14.662],[-92.472,14.792]]]]}},{"type":"Feature","properties":{"NAME":"Upper Kuskokwim","SUBJECTO":"Upper Kuskokwim","PARTOF":"Upper Kuskokwim","BORDERPRECISION":"1"},"bbox":[-157.062,61.848,-151.624,63.848],"geometry":{"type":"MultiPolygon","coordinates":[[[[-153.262,63.793],[-152.923,63.848],[-151.624,62.903],[-152.865,62.506],[-153.662,61.848],[-154.571,62.005],[-155.278,62.353],[-157.062,62.528],[-156.831,62.819],[-156.252,63.124],[-153.262,63.793]]]]}},{"type":"Feature","properties":{"NAME":"Kolla-Atacameño","SUBJECTO":"Kolla-Atacameño","PARTOF":"Kolla-Atacameño","BORDERPRECISION":"1"},"bbox":[-70.358,-28.054,-66.292,-23.729],"geometry":{"type":"MultiPolygon","coordinates":[[[[-70.138,-28.023],[-70.358,-27.586],[-70.173,-26.055],[-69.217,-24.477],[-68.193,-23.801],[-67.521,-23.729],[-67.208,-23.738],[-66.458,-24.282],[-66.311,-24.575],[-66.506,-25.3],[-66.292,-26.073],[-66.477,-26.746],[-67.072,-27.293],[-67.871,-27.717],[-69.038,-27.817],[-69.574,-28.054],[-70.138,-28.023]]]]}},{"type":"Feature","properties":{"NAME":"Pankararu","SUBJECTO":"Pankararu","PARTOF":"Pankararu","BORDERPRECISION":"1"},"bbox":[-38.721,-9.541,-38.13,-9.041],"geometry":{"type":"MultiPolygon","coordinates":[[[[-38.721,-9.541],[-38.592,-9.267],[-38.146,-9.041],[-38.13,-9.198],[-38.721,-9.541]]]]}},{"type":"Feature","properties":{"NAME":"Guna Yala","SUBJECTO":"Guna Yala","PARTOF":"Guna Yala","BORDERPRECISION":"1"},"bbox":[-79.252,8.485,-77.423,9.543],"geometry":{"type":"MultiPolygon","coordinates":[[[[-78.998,9.543],[-79.067,9.435],[-78.564,9.443],[-77.872,9.123],[-77.423,8.569],[-77.545,8.485],[-77.873,8.953],[-78.606,9.35],[-79.252,9.376],[-78.998,9.543]]]]}},{"type":"Feature","properties":{"NAME":"Tonokoté","SUBJECTO":"Tonokoté","PARTOF":"Tonokoté","BORDERPRECISION":"1"},"bbox":[-65.139,-29.655,-62.346,-26.636],"geometry":{"type":"MultiPolygon","coordinates":[[[[-65.139,-27.918],[-64.704,-26.757],[-64.538,-26.636],[-63.292,-26.81],[-62.901,-27.011],[-62.346,-27.718],[-62.496,-28.987],[-62.916,-29.367],[-63.562,-29.655],[-64.403,-29.498],[-64.583,-29.223],[-64.794,-28.209],[-65.139,-27.918]]]]}},{"type":"Feature","properties":{"NAME":"Natchitoches","SUBJECTO":"Natchitoches","PARTOF":"Natchitoches","BORDERPRECISION":"1"},"bbox":[-93.338,31.564,-92.979,31.976],"geometry":{"type":"MultiPolygon","coordinates":[[[[-92.999,31.91],[-92.979,31.564],[-93.338,31.594],[-93.248,31.976],[-92.999,31.91]]]]}},{"type":"Feature","properties":{"NAME":"Yekooche","SUBJECTO":"Yekooche","PARTOF":"Yekooche","BORDERPRECISION":"1"},"bbox":[-126.612,54.278,-124.08,55.379],"geometry":{"type":"MultiPolygon","coordinates":[[[[-124.25,54.473],[-124.722,54.278],[-125.623,54.384],[-126.211,54.617],[-126.612,55.047],[-126.123,55.11],[-125.739,54.728],[-125.486,54.978],[-125.865,55.116],[-125.48,55.379],[-124.08,54.591],[-124.398,54.556],[-124.25,54.473]]]]}},{"type":"Feature","properties":{"NAME":"Mountain Métis","SUBJECTO":"Mountain Métis","PARTOF":"Mountain Métis","BORDERPRECISION":"1"},"bbox":[-121.525,52.12,-115.962,56.103],"geometry":{"type":"MultiPolygon","coordinates":[[[[-120.25,55.749],[-118.468,56.103],[-117.615,56.015],[-117.063,55.675],[-116.034,54.392],[-115.962,53.607],[-116.09,53.035],[-116.287,52.739],[-117.117,52.249],[-118.45,52.12],[-119.486,52.475],[-119.862,52.793],[-120.564,53.046],[-121.126,53.416],[-121.525,54.068],[-121.437,54.97],[-120.835,55.462],[-120.25,55.749]]]]}},{"type":"Feature","properties":{"NAME":"Wiwa","SUBJECTO":"Wiwa","PARTOF":"Wiwa","BORDERPRECISION":"1"},"bbox":[-73.114,10.868,-72.524,11.426],"geometry":{"type":"MultiPolygon","coordinates":[[[[-73.114,10.983],[-72.996,11.237],[-72.639,11.426],[-72.524,11.201],[-72.808,10.909],[-73.03,10.868],[-73.114,10.983]]]]}},{"type":"Feature","properties":{"NAME":"Barí","SUBJECTO":"Barí","PARTOF":"Barí","BORDERPRECISION":"1"},"bbox":[-73.855,7.654,-71.549,10.219],"geometry":{"type":"MultiPolygon","coordinates":[[[[-71.758,9.25],[-71.604,9.074],[-71.549,8.541],[-72.502,7.654],[-73.102,7.66],[-73.726,8.316],[-73.855,8.881],[-73.719,9.424],[-72.985,9.923],[-72.811,10.219],[-72.203,9.962],[-71.758,9.25]]]]}},{"type":"Feature","properties":{"NAME":"Sauk and Meskwaki","SUBJECTO":"Sauk and Meskwaki","PARTOF":"Sauk and Meskwaki","BORDERPRECISION":"1"},"bbox":[-93.911,38.942,-88.264,44.497],"geometry":{"type":"MultiPolygon","coordinates":[[[[-90.505,43.945],[-89.539,43.357],[-88.264,43.293],[-88.308,42.65],[-89.077,40.38],[-89.407,39.994],[-90.066,39.589],[-90.483,39.623],[-91.582,39.181],[-92.681,38.942],[-93.208,39.011],[-93.647,39.266],[-93.911,40.011],[-93.889,41.179],[-93.647,41.951],[-92.9,43.373],[-92.219,44.135],[-91.582,44.449],[-91.011,44.497],[-90.681,43.993],[-90.505,43.945]]]]}},{"type":"Feature","properties":{"NAME":"Apinayé","SUBJECTO":"Apinayé","PARTOF":"Apinayé","BORDERPRECISION":"1"},"bbox":[-48.796,-6.527,-47.332,-5.128],"geometry":{"type":"MultiPolygon","coordinates":[[[[-47.449,-6.527],[-47.695,-6.472],[-48.066,-5.938],[-48.796,-5.461],[-48.746,-5.269],[-48.311,-5.128],[-47.623,-5.333],[-47.378,-5.812],[-47.332,-6.33],[-47.449,-6.527]]]]}},{"type":"Feature","properties":{"NAME":"Clatsop","SUBJECTO":"Clatsop","PARTOF":"Clatsop","BORDERPRECISION":"1"},"bbox":[-124.038,45.854,-123.427,46.218],"geometry":{"type":"MultiPolygon","coordinates":[[[[-124.038,46.218],[-123.609,46.097],[-123.427,45.857],[-123.984,45.854],[-124.038,46.218]]]]}},{"type":"Feature","properties":{"NAME":"Guenoa-Muinanes","SUBJECTO":"Guenoa-Muinanes","PARTOF":"Guenoa-Muinanes","BORDERPRECISION":"1"},"bbox":[-60.756,-34.027,-53.439,-29.455],"geometry":{"type":"MultiPolygon","coordinates":[[[[-58.359,-33.986],[-58.64,-34.027],[-59.641,-33.712],[-60.625,-32.986],[-60.756,-32.631],[-60.608,-31.759],[-60.239,-31.795],[-59.555,-32.224],[-58.811,-32.49],[-58.198,-32.505],[-58.079,-33.006],[-58.377,-33.16],[-58.483,-33.477],[-58.384,-33.952],[-56.633,-32.824],[-57.449,-32.719],[-57.557,-32.119],[-57.311,-30.853],[-56.561,-29.455],[-53.874,-30.07],[-53.439,-30.365],[-53.461,-31.427],[-54.227,-32.805],[-56.625,-32.832],[-58.359,-33.986]]]]}},{"type":"Feature","properties":{"NAME":"Qom","SUBJECTO":"Qom","PARTOF":"Qom","BORDERPRECISION":"1"},"bbox":[-61.817,-28.403,-57.17,-23.439],"geometry":{"type":"MultiPolygon","coordinates":[[[[-59.333,-24.416],[-57.772,-24.439],[-57.396,-24.593],[-57.17,-24.917],[-57.507,-25.773],[-58.107,-26.322],[-58.63,-27.365],[-58.772,-28.156],[-59.039,-28.403],[-60.151,-27.764],[-61.522,-26.549],[-61.764,-26.087],[-61.817,-25.489],[-61.68,-25.183],[-61.385,-24.963],[-60.29,-24.724],[-61.165,-23.871],[-61.376,-23.826],[-61.399,-23.439],[-61.034,-23.521],[-60.978,-23.636],[-61.154,-23.87],[-60.273,-24.715],[-59.333,-24.416]]]]}},{"type":"Feature","properties":{"NAME":"Gwa’Sala-‘Nakwaxda’xw","SUBJECTO":"Gwa’Sala-‘Nakwaxda’xw","PARTOF":"Gwa’Sala-‘Nakwaxda’xw","BORDERPRECISION":"1"},"bbox":[-127.675,50.989,-126.425,51.557],"geometry":{"type":"MultiPolygon","coordinates":[[[[-126.691,50.989],[-127.455,51.021],[-127.675,51.245],[-127.62,51.383],[-127.211,51.396],[-127.227,51.533],[-127.073,51.557],[-126.425,51.303],[-126.507,51.058],[-126.691,50.989]]]]}},{"type":"Feature","properties":{"NAME":"Lemhi-Shoshone","SUBJECTO":"Lemhi-Shoshone","PARTOF":"Lemhi-Shoshone","BORDERPRECISION":"1"},"bbox":[-115.312,44.182,-113.291,45.614],"geometry":{"type":"MultiPolygon","coordinates":[[[[-113.291,44.778],[-114.346,44.245],[-114.829,44.182],[-115.181,44.308],[-115.312,44.497],[-115.269,44.778],[-114.126,45.614],[-113.906,45.583],[-113.291,44.778]]]]}},{"type":"Feature","properties":{"NAME":"Kinja","SUBJECTO":"Kinja","PARTOF":"Kinja","BORDERPRECISION":"1"},"bbox":[-61.563,-1.966,-59.767,0.408],"geometry":{"type":"MultiPolygon","coordinates":[[[[-59.767,0.096],[-59.845,-0.436],[-60.06,-0.577],[-60.034,-1.007],[-60.422,-1.255],[-60.534,-1.966],[-61.199,-1.963],[-61.563,-1.162],[-61.234,-0.52],[-60.471,-0.002],[-60.408,0.399],[-60.028,0.408],[-59.767,0.096]]]]}},{"type":"Feature","properties":{"NAME":"Tahues","SUBJECTO":"Tahues","PARTOF":"Tahues","BORDERPRECISION":"1"},"bbox":[-108.349,23.707,-106.439,25.932],"geometry":{"type":"MultiPolygon","coordinates":[[[[-107.191,24.061],[-107.503,24.366],[-107.743,24.87],[-108.349,25.432],[-107.802,25.932],[-107.251,24.975],[-106.439,24.037],[-106.621,24.014],[-106.842,23.707],[-107.191,24.061]]]]}},{"type":"Feature","properties":{"NAME":"Mdewakanton","SUBJECTO":"Mdewakanton","PARTOF":"Mdewakanton","BORDERPRECISION":"1"},"bbox":[-98.342,45.286,-93.123,47.591],"geometry":{"type":"MultiPolygon","coordinates":[[[[-94.049,47.421],[-93.309,47.2],[-93.123,46.394],[-93.45,45.485],[-97.677,45.286],[-98.015,45.615],[-98.342,46.597],[-98.244,47.436],[-97.83,47.517],[-94.769,47.591],[-94.049,47.421]]]]}},{"type":"Feature","properties":{"NAME":"Petun","SUBJECTO":"Petun","PARTOF":"Petun","BORDERPRECISION":"1"},"bbox":[-80.755,43.709,-79.512,44.632],"geometry":{"type":"MultiPolygon","coordinates":[[[[-80.469,44.572],[-80.097,44.505],[-79.993,44.594],[-79.627,44.1],[-79.512,43.709],[-80.716,43.713],[-80.755,44.218],[-80.619,44.632],[-80.469,44.572]]]]}},{"type":"Feature","properties":{"NAME":"Chono","SUBJECTO":"Chono","PARTOF":"Chono","BORDERPRECISION":"1"},"bbox":[-75.496,-47.129,-72.198,-41.724],"geometry":{"type":"MultiPolygon","coordinates":[[[[-73.455,-42.262],[-73.831,-42.564],[-73.609,-42.911],[-73.696,-43.386],[-73.771,-43.509],[-74.142,-43.445],[-74.296,-43.265],[-74.134,-42.764],[-74.169,-42.346],[-74.005,-42.019],[-73.637,-41.967],[-73.455,-42.262]]],[[[-73.983,-47.129],[-73.979,-47.032],[-74.463,-46.799],[-75.011,-46.774],[-75.022,-46.553],[-75.496,-46.58],[-74.864,-46.229],[-74.564,-45.872],[-74.068,-45.935],[-74.042,-46.091],[-74.479,-46.306],[-74.376,-46.558],[-74.087,-46.298],[-73.979,-46.344],[-73.97,-46.713],[-73.571,-46.265],[-73.474,-45.669],[-73.047,-45.376],[-73.335,-45.28],[-73.314,-45.086],[-72.947,-44.943],[-72.555,-44.543],[-73.058,-44.19],[-73.082,-44.022],[-72.999,-43.334],[-72.53,-43.063],[-72.724,-42.8],[-72.747,-42.446],[-72.438,-42.305],[-72.466,-42.035],[-72.731,-41.907],[-72.567,-41.724],[-72.356,-41.864],[-72.266,-42.385],[-72.333,-43],[-72.198,-44.552],[-72.311,-45.607],[-73.261,-46.921],[-73.983,-47.129]]]]}},{"type":"Feature","properties":{"NAME":"Panará","SUBJECTO":"Panará","PARTOF":"Panará","BORDERPRECISION":"1"},"bbox":[-54.643,-9.918,-53.748,-8.797],"geometry":{"type":"MultiPolygon","coordinates":[[[[-53.798,-9.631],[-54.128,-9.918],[-54.617,-9.795],[-54.643,-9.285],[-54.482,-8.797],[-54.008,-8.821],[-54.018,-9.141],[-53.748,-9.445],[-53.798,-9.631]]]]}},{"type":"Feature","properties":{"NAME":"Yoeme (Yaqui)","SUBJECTO":"Yoeme (Yaqui)","PARTOF":"Yoeme (Yaqui)","BORDERPRECISION":"1"},"bbox":[-111.044,27.102,-109.287,28.424],"geometry":{"type":"MultiPolygon","coordinates":[[[[-110.107,27.139],[-110.526,27.348],[-110.604,27.856],[-111.044,27.991],[-110.786,28.411],[-110.565,28.424],[-109.287,27.776],[-110.004,27.102],[-110.107,27.139]]]]}},{"type":"Feature","properties":{"NAME":"Totonaco","SUBJECTO":"Totonaco","PARTOF":"Totonaco","BORDERPRECISION":"1"},"bbox":[-97.866,19.434,-96.539,20.91],"geometry":{"type":"MultiPolygon","coordinates":[[[[-97.223,20.764],[-96.599,19.942],[-96.539,19.583],[-97.017,19.434],[-96.836,19.741],[-97.284,20.187],[-97.416,20.241],[-97.554,20.115],[-97.866,20.24],[-97.718,20.58],[-97.552,20.511],[-97.517,20.774],[-97.32,20.91],[-97.223,20.764]]]]}},{"type":"Feature","properties":{"NAME":"Ramaytush","SUBJECTO":"Ramaytush","PARTOF":"Ramaytush","BORDERPRECISION":"1"},"bbox":[-122.567,37.187,-122.058,37.84],"geometry":{"type":"MultiPolygon","coordinates":[[[[-122.462,37.27],[-122.567,37.659],[-122.478,37.84],[-122.058,37.449],[-122.267,37.187],[-122.462,37.27]]]]}},{"type":"Feature","properties":{"NAME":"Kuruaya","SUBJECTO":"Kuruaya","PARTOF":"Kuruaya","BORDERPRECISION":"1"},"bbox":[-54.826,-6.042,-54.35,-5.485],"geometry":{"type":"MultiPolygon","coordinates":[[[[-54.501,-5.485],[-54.35,-5.812],[-54.732,-6.042],[-54.826,-5.724],[-54.501,-5.485]]]]}},{"type":"Feature","properties":{"NAME":"Piipaash (Maricopa)","SUBJECTO":"Piipaash (Maricopa)","PARTOF":"Piipaash (Maricopa)","BORDERPRECISION":"1"},"bbox":[-114.005,32.523,-112.183,33.468],"geometry":{"type":"MultiPolygon","coordinates":[[[[-112.315,33.387],[-112.183,33.047],[-112.327,32.837],[-113.825,32.523],[-114.005,32.706],[-113.799,33.036],[-112.492,33.468],[-112.315,33.387]]]]}},{"type":"Feature","properties":{"NAME":"Arikapú","SUBJECTO":"Arikapú","PARTOF":"Arikapú","BORDERPRECISION":"1"},"bbox":[-62.283,-11.863,-61.922,-11.689],"geometry":{"type":"MultiPolygon","coordinates":[[[[-62.04,-11.843],[-62.233,-11.863],[-62.283,-11.727],[-61.922,-11.689],[-62.04,-11.843]]]]}},{"type":"Feature","properties":{"NAME":"Kawahib (Tenharim)","SUBJECTO":"Kawahib (Tenharim)","PARTOF":"Kawahib (Tenharim)","BORDERPRECISION":"1"},"bbox":[-62.224,-8.88,-61.015,-6.556],"geometry":{"type":"MultiPolygon","coordinates":[[[[-61.682,-6.556],[-61.404,-7.223],[-61.606,-8.049],[-61.088,-8.293],[-61.015,-8.559],[-61.09,-8.662],[-61.576,-8.613],[-61.978,-8.88],[-62.16,-8.74],[-62.224,-7.549],[-62.176,-7.222],[-61.682,-6.556]]]]}},{"type":"Feature","properties":{"NAME":"Wixárika (Huichol)","SUBJECTO":"Wixárika (Huichol)","PARTOF":"Wixárika (Huichol)","BORDERPRECISION":"1"},"bbox":[-105.418,21.175,-103.592,22.729],"geometry":{"type":"MultiPolygon","coordinates":[[[[-105.259,21.427],[-105.418,21.683],[-105.068,22.666],[-103.942,22.729],[-103.613,22.552],[-103.696,22.111],[-103.592,22.045],[-103.82,21.277],[-104.214,21.175],[-104.678,21.821],[-104.806,21.825],[-105.072,21.39],[-105.218,21.331],[-105.259,21.427]]]]}},{"type":"Feature","properties":{"NAME":"Beothuk","SUBJECTO":"Beothuk","PARTOF":"Beothuk","BORDERPRECISION":"1"},"bbox":[-59.319,46.731,-52.735,51.557],"geometry":{"type":"MultiPolygon","coordinates":[[[[-53.458,48.589],[-53.249,48.648],[-53.115,48.524],[-53.411,48.295],[-53.882,48.189],[-53.577,47.74],[-53.356,47.949],[-53.118,47.878],[-53.096,47.552],[-52.735,47.546],[-53.07,46.731],[-53.625,46.886],[-53.644,47.179],[-54.082,46.99],[-53.896,47.557],[-54.211,47.804],[-55.408,46.948],[-55.904,47.064],[-55.277,47.313],[-54.783,47.711],[-55.368,47.795],[-55.513,47.586],[-55.698,47.579],[-55.739,47.872],[-56.079,47.865],[-56.33,47.636],[-58.091,47.763],[-59.157,47.67],[-59.319,47.963],[-58.139,48.599],[-58.68,48.703],[-58.392,49.037],[-57.814,49.202],[-58.128,49.496],[-57.356,50.595],[-56.376,51.384],[-55.561,51.557],[-55.422,51.425],[-55.927,51.252],[-55.77,51.054],[-56.662,50.056],[-56.733,49.688],[-56.067,50.103],[-55.565,49.966],[-55.968,49.657],[-55.107,49.279],[-54.766,49.293],[-54.481,49.503],[-53.786,49.386],[-53.509,49.282],[-54.13,48.836],[-53.763,48.523],[-53.458,48.589]]]]}},{"type":"Feature","properties":{"NAME":"Kalina/Kariña","SUBJECTO":"Kalina/Kariña","PARTOF":"Kalina/Kariña","BORDERPRECISION":"1"},"bbox":[-65.158,5.01,-52.598,9.945],"geometry":{"type":"MultiPolygon","coordinates":[[[[-54.57,5.964],[-53.027,5.427],[-52.598,5.12],[-52.628,5.01],[-53.983,5.218],[-54.522,5.505],[-54.848,5.171],[-56.264,5.09],[-58.587,6.442],[-58.818,6.129],[-59.61,6.56],[-60.624,6.774],[-61.155,6.671],[-61.374,6.744],[-61.587,7.151],[-61.541,7.974],[-62.683,8.371],[-63.169,7.815],[-64.019,7.371],[-64.928,7.207],[-65.158,7.337],[-65.147,7.599],[-64.909,8.672],[-64.544,9.377],[-64.19,9.852],[-63.883,9.945],[-63.698,9.857],[-63.592,9.555],[-63.46,8.714],[-61.543,8.057],[-61.175,8.154],[-60.017,8.081],[-59.557,7.573],[-58.846,7.336],[-58.598,6.465],[-56.333,5.212],[-55.902,5.655],[-54.792,5.595],[-54.723,5.978],[-54.57,5.964]]]]}},{"type":"Feature","properties":{"NAME":"Siria-masã (Siriano)","SUBJECTO":"Siria-masã (Siriano)","PARTOF":"Siria-masã (Siriano)","BORDERPRECISION":"1"},"bbox":[-70.763,0.076,-68.452,1.115],"geometry":{"type":"MultiPolygon","coordinates":[[[[-70.186,0.616],[-70.698,0.592],[-70.763,0.807],[-70.556,1.015],[-70.202,1.115],[-70.1,0.823],[-69.095,0.647],[-68.472,0.31],[-68.452,0.134],[-68.59,0.076],[-69.181,0.394],[-69.232,0.594],[-70.101,0.821],[-70.186,0.616]]]]}},{"type":"Feature","properties":{"NAME":"Miskito","SUBJECTO":"Miskito","PARTOF":"Miskito","BORDERPRECISION":"1"},"bbox":[-85.481,11.605,-83.296,15.639],"geometry":{"type":"MultiPolygon","coordinates":[[[[-84.188,15.604],[-84.132,15.375],[-83.527,15.237],[-83.296,14.615],[-83.418,14.068],[-83.662,13.705],[-83.921,11.605],[-84.094,11.653],[-84.028,12.47],[-84.561,13.558],[-84.466,13.803],[-84.013,14.032],[-83.989,14.165],[-84.314,14.145],[-84.827,14.4],[-85.237,13.996],[-85.481,14.028],[-84.759,14.927],[-84.89,15.128],[-84.891,15.639],[-84.188,15.604]]]]}},{"type":"Feature","properties":{"NAME":"Esse ejja","SUBJECTO":"Esse ejja","PARTOF":"Esse ejja","BORDERPRECISION":"1"},"bbox":[-70.374,-13.187,-66.054,-11.201],"geometry":{"type":"MultiPolygon","coordinates":[[[[-70.374,-13.026],[-70.242,-12.494],[-68.92,-11.719],[-66.822,-11.201],[-66.214,-11.205],[-66.054,-11.358],[-66.111,-12.333],[-66.326,-12.72],[-66.59,-12.881],[-67.681,-13.123],[-70.06,-13.187],[-70.374,-13.026]]]]}},{"type":"Feature","properties":{"NAME":"Ndé Kónitsąąíí Gokíyaa (Lipan Apache)","SUBJECTO":"Ndé Kónitsąąíí Gokíyaa (Lipan Apache)","PARTOF":"Ndé Kónitsąąíí Gokíyaa (Lipan Apache)","BORDERPRECISION":"1"},"bbox":[-106.599,25.163,-96.912,33.053],"geometry":{"type":"MultiPolygon","coordinates":[[[[-97.115,28.107],[-97.568,27.909],[-97.267,27.674],[-97.632,27.228],[-97.573,26.561],[-97.26,25.811],[-97.601,25.163],[-98.292,25.356],[-99.71,26.299],[-101.364,28.348],[-103.144,28.298],[-104.134,28.803],[-104.781,29.371],[-105.86,30.941],[-106.327,31.11],[-106.599,32.002],[-105.777,32.482],[-104.708,32.7],[-103.934,33.018],[-103.161,33.053],[-101.7,32.783],[-100.403,32.383],[-97.651,30.774],[-97.177,30.221],[-96.912,28.144],[-97.115,28.107]]]]}},{"type":"Feature","properties":{"NAME":"Mayaimi","SUBJECTO":"Mayaimi","PARTOF":"Mayaimi","BORDERPRECISION":"1"},"bbox":[-81.251,26.602,-80.536,27.327],"geometry":{"type":"MultiPolygon","coordinates":[[[[-80.796,26.602],[-81.075,26.683],[-81.251,26.988],[-80.868,27.327],[-80.536,27.04],[-80.602,26.681],[-80.796,26.602]]]]}},{"type":"Feature","properties":{"NAME":"Pemón","SUBJECTO":"Pemón","PARTOF":"Pemón","BORDERPRECISION":"1"},"bbox":[-64.043,2.575,-59.069,7.051],"geometry":{"type":"MultiPolygon","coordinates":[[[[-61.775,3.363],[-62.309,4.087],[-63.367,5.076],[-64.043,6.455],[-63.955,6.824],[-63.34,6.867],[-62.766,6.498],[-62.474,6.495],[-62.204,6.575],[-61.861,7.042],[-60.497,7.051],[-60.077,6.745],[-59.16,5.31],[-59.069,4.897],[-59.479,3.858],[-60.149,4.049],[-60.32,3.289],[-60.662,2.628],[-60.877,2.575],[-61.775,3.363]]]]}},{"type":"Feature","properties":{"NAME":"Methow","SUBJECTO":"Methow","PARTOF":"Methow","BORDERPRECISION":"1"},"bbox":[-120.77,48.037,-119.668,48.786],"geometry":{"type":"MultiPolygon","coordinates":[[[[-119.888,48.037],[-120.455,48.243],[-120.77,48.645],[-120.559,48.786],[-120.026,48.578],[-119.668,48.173],[-119.888,48.037]]]]}},{"type":"Feature","properties":{"NAME":"Muina Murui / Murui-Muinanɨ","SUBJECTO":"Muina Murui / Murui-Muinanɨ","PARTOF":"Muina Murui / Murui-Muinanɨ","BORDERPRECISION":"1"},"bbox":[-74.876,-4.155,-69.822,0.521],"geometry":{"type":"MultiPolygon","coordinates":[[[[-74.876,0.265],[-74.717,0.5],[-74.499,0.521],[-73.805,-0.162],[-72.869,-0.175],[-72.315,-0.321],[-72.177,-0.8],[-71.687,-1.239],[-71.381,-1.99],[-70.655,-2.272],[-70.083,-3.601],[-69.879,-3.641],[-69.822,-3.777],[-69.884,-4.127],[-70.037,-4.155],[-70.258,-3.85],[-70.093,-3.598],[-70.587,-2.51],[-71.817,-2.719],[-71.987,-2.917],[-71.913,-3.258],[-72.06,-3.382],[-72.744,-3.173],[-72.95,-3.225],[-73.216,-3.581],[-73.366,-3.533],[-73.46,-3.346],[-73.432,-2.617],[-73.677,-2.194],[-73.545,-1.365],[-74.073,-0.941],[-74.205,-0.262],[-74.673,-0.051],[-74.876,0.265]]]]}},{"type":"Feature","properties":{"NAME":"Pissaseck","SUBJECTO":"Pissaseck","PARTOF":"Pissaseck","BORDERPRECISION":"1"},"bbox":[-77.167,37.976,-76.885,38.142],"geometry":{"type":"MultiPolygon","coordinates":[[[[-76.885,38.067],[-77.167,37.976],[-76.977,38.142],[-76.885,38.067]]]]}},{"type":"Feature","properties":{"NAME":"White Mountain Apache","SUBJECTO":"White Mountain Apache","PARTOF":"White Mountain Apache","BORDERPRECISION":"1"},"bbox":[-110.785,33.474,-109.497,34.292],"geometry":{"type":"MultiPolygon","coordinates":[[[[-109.497,33.653],[-109.774,33.474],[-110.39,33.81],[-110.621,33.827],[-110.746,33.699],[-110.785,34.292],[-109.666,34.148],[-109.526,34.022],[-109.497,33.653]]]]}},{"type":"Feature","properties":{"NAME":"Shuar-Wampis","SUBJECTO":"Shuar-Wampis","PARTOF":"Shuar-Wampis","BORDERPRECISION":"1"},"bbox":[-79.108,-4.853,-76.884,-1.543],"geometry":{"type":"MultiPolygon","coordinates":[[[[-77.341,-2.213],[-77.312,-2.762],[-77.482,-3.018],[-77.109,-3.854],[-77.105,-4.355],[-76.884,-4.853],[-77.489,-4.556],[-77.954,-4.618],[-78.238,-3.54],[-78.484,-3.856],[-78.673,-4.45],[-79.108,-3.727],[-78.793,-3.472],[-78.408,-2.656],[-78.424,-2.258],[-78.147,-1.613],[-77.727,-1.543],[-77.341,-2.213]]]]}},{"type":"Feature","properties":{"NAME":"Hän","SUBJECTO":"Hän","PARTOF":"Hän","BORDERPRECISION":"1"},"bbox":[-144.009,63.68,-136.373,65.866],"geometry":{"type":"MultiPolygon","coordinates":[[[[-142.723,65.807],[-140.625,65.866],[-140.175,65.385],[-138.153,64.755],[-136.703,64.492],[-136.373,64.13],[-138.021,63.846],[-141.075,63.787],[-141.35,63.68],[-142.91,64.511],[-143.503,64.548],[-144.009,64.788],[-143.987,65.017],[-143.701,65.118],[-143.646,65.252],[-143.767,65.362],[-143.679,65.458],[-142.723,65.807]]]]}},{"type":"Feature","properties":{"NAME":"Duwamish","SUBJECTO":"Duwamish","PARTOF":"Duwamish","BORDERPRECISION":"1"},"bbox":[-122.44,47.39,-121.92,47.736],"geometry":{"type":"MultiPolygon","coordinates":[[[[-122.44,47.734],[-122.028,47.736],[-121.92,47.39],[-122.406,47.45],[-122.44,47.734]]]]}},{"type":"Feature","properties":{"NAME":"Kapanawa","SUBJECTO":"Kapanawa","PARTOF":"Kapanawa","BORDERPRECISION":"1"},"bbox":[-74.666,-7.014,-73.581,-5.534],"geometry":{"type":"MultiPolygon","coordinates":[[[[-73.834,-5.534],[-73.581,-5.99],[-73.751,-6.618],[-74.043,-6.961],[-74.434,-7.014],[-74.63,-6.807],[-74.666,-6.435],[-74.277,-6.038],[-74.046,-5.57],[-73.834,-5.534]]]]}},{"type":"Feature","properties":{"NAME":"Pee Dee","SUBJECTO":"Pee Dee","PARTOF":"Pee Dee","BORDERPRECISION":"1"},"bbox":[-81.028,33.33,-79.297,35.216],"geometry":{"type":"MultiPolygon","coordinates":[[[[-79.913,35.216],[-79.735,34.842],[-79.299,34.5],[-79.297,34.35],[-79.906,34.238],[-79.956,34.477],[-80.904,33.461],[-80.9,33.33],[-81.028,33.35],[-79.957,34.478],[-80.101,34.783],[-80.032,35.194],[-79.913,35.216]]]]}},{"type":"Feature","properties":{"NAME":"Hammonassets","SUBJECTO":"Hammonassets","PARTOF":"Hammonassets","BORDERPRECISION":"1"},"bbox":[-72.833,41.296,-72.351,41.42],"geometry":{"type":"MultiPolygon","coordinates":[[[[-72.833,41.296],[-72.817,41.42],[-72.351,41.341],[-72.833,41.296]]]]}},{"type":"Feature","properties":{"NAME":"Quiyoughcohannock","SUBJECTO":"Quiyoughcohannock","PARTOF":"Quiyoughcohannock","BORDERPRECISION":"1"},"bbox":[-77.234,37.064,-76.705,37.288],"geometry":{"type":"MultiPolygon","coordinates":[[[[-77.039,37.288],[-76.705,37.165],[-76.73,37.079],[-77.234,37.064],[-77.039,37.288]]]]}},{"type":"Feature","properties":{"NAME":"𐓏𐒰𐓓𐒰𐓓𐒷  𐒼𐓂𐓊𐒻  𐓆𐒻𐒿𐒷  𐓀𐒰^𐓓𐒰^(Osage)","SUBJECTO":"𐓏𐒰𐓓𐒰𐓓𐒷  𐒼𐓂𐓊𐒻  𐓆𐒻𐒿𐒷  𐓀𐒰^𐓓𐒰^(Osage)","PARTOF":"𐓏𐒰𐓓𐒰𐓓𐒷  𐒼𐓂𐓊𐒻  𐓆𐒻𐒿𐒷  𐓀𐒰^𐓓𐒰^(Osage)","BORDERPRECISION":"1"},"bbox":[-103.821,31.015,-78.596,41.096],"geometry":{"type":"MultiPolygon","coordinates":[[[[-95.625,40.581],[-92.241,40.714],[-91.318,40.581],[-90.879,39.943],[-90.879,39.775],[-90.176,39.504],[-88.945,39.334],[-89.297,38.891],[-88.506,38.548],[-87.1,38.686],[-86.44,38.617],[-85.43,38.959],[-85.474,39.3],[-85.078,39.504],[-84.99,39.842],[-84.023,39.943],[-82.771,39.368],[-82.354,39.504],[-81.277,41.046],[-79.805,41.096],[-79.299,40.963],[-79.233,40.764],[-78.596,40.464],[-78.904,39.792],[-80.31,38.976],[-80.925,38.359],[-81.804,37.996],[-83.232,37.684],[-83.936,37.736],[-84.858,37.996],[-86.858,36.967],[-87.913,36.598],[-89.319,36.51],[-90.066,35.21],[-90.637,34.525],[-90.989,33.596],[-91.274,33.615],[-91.78,33.943],[-92.109,33.962],[-92.395,33.706],[-91.846,32.861],[-92.131,32.008],[-92.087,31.429],[-92.197,31.279],[-92.461,31.354],[-93.604,31.015],[-94.329,31.372],[-94.548,31.635],[-94.746,33.413],[-94.988,33.834],[-95.427,33.925],[-96.658,33.816],[-97.69,33.943],[-99.382,34.398],[-99.888,34.579],[-100.063,34.814],[-100.591,35.084],[-100.986,35.102],[-102.217,36.067],[-103.096,36.527],[-103.008,37.038],[-103.315,37.771],[-103.821,38.135],[-103.777,38.84],[-103.447,39.096],[-102.129,39.045],[-102.019,40.028],[-95.273,40.061],[-95.669,40.497],[-95.625,40.581]]]]}},{"type":"Feature","properties":{"NAME":"Massa-adchu-es-et (Massachusett)","SUBJECTO":"Massa-adchu-es-et (Massachusett)","PARTOF":"Massa-adchu-es-et (Massachusett)","BORDERPRECISION":"1"},"bbox":[-71.526,41.663,-70.502,42.679],"geometry":{"type":"MultiPolygon","coordinates":[[[[-70.871,42.602],[-71.054,42.357],[-70.716,42.233],[-70.502,41.958],[-70.861,41.663],[-71.456,42.131],[-71.526,42.374],[-71.28,42.679],[-70.871,42.602]]]]}},{"type":"Feature","properties":{"NAME":"Ahantchuyuk","SUBJECTO":"Ahantchuyuk","PARTOF":"Ahantchuyuk","BORDERPRECISION":"1"},"bbox":[-123.111,44.908,-122.596,45.374],"geometry":{"type":"MultiPolygon","coordinates":[[[[-123.111,44.929],[-123.055,45.22],[-122.596,45.374],[-122.782,45.1],[-122.762,44.908],[-123.111,44.929]]]]}},{"type":"Feature","properties":{"NAME":"Amorúa","SUBJECTO":"Amorúa","PARTOF":"Amorúa","BORDERPRECISION":"1"},"bbox":[-72.433,4.243,-68.067,6.309],"geometry":{"type":"MultiPolygon","coordinates":[[[[-72.244,6.109],[-71.049,6.309],[-69.854,6.147],[-69.011,5.897],[-68.299,5.841],[-68.067,5.359],[-68.381,4.594],[-69.049,4.256],[-70.219,4.243],[-71.011,4.795],[-71.904,4.983],[-72.42,5.296],[-72.433,5.872],[-72.244,6.109]]]]}},{"type":"Feature","properties":{"NAME":"Toara","SUBJECTO":"Toara","PARTOF":"Toara","BORDERPRECISION":"1"},"bbox":[-65.982,-23.173,-65.276,-22.327],"geometry":{"type":"MultiPolygon","coordinates":[[[[-65.646,-22.327],[-65.313,-22.482],[-65.276,-22.899],[-65.505,-23.173],[-65.805,-23.166],[-65.982,-23.008],[-65.934,-22.67],[-65.646,-22.327]]]]}},{"type":"Feature","properties":{"NAME":"Rarámuri (Tarahumara-Guarijio)","SUBJECTO":"Rarámuri (Tarahumara-Guarijio)","PARTOF":"Rarámuri (Tarahumara-Guarijio)","BORDERPRECISION":"1"},"bbox":[-108.976,25.567,-106.17,30.101],"geometry":{"type":"MultiPolygon","coordinates":[[[[-108.653,29.954],[-108.422,30.101],[-107.607,29.837],[-106.17,28.412],[-106.326,28.024],[-106.57,27.878],[-106.836,27.095],[-106.63,26.341],[-106.749,26.022],[-106.693,25.575],[-107.12,25.567],[-107.884,26.109],[-108.107,26.568],[-108.173,27.608],[-108.945,27.752],[-108.976,28.052],[-108.621,28.386],[-108.787,28.891],[-108.653,29.954]]]]}},{"type":"Feature","properties":{"NAME":"Gitx̱san Lax̱yip","SUBJECTO":"Gitx̱san Lax̱yip","PARTOF":"Gitx̱san Lax̱yip","BORDERPRECISION":"1"},"bbox":[-130.027,54.692,-126.128,57.301],"geometry":{"type":"MultiPolygon","coordinates":[[[[-128.168,55.505],[-128.408,55.597],[-128.49,56],[-128.737,55.856],[-129.149,56.295],[-129.802,56.345],[-130.027,56.605],[-129.618,56.578],[-129.892,56.716],[-129.326,56.966],[-129.007,56.852],[-128.382,56.945],[-128.147,56.829],[-127.924,57.011],[-127.941,57.185],[-127.725,57.295],[-127.679,57.157],[-127.299,57.026],[-126.643,57.301],[-126.181,57.076],[-126.16,56.874],[-126.44,56.748],[-126.328,56.418],[-126.803,56.381],[-126.128,55.955],[-126.278,55.747],[-126.536,55.791],[-126.576,55.661],[-126.772,55.749],[-127.046,55.392],[-126.967,55.331],[-127.18,55.284],[-127.277,55.1],[-127.579,55.138],[-127.561,54.788],[-128.577,54.692],[-128.588,54.911],[-128.844,54.825],[-128.944,54.963],[-128.705,55.116],[-127.924,55.152],[-127.866,55.362],[-128.168,55.505]]]]}},{"type":"Feature","properties":{"NAME":"Kacha Edze (Urarina)","SUBJECTO":"Kacha Edze (Urarina)","PARTOF":"Kacha Edze (Urarina)","BORDERPRECISION":"1"},"bbox":[-75.934,-4.857,-74.747,-3.676],"geometry":{"type":"MultiPolygon","coordinates":[[[[-74.946,-4.857],[-75.67,-4.816],[-75.922,-4.369],[-75.934,-3.763],[-74.951,-3.676],[-74.747,-4.554],[-74.946,-4.857]]]]}},{"type":"Feature","properties":{"NAME":"Katukina","SUBJECTO":"Katukina","PARTOF":"Katukina","BORDERPRECISION":"1"},"bbox":[-72.26,-8.638,-71.518,-7.67],"geometry":{"type":"MultiPolygon","coordinates":[[[[-71.689,-8.56],[-72.008,-8.638],[-71.938,-8.146],[-71.804,-8.027],[-72.083,-7.793],[-72.247,-7.914],[-72.26,-7.67],[-71.604,-8.183],[-71.518,-8.397],[-71.689,-8.56]]]]}},{"type":"Feature","properties":{"NAME":"Tunica","SUBJECTO":"Tunica","PARTOF":"Tunica","BORDERPRECISION":"1"},"bbox":[-92.527,31.982,-90.289,33.55],"geometry":{"type":"MultiPolygon","coordinates":[[[[-91.148,32.001],[-91.924,31.982],[-92.335,32.279],[-92.527,32.86],[-92.28,33.275],[-91.261,33.55],[-90.893,33.422],[-90.566,33.073],[-90.289,32.504],[-90.535,32.149],[-91.148,32.001]]]]}},{"type":"Feature","properties":{"NAME":"Sihapsa","SUBJECTO":"Sihapsa","PARTOF":"Sihapsa","BORDERPRECISION":"1"},"bbox":[-104.293,44.229,-100.042,46.438],"geometry":{"type":"MultiPolygon","coordinates":[[[[-100.646,46.438],[-100.338,46.339],[-100.042,45.989],[-100.042,45.391],[-100.36,44.637],[-102.7,44.229],[-103.271,44.489],[-103.107,45.05],[-103.228,45.306],[-104.15,45.314],[-104.26,45.529],[-104.293,45.76],[-104.128,45.974],[-101.613,46.035],[-100.646,46.438]]]]}},{"type":"Feature","properties":{"NAME":"Western Mono/Monache","SUBJECTO":"Western Mono/Monache","PARTOF":"Western Mono/Monache","BORDERPRECISION":"1"},"bbox":[-119.726,36.384,-118.323,38.44],"geometry":{"type":"MultiPolygon","coordinates":[[[[-118.73,36.384],[-119.194,36.819],[-119.726,37.057],[-119.421,37.405],[-119.354,38.269],[-119.171,38.44],[-118.429,38.023],[-118.323,37.836],[-119.031,37.407],[-118.714,36.978],[-118.63,36.444],[-118.73,36.384]]]]}},{"type":"Feature","properties":{"NAME":"Powhatan","SUBJECTO":"Powhatan","PARTOF":"Powhatan","BORDERPRECISION":"1"},"bbox":[-77.649,37.416,-77.227,37.599],"geometry":{"type":"MultiPolygon","coordinates":[[[[-77.569,37.416],[-77.649,37.522],[-77.558,37.599],[-77.227,37.586],[-77.261,37.464],[-77.569,37.416]]]]}},{"type":"Feature","properties":{"NAME":"Nentego (Nanticoke)","SUBJECTO":"Nentego (Nanticoke)","PARTOF":"Nentego (Nanticoke)","BORDERPRECISION":"1"},"bbox":[-76.89,38.219,-75.042,39.795],"geometry":{"type":"MultiPolygon","coordinates":[[[[-75.624,39.673],[-75.389,39.133],[-75.088,38.838],[-75.042,38.497],[-75.091,38.385],[-75.923,38.219],[-75.811,38.278],[-75.846,38.426],[-76.044,38.293],[-76.326,38.539],[-76.008,38.667],[-76.279,38.809],[-76.353,38.735],[-76.305,38.88],[-76.112,38.845],[-76.344,39.026],[-76.063,39.195],[-76.26,39.201],[-76.151,39.367],[-75.858,39.436],[-76.006,39.462],[-75.94,39.646],[-76.201,39.424],[-76.259,39.501],[-76.272,39.361],[-76.339,39.462],[-76.385,39.275],[-76.587,39.311],[-76.405,39.085],[-76.518,38.831],[-76.864,39.165],[-76.89,39.366],[-76.48,39.686],[-75.646,39.795],[-75.624,39.673]]]]}},{"type":"Feature","properties":{"NAME":"Kō Hawaiʻi Paeʻāina (Hawaiian Kingdom)","SUBJECTO":"Kō Hawaiʻi Paeʻāina (Hawaiian Kingdom)","PARTOF":"Kō Hawaiʻi Paeʻāina (Hawaiian Kingdom)","BORDERPRECISION":"1"},"bbox":[-158.466,18.946,-154.92,21.689],"geometry":{"type":"MultiPolygon","coordinates":[[[[-155.112,19.752],[-154.92,19.555],[-155.137,19.328],[-155.482,19.24],[-155.783,18.946],[-156.034,19.106],[-156.163,19.808],[-155.947,19.989],[-156.009,20.263],[-155.479,20.087],[-155.112,19.752]]],[[[-157.947,21.416],[-157.896,21.251],[-158.298,21.276],[-158.466,21.571],[-158.179,21.689],[-157.947,21.416]]],[[[-156.507,20.599],[-156.822,20.94],[-156.78,21.043],[-156.119,20.79],[-156.253,20.63],[-156.507,20.599]]]]}},{"type":"Feature","properties":{"NAME":"Achires","SUBJECTO":"Achires","PARTOF":"Achires","BORDERPRECISION":"1"},"bbox":[-108.37,24.296,-107.404,25.376],"geometry":{"type":"MultiPolygon","coordinates":[[[[-107.404,24.296],[-107.916,24.645],[-108.078,25.064],[-108.37,25.199],[-108.312,25.376],[-107.404,24.296]]]]}},{"type":"Feature","properties":{"NAME":"Atikum-Umã","SUBJECTO":"Atikum-Umã","PARTOF":"Atikum-Umã","BORDERPRECISION":"1"},"bbox":[-38.946,-8.379,-38.722,-8.199],"geometry":{"type":"MultiPolygon","coordinates":[[[[-38.888,-8.379],[-38.946,-8.199],[-38.722,-8.236],[-38.888,-8.379]]]]}},{"type":"Feature","properties":{"NAME":"Puyanawa","SUBJECTO":"Puyanawa","PARTOF":"Puyanawa","BORDERPRECISION":"1"},"bbox":[-73.184,-7.692,-72.933,-7.441],"geometry":{"type":"MultiPolygon","coordinates":[[[[-73.184,-7.692],[-73.055,-7.441],[-72.933,-7.568],[-73.184,-7.692]]]]}},{"type":"Feature","properties":{"NAME":"Tekohá (Ñandeva - Avá Guaraní)","SUBJECTO":"Tekohá (Ñandeva - Avá Guaraní)","PARTOF":"Tekohá (Ñandeva - Avá Guaraní)","BORDERPRECISION":"1"},"bbox":[-56.088,-28.099,-47.9,-22.413],"geometry":{"type":"MultiPolygon","coordinates":[[[[-53.35,-28.099],[-53.679,-28.038],[-53.948,-27.821],[-54.137,-27.319],[-54.501,-26.847],[-54.829,-26.603],[-55.821,-26.223],[-56.088,-25.884],[-55.947,-24.789],[-56.087,-24.299],[-56.055,-23.685],[-55.793,-23.704],[-55.396,-23.986],[-55.207,-23.584],[-54.703,-23.266],[-53.901,-23.179],[-52.96,-23.366],[-51.467,-23.198],[-49.055,-22.413],[-48.779,-22.413],[-47.9,-22.961],[-48.6,-24.145],[-49.278,-24.706],[-50.325,-25.237],[-52.45,-27.862],[-53.35,-28.099]]]]}},{"type":"Feature","properties":{"NAME":"Guacata","SUBJECTO":"Guacata","PARTOF":"Guacata","BORDERPRECISION":"1"},"bbox":[-80.661,26.806,-80.326,27.093],"geometry":{"type":"MultiPolygon","coordinates":[[[[-80.661,27.093],[-80.343,27.068],[-80.326,26.831],[-80.624,26.806],[-80.661,27.093]]]]}},{"type":"Feature","properties":{"NAME":"Chitonahua/Murunahua","SUBJECTO":"Chitonahua/Murunahua","PARTOF":"Chitonahua/Murunahua","BORDERPRECISION":"1"},"bbox":[-73.128,-10.522,-72.149,-9.5],"geometry":{"type":"MultiPolygon","coordinates":[[[[-72.813,-9.5],[-72.325,-9.577],[-72.156,-9.79],[-72.149,-10.174],[-72.437,-10.249],[-72.463,-10.522],[-72.874,-10.478],[-73.128,-10.206],[-73.024,-9.648],[-72.813,-9.5]]]]}},{"type":"Feature","properties":{"NAME":"Nivaclé","SUBJECTO":"Nivaclé","PARTOF":"Nivaclé","BORDERPRECISION":"1"},"bbox":[-62.245,-24.127,-60.032,-21.245],"geometry":{"type":"MultiPolygon","coordinates":[[[[-60.384,-23.997],[-60.545,-24.127],[-61.315,-24.093],[-61.647,-23.937],[-61.989,-23.502],[-62.245,-22.488],[-61.656,-21.271],[-61.229,-21.245],[-60.498,-21.528],[-60.184,-21.925],[-60.032,-22.488],[-60.08,-23.065],[-60.384,-23.997]]]]}},{"type":"Feature","properties":{"NAME":"Salish & Kootenai Tribes","SUBJECTO":"Salish & Kootenai Tribes","PARTOF":"Salish & Kootenai Tribes","BORDERPRECISION":"1"},"bbox":[-114.833,47.032,-113.721,47.885],"geometry":{"type":"MultiPolygon","coordinates":[[[[-114.267,47.881],[-113.936,47.885],[-113.943,47.478],[-113.721,47.092],[-114.099,47.032],[-114.692,47.297],[-114.833,47.883],[-114.267,47.881]]]]}},{"type":"Feature","properties":{"NAME":"Enxet","SUBJECTO":"Enxet","PARTOF":"Enxet","BORDERPRECISION":"1"},"bbox":[-59.214,-24.527,-57.068,-23.097],"geometry":{"type":"MultiPolygon","coordinates":[[[[-58.939,-23.282],[-57.53,-23.097],[-57.169,-23.674],[-57.068,-24.416],[-57.965,-24.527],[-59.101,-24.274],[-59.214,-23.873],[-59.059,-23.294],[-58.939,-23.282]]]]}},{"type":"Feature","properties":{"NAME":"Yavapaiv Apache","SUBJECTO":"Yavapaiv Apache","PARTOF":"Yavapaiv Apache","BORDERPRECISION":"1"},"bbox":[-114.706,32.546,-111.344,35.234],"geometry":{"type":"MultiPolygon","coordinates":[[[[-114.531,32.767],[-114.475,32.931],[-114.701,33.077],[-114.706,33.354],[-114.419,34.118],[-114.14,34.307],[-113.13,34.485],[-113.067,35.234],[-112.186,35.2],[-112.143,35],[-111.738,34.786],[-111.6,33.976],[-111.344,33.604],[-111.657,33.53],[-112.155,33.803],[-112.395,33.699],[-112.392,33.389],[-112.079,32.849],[-112.108,32.694],[-113.019,32.861],[-114.076,32.546],[-114.465,32.562],[-114.531,32.767]]]]}},{"type":"Feature","properties":{"NAME":"Kawaiisu","SUBJECTO":"Kawaiisu","PARTOF":"Kawaiisu","BORDERPRECISION":"1"},"bbox":[-118.861,34.985,-116.18,36.474],"geometry":{"type":"MultiPolygon","coordinates":[[[[-116.818,36.474],[-116.862,36.262],[-116.4,35.514],[-116.18,35.434],[-116.279,35.362],[-117.96,34.985],[-118.455,35.066],[-118.685,35.326],[-118.861,35.299],[-118.773,35.47],[-118.092,35.648],[-117.993,35.764],[-118.059,35.889],[-117.773,35.791],[-117.455,35.925],[-117.026,36.173],[-116.938,36.448],[-116.818,36.474]]]]}},{"type":"Feature","properties":{"NAME":"Gwitch'in Settlement Region","SUBJECTO":"Gwitch'in Settlement Region","PARTOF":"Gwitch'in Settlement Region","BORDERPRECISION":"1"},"bbox":[-137.77,64.384,-129.899,68.419],"geometry":{"type":"MultiPolygon","coordinates":[[[[-133.809,68.408],[-132.12,68.419],[-132.17,68.008],[-129.899,67.994],[-130.584,67.111],[-131.284,66.936],[-131.997,66.964],[-132.006,66.235],[-130.825,65.844],[-130.982,65.614],[-130.818,65.444],[-130.96,65.192],[-130.844,65.063],[-130.85,64.727],[-131.048,64.739],[-130.881,64.662],[-130.991,64.532],[-130.814,64.392],[-131.86,64.384],[-131.692,64.537],[-132.564,64.775],[-132.634,64.833],[-132.356,65.088],[-132.777,65.235],[-132.289,65.509],[-137.353,65.501],[-137.77,65.639],[-137.637,65.674],[-137.77,65.836],[-137.26,66.001],[-137.256,66.189],[-136.984,66.271],[-136.84,66.479],[-137.12,66.738],[-136.997,66.931],[-137.111,66.973],[-137.111,67.192],[-137.286,67.238],[-136.941,67.302],[-137.086,67.549],[-137.433,67.734],[-136.776,67.906],[-136.455,67.713],[-136.45,68.221],[-135.876,68.226],[-136.179,68.327],[-133.775,68.221],[-133.834,68.278],[-133.679,68.325],[-133.809,68.408]]]]}},{"type":"Feature","properties":{"NAME":"Kitsé Cha’tnio (Chatino)","SUBJECTO":"Kitsé Cha’tnio (Chatino)","PARTOF":"Kitsé Cha’tnio (Chatino)","BORDERPRECISION":"1"},"bbox":[-97.731,15.876,-96.893,16.603],"geometry":{"type":"MultiPolygon","coordinates":[[[[-97.078,15.876],[-97.712,16.027],[-97.731,16.362],[-97.59,16.569],[-96.984,16.603],[-96.893,16.214],[-97.078,15.876]]]]}},{"type":"Feature","properties":{"NAME":"Miwkoʔ Waaliʔ","SUBJECTO":"Miwkoʔ Waaliʔ","PARTOF":"Miwkoʔ Waaliʔ","BORDERPRECISION":"1"},"bbox":[-122,37.57,-120.384,38.702],"geometry":{"type":"MultiPolygon","coordinates":[[[[-122,38.099],[-121.659,38.702],[-121.06,38.654],[-120.384,37.749],[-120.522,37.628],[-121.095,37.57],[-121.595,37.823],[-121.586,38.016],[-122,38.099]]]]}},{"type":"Feature","properties":{"NAME":"Puri","SUBJECTO":"Puri","PARTOF":"Puri","BORDERPRECISION":"1"},"bbox":[-46.832,-24.296,-39.676,-17.703],"geometry":{"type":"MultiPolygon","coordinates":[[[[-39.783,-18.583],[-39.739,-19.574],[-40.14,-19.975],[-40.933,-21.279],[-41.048,-21.661],[-40.984,-22.086],[-41.77,-22.38],[-41.929,-22.546],[-41.958,-22.921],[-42.967,-23.031],[-44.561,-22.99],[-44.658,-23.263],[-45.148,-23.493],[-45.459,-23.856],[-45.953,-23.768],[-46.832,-24.296],[-46.737,-23.765],[-45.94,-22.867],[-44.581,-20.73],[-42.534,-19.232],[-42.353,-18.787],[-41.52,-17.927],[-40.958,-17.703],[-40.211,-17.748],[-39.676,-18.257],[-39.783,-18.583]]]]}},{"type":"Feature","properties":{"NAME":"Tunxis","SUBJECTO":"Tunxis","PARTOF":"Tunxis","BORDERPRECISION":"1"},"bbox":[-72.938,41.591,-72.592,41.89],"geometry":{"type":"MultiPolygon","coordinates":[[[[-72.889,41.878],[-72.614,41.89],[-72.592,41.591],[-72.938,41.615],[-72.889,41.878]]]]}},{"type":"Feature","properties":{"NAME":"Ópata (Tegüima-Eudebe-Hoba)","SUBJECTO":"Ópata (Tegüima-Eudebe-Hoba)","PARTOF":"Ópata (Tegüima-Eudebe-Hoba)","BORDERPRECISION":"1"},"bbox":[-110.96,28.336,-107.927,31.648],"geometry":{"type":"MultiPolygon","coordinates":[[[[-110.96,30.772],[-110.919,31.604],[-110.011,31.648],[-108.711,31.379],[-108.715,30.864],[-108.502,30.32],[-107.927,29.536],[-108.543,29.267],[-108.523,29.116],[-108.145,28.928],[-108.863,28.36],[-109.065,28.336],[-109.353,28.346],[-110.011,28.749],[-110.276,28.952],[-110.936,30.137],[-110.96,30.772]]]]}},{"type":"Feature","properties":{"NAME":"Matawai","SUBJECTO":"Matawai","PARTOF":"Matawai","BORDERPRECISION":"1"},"bbox":[-56.23,3.688,-55.301,5.316],"geometry":{"type":"MultiPolygon","coordinates":[[[[-55.358,5.316],[-55.301,5.172],[-55.523,4.448],[-55.708,4.303],[-55.868,3.801],[-56.177,3.688],[-56.23,4.154],[-55.932,4.275],[-55.651,5.057],[-55.358,5.316]]]]}},{"type":"Feature","properties":{"NAME":"Pericú","SUBJECTO":"Pericú","PARTOF":"Pericú","BORDERPRECISION":"1"},"bbox":[-110.35,22.867,-109.429,24.315],"geometry":{"type":"MultiPolygon","coordinates":[[[[-110.31,24.226],[-110.205,24.315],[-109.824,23.693],[-109.489,23.573],[-109.429,23.433],[-109.517,23.192],[-109.889,22.867],[-110.004,22.885],[-110.35,23.574],[-110.154,23.904],[-110.31,24.226]]]]}},{"type":"Feature","properties":{"NAME":"Jiwere","SUBJECTO":"Jiwere","PARTOF":"Jiwere","BORDERPRECISION":"1"},"bbox":[-97.201,39.815,-94.504,41.249],"geometry":{"type":"MultiPolygon","coordinates":[[[[-97.077,40.786],[-97.003,41.249],[-95.361,41.146],[-94.504,40.664],[-95.054,39.859],[-96.629,39.815],[-97.009,39.893],[-97.201,40.454],[-97.077,40.786]]]]}},{"type":"Feature","properties":{"NAME":"Quechan (Kwatsáan)","SUBJECTO":"Quechan (Kwatsáan)","PARTOF":"Quechan (Kwatsáan)","BORDERPRECISION":"1"},"bbox":[-115.587,32.418,-113.781,33.907],"geometry":{"type":"MultiPolygon","coordinates":[[[[-114.36,32.418],[-115.29,32.68],[-115.133,32.9],[-115.116,33.319],[-115.587,33.688],[-115.269,33.715],[-115.049,33.907],[-114.144,33.767],[-113.781,33.163],[-113.791,32.797],[-114.36,32.418]]]]}},{"type":"Feature","properties":{"NAME":"Xawiƚƚ kwñchawaay (Cocopah)","SUBJECTO":"Xawiƚƚ kwñchawaay (Cocopah)","PARTOF":"Xawiƚƚ kwñchawaay (Cocopah)","BORDERPRECISION":"1"},"bbox":[-116.48,30.7,-112.523,34.484],"geometry":{"type":"MultiPolygon","coordinates":[[[[-114.082,31.544],[-114.839,31.815],[-114.988,31.166],[-114.734,30.814],[-115.008,30.7],[-115.325,31.296],[-115.711,31.408],[-116.432,31.981],[-116.281,32.601],[-116.48,33.372],[-115.218,34.07],[-114.723,34.125],[-114.405,34.373],[-113.025,34.484],[-112.523,33.21],[-112.533,32.78],[-112.823,31.882],[-114.033,31.683],[-114.082,31.544]]]]}},{"type":"Feature","properties":{"NAME":"Huancas","SUBJECTO":"Huancas","PARTOF":"Huancas","BORDERPRECISION":"1"},"bbox":[-78.225,-12.311,-74.763,-5.96],"geometry":{"type":"MultiPolygon","coordinates":[[[[-75.562,-12.311],[-75.97,-12.062],[-76.398,-11.461],[-76.435,-11.137],[-76.09,-10.829],[-77.844,-6.5],[-78.112,-6.438],[-78.225,-6.273],[-78.105,-5.96],[-77.641,-5.987],[-77.533,-6.106],[-77.58,-6.348],[-77.835,-6.498],[-76.082,-10.829],[-75.237,-10.854],[-74.776,-11.23],[-74.763,-11.574],[-74.945,-11.936],[-75.231,-12.26],[-75.562,-12.311]]]]}},{"type":"Feature","properties":{"NAME":"Snuneymuxw","SUBJECTO":"Snuneymuxw","PARTOF":"Snuneymuxw","BORDERPRECISION":"1"},"bbox":[-124.615,48.882,-123.686,49.308],"geometry":{"type":"MultiPolygon","coordinates":[[[[-124.176,49.308],[-123.861,49.158],[-123.686,48.882],[-124.549,48.968],[-124.615,49.216],[-124.176,49.308]]]]}},{"type":"Feature","properties":{"NAME":"Cowlitz","SUBJECTO":"Cowlitz","PARTOF":"Cowlitz","BORDERPRECISION":"1"},"bbox":[-123.847,45.47,-121.385,47.18],"geometry":{"type":"MultiPolygon","coordinates":[[[[-122.376,45.55],[-122.819,45.478],[-123.051,45.999],[-123.285,46.151],[-123.28,46.355],[-123.758,46.52],[-123.847,46.697],[-123.04,46.671],[-123.114,46.808],[-123.011,47.067],[-122.811,47.18],[-122.769,46.93],[-122.352,46.825],[-122.408,46.662],[-122.255,46.615],[-121.879,46.62],[-121.656,46.825],[-121.39,46.839],[-121.385,46.399],[-121.508,46.343],[-121.395,46.161],[-121.77,46.002],[-121.776,45.47],[-122.376,45.55]]]]}},{"type":"Feature","properties":{"NAME":"Tübatulabal","SUBJECTO":"Tübatulabal","PARTOF":"Tübatulabal","BORDERPRECISION":"1"},"bbox":[-118.795,35.514,-117.949,36.739],"geometry":{"type":"MultiPolygon","coordinates":[[[[-118.334,36.739],[-118.114,36.465],[-117.949,35.773],[-118.707,35.514],[-118.575,35.836],[-118.795,36.058],[-118.586,36.04],[-118.597,36.58],[-118.334,36.739]]]]}},{"type":"Feature","properties":{"NAME":"Nestucca","SUBJECTO":"Nestucca","PARTOF":"Nestucca","BORDERPRECISION":"1"},"bbox":[-123.947,45.076,-123.373,45.382],"geometry":{"type":"MultiPolygon","coordinates":[[[[-123.947,45.382],[-123.373,45.324],[-123.672,45.262],[-123.799,45.156],[-123.703,45.076],[-123.925,45.08],[-123.947,45.382]]]]}},{"type":"Feature","properties":{"NAME":"Tupari","SUBJECTO":"Tupari","PARTOF":"Tupari","BORDERPRECISION":"1"},"bbox":[-62.984,-12.466,-62.589,-11.993],"geometry":{"type":"MultiPolygon","coordinates":[[[[-62.984,-12.376],[-62.921,-12.103],[-62.71,-11.993],[-62.589,-12.067],[-62.693,-12.466],[-62.984,-12.376]]]]}},{"type":"Feature","properties":{"NAME":"Tacana","SUBJECTO":"Tacana","PARTOF":"Tacana","BORDERPRECISION":"1"},"bbox":[-68.464,-14.596,-67.066,-12.994],"geometry":{"type":"MultiPolygon","coordinates":[[[[-67.542,-14.596],[-67.862,-14.492],[-68.14,-14.194],[-68.418,-14.148],[-68.464,-13.583],[-68.031,-13.265],[-67.066,-12.994],[-67.464,-13.784],[-67.542,-14.596]]]]}},{"type":"Feature","properties":{"NAME":"Tongva","SUBJECTO":"Tongva","PARTOF":"Tongva","BORDERPRECISION":"1"},"bbox":[-118.715,33.462,-117.059,34.452],"geometry":{"type":"MultiPolygon","coordinates":[[[[-117.709,33.529],[-118.288,33.843],[-118.438,33.794],[-118.715,34.106],[-118.668,34.236],[-117.927,34.452],[-117.576,34.425],[-117.114,34.162],[-117.059,34.069],[-117.235,33.998],[-117.312,33.788],[-117.639,33.462],[-117.709,33.529]]]]}},{"type":"Feature","properties":{"NAME":"Iowa (Oklahoma)","SUBJECTO":"Iowa (Oklahoma)","PARTOF":"Iowa (Oklahoma)","BORDERPRECISION":"1"},"bbox":[-97.247,35.64,-96.909,36.027],"geometry":{"type":"MultiPolygon","coordinates":[[[[-96.911,35.64],[-97.247,35.658],[-97.247,35.972],[-96.909,36.027],[-96.911,35.64]]]]}},{"type":"Feature","properties":{"NAME":"Nahuas","SUBJECTO":"Nahuas","PARTOF":"Nahuas","BORDERPRECISION":"1"},"bbox":[-104.483,19.279,-104.061,19.627],"geometry":{"type":"MultiPolygon","coordinates":[[[[-104.061,19.503],[-104.118,19.303],[-104.328,19.279],[-104.483,19.505],[-104.349,19.627],[-104.061,19.503]]]]}},{"type":"Feature","properties":{"NAME":"Pacamoro","SUBJECTO":"Pacamoro","PARTOF":"Pacamoro","BORDERPRECISION":"1"},"bbox":[-79.333,-5.803,-78.623,-4.538],"geometry":{"type":"MultiPolygon","coordinates":[[[[-79.262,-5.621],[-79.333,-5.014],[-79.102,-4.538],[-78.938,-4.686],[-78.623,-5.565],[-78.845,-5.803],[-79.262,-5.621]]]]}},{"type":"Feature","properties":{"NAME":"Manteño-Huancavilca","SUBJECTO":"Manteño-Huancavilca","PARTOF":"Manteño-Huancavilca","BORDERPRECISION":"1"},"bbox":[-80.966,-2.987,-79.629,-0.568],"geometry":{"type":"MultiPolygon","coordinates":[[[[-79.762,-2.797],[-79.813,-2.17],[-80.357,-2.728],[-80.961,-2.355],[-80.741,-2.119],[-80.754,-1.452],[-80.966,-1.033],[-80.339,-0.663],[-80.416,-0.568],[-80.232,-0.787],[-80.088,-1.849],[-79.629,-2.495],[-79.678,-2.914],[-79.866,-2.987],[-79.762,-2.797]]]]}},{"type":"Feature","properties":{"NAME":"Matses (Matis)","SUBJECTO":"Matses (Matis)","PARTOF":"Matses (Matis)","BORDERPRECISION":"1"},"bbox":[-71.323,-5.986,-70.875,-5.298],"geometry":{"type":"MultiPolygon","coordinates":[[[[-71.148,-5.298],[-70.947,-5.342],[-70.875,-5.566],[-70.915,-5.92],[-71.099,-5.986],[-71.323,-5.65],[-71.148,-5.298]]]]}},{"type":"Feature","properties":{"NAME":"Nitassinan (Innu)","SUBJECTO":"Nitassinan (Innu)","PARTOF":"Nitassinan (Innu)","BORDERPRECISION":"1"},"bbox":[-74.137,47.741,-55.659,56.879],"geometry":{"type":"MultiPolygon","coordinates":[[[[-62.286,56.694],[-61.928,56.273],[-60.57,55.708],[-60.47,55.254],[-60.575,55.071],[-59.891,54.749],[-58.078,54.303],[-58.844,54.148],[-59.399,53.866],[-59.992,53.805],[-60.246,53.277],[-59.181,53.519],[-58.64,53.868],[-57.714,54.117],[-57.191,53.776],[-57.269,53.616],[-57.072,53.504],[-56.905,52.892],[-56.678,52.737],[-56.002,52.723],[-56.11,52.605],[-55.659,52.187],[-56.964,51.488],[-58.524,51.379],[-59.44,50.644],[-60.138,50.412],[-61.64,50.277],[-66.373,50.314],[-66.855,50.089],[-67.318,49.425],[-68.307,49.227],[-69.826,48.168],[-70.851,48.34],[-71.079,47.927],[-71.29,47.807],[-71.973,47.741],[-72.836,47.883],[-73.812,49.176],[-74.137,49.293],[-73.482,50.543],[-72.593,51.192],[-71.815,51.487],[-71.474,51.75],[-71.067,52.54],[-70.965,53.438],[-70.423,54.397],[-68.01,55.336],[-67.264,55.872],[-66.548,56.605],[-66.246,56.722],[-65.404,56.879],[-62.286,56.694]]]]}},{"type":"Feature","properties":{"NAME":"Guarasugwe","SUBJECTO":"Guarasugwe","PARTOF":"Guarasugwe","BORDERPRECISION":"1"},"bbox":[-61.837,-15.135,-60.665,-13.053],"geometry":{"type":"MultiPolygon","coordinates":[[[[-61.837,-13.517],[-61.662,-13.115],[-61.064,-13.053],[-60.912,-13.183],[-60.665,-14.236],[-60.7,-15.065],[-60.799,-15.135],[-61.374,-15.118],[-61.531,-14.899],[-61.798,-14.241],[-61.837,-13.517]]]]}},{"type":"Feature","properties":{"NAME":"Yakama","SUBJECTO":"Yakama","PARTOF":"Yakama","BORDERPRECISION":"1"},"bbox":[-121.84,45.597,-117.803,48.474],"geometry":{"type":"MultiPolygon","coordinates":[[[[-119.693,45.929],[-120.484,45.645],[-121.19,45.597],[-121.782,45.682],[-121.84,45.798],[-121.835,46.066],[-121.387,46.394],[-121.62,46.773],[-121.46,46.914],[-121.517,47.16],[-121.11,47.458],[-121.022,47.718],[-121.146,47.836],[-120.903,48.091],[-120.967,48.405],[-120.88,48.471],[-120.638,48.474],[-119.891,47.954],[-119.232,47.91],[-119.045,47.153],[-119.155,47.003],[-117.803,46.921],[-118.067,46.77],[-118.133,46.574],[-119.034,46.241],[-119.287,46.287],[-119.385,46.605],[-119.55,46.627],[-119.572,46.302],[-119.418,45.997],[-119.693,45.929]]]]}},{"type":"Feature","properties":{"NAME":"Nahua","SUBJECTO":"Nahua","PARTOF":"Nahua","BORDERPRECISION":"1"},"bbox":[-90.069,13.297,-88.506,14.419],"geometry":{"type":"MultiPolygon","coordinates":[[[[-89.402,13.482],[-90.069,13.73],[-89.878,14.099],[-89.627,13.899],[-89.719,14.137],[-89.594,14.419],[-89.006,13.951],[-88.782,13.966],[-88.506,13.738],[-88.778,13.297],[-89.402,13.482]]]]}},{"type":"Feature","properties":{"NAME":"Guna of Madugandí","SUBJECTO":"Guna of Madugandí","PARTOF":"Guna of Madugandí","BORDERPRECISION":"1"},"bbox":[-78.824,8.885,-78.058,9.373],"geometry":{"type":"MultiPolygon","coordinates":[[[[-78.824,9.217],[-78.771,9.373],[-78.496,9.327],[-78.373,9.165],[-78.058,9.078],[-78.178,8.885],[-78.41,8.906],[-78.824,9.217]]]]}},{"type":"Feature","properties":{"NAME":"Mehin","SUBJECTO":"Mehin","PARTOF":"Mehin","BORDERPRECISION":"1"},"bbox":[-47.769,-8.781,-46.298,-7.642],"geometry":{"type":"MultiPolygon","coordinates":[[[[-47.769,-8.355],[-47.261,-7.793],[-46.63,-7.642],[-46.391,-7.717],[-46.327,-7.864],[-46.298,-8.487],[-46.995,-8.781],[-47.472,-8.776],[-47.769,-8.355]]]]}},{"type":"Feature","properties":{"NAME":"ƛaʔuukʷiʔatḥ (Tla-o-qui-aht)","SUBJECTO":"ƛaʔuukʷiʔatḥ (Tla-o-qui-aht)","PARTOF":"ƛaʔuukʷiʔatḥ (Tla-o-qui-aht)","BORDERPRECISION":"1"},"bbox":[-125.944,49.056,-125.282,49.36],"geometry":{"type":"MultiPolygon","coordinates":[[[[-125.46,49.168],[-125.645,49.056],[-125.944,49.163],[-125.723,49.189],[-125.598,49.36],[-125.282,49.225],[-125.46,49.168]]]]}},{"type":"Feature","properties":{"NAME":"Nicarao/Nahoa","SUBJECTO":"Nicarao/Nahoa","PARTOF":"Nicarao/Nahoa","BORDERPRECISION":"1"},"bbox":[-86.172,11.085,-85.458,11.684],"geometry":{"type":"MultiPolygon","coordinates":[[[[-85.733,11.085],[-86.172,11.566],[-85.772,11.684],[-85.513,11.576],[-85.458,11.341],[-85.733,11.085]]]]}},{"type":"Feature","properties":{"NAME":"Kalinago (Island Carib)","SUBJECTO":"Kalinago (Island Carib)","PARTOF":"Kalinago (Island Carib)","BORDERPRECISION":"1"},"bbox":[-64.896,10.037,-59.429,17.775],"geometry":{"type":"MultiPolygon","coordinates":[[[[-61.034,14.829],[-60.83,14.57],[-60.855,14.403],[-61.034,14.466],[-61.232,14.809],[-61.034,14.829]]],[[[-61.395,15.359],[-61.452,15.632],[-61.267,15.517],[-61.28,15.237],[-61.374,15.202],[-61.395,15.359]]],[[[-61.051,13.771],[-60.92,14.106],[-60.9,13.778],[-61.051,13.771]]],[[[-61.124,13.243],[-61.184,13.13],[-61.281,13.208],[-61.177,13.384],[-61.124,13.243]]],[[[-61.523,16.393],[-61.457,16.513],[-61.206,16.267],[-61.567,16.227],[-61.559,16.034],[-61.691,15.946],[-61.794,16.307],[-61.582,16.275],[-61.523,16.393]]],[[[-61.675,10.461],[-61.809,10.725],[-61.114,10.822],[-61.237,10.63],[-61.207,10.118],[-61.834,10.037],[-61.974,10.122],[-61.653,10.279],[-61.675,10.461]]],[[[-61.744,17.137],[-61.683,17.027],[-61.881,17.02],[-61.744,17.137]]],[[[-59.631,13.335],[-59.429,13.165],[-59.5,13.059],[-59.629,13.103],[-59.631,13.335]]],[[[-61.743,17.653],[-61.733,17.541],[-61.875,17.699],[-61.743,17.653]]],[[[-61.231,15.877],[-61.329,15.929],[-61.267,16.015],[-61.231,15.877]]],[[[-64.565,17.757],[-64.896,17.677],[-64.871,17.775],[-64.565,17.757]]],[[[-62.725,17.284],[-62.856,17.386],[-62.622,17.224],[-62.725,17.284]]]]}},{"type":"Feature","properties":{"NAME":"Ktunaxa ɁamakɁis","SUBJECTO":"Ktunaxa ɁamakɁis","PARTOF":"Ktunaxa ɁamakɁis","BORDERPRECISION":"1"},"bbox":[-120.114,46.332,-111.901,53.127],"geometry":{"type":"MultiPolygon","coordinates":[[[[-118.356,48.98],[-118.521,49.361],[-118.521,50.695],[-119.213,51.131],[-119.674,51.625],[-120.114,52.59],[-120.114,52.949],[-118.982,53.127],[-117.784,53.035],[-115.884,52.436],[-114.543,51.795],[-113.698,51.048],[-112.824,49.884],[-112.17,49.236],[-111.901,48.107],[-112.044,47.458],[-112.5,46.845],[-113.005,46.529],[-114.126,46.332],[-117.916,47.272],[-118.279,47.643],[-118.323,47.931],[-118.191,48.21],[-118.356,48.98]]]]}},{"type":"Feature","properties":{"NAME":"Achuar","SUBJECTO":"Achuar","PARTOF":"Achuar","BORDERPRECISION":"1"},"bbox":[-77.644,-5.154,-74.272,-1.782],"geometry":{"type":"MultiPolygon","coordinates":[[[[-77.455,-2.87],[-77.303,-2.313],[-77.49,-2.216],[-77.498,-1.976],[-77.643,-1.914],[-77.586,-1.782],[-77.095,-2.024],[-76.986,-2.324],[-76.393,-2.108],[-76.351,-2.369],[-76.008,-2.567],[-75.518,-3.166],[-74.602,-3.493],[-74.334,-3.694],[-74.272,-3.91],[-75.08,-3.9],[-76.035,-3.427],[-76.423,-4.2],[-75.477,-4.906],[-75.489,-5.154],[-76.456,-4.617],[-77.513,-4.643],[-77.537,-4.469],[-77.193,-3.813],[-77.429,-3.386],[-77.644,-3.271],[-77.455,-2.87]]]]}},{"type":"Feature","properties":{"NAME":"El Pom Wintu","SUBJECTO":"El Pom Wintu","PARTOF":"El Pom Wintu","BORDERPRECISION":"1"},"bbox":[-122.711,40.5,-122.319,40.687],"geometry":{"type":"MultiPolygon","coordinates":[[[[-122.423,40.687],[-122.319,40.5],[-122.711,40.667],[-122.423,40.687]]]]}},{"type":"Feature","properties":{"NAME":"Semiahmoo","SUBJECTO":"Semiahmoo","PARTOF":"Semiahmoo","BORDERPRECISION":"1"},"bbox":[-122.9,48.856,-122.519,49.145],"geometry":{"type":"MultiPolygon","coordinates":[[[[-122.9,49.067],[-122.733,49.145],[-122.519,49.017],[-122.632,48.856],[-122.9,49.067]]]]}},{"type":"Feature","properties":{"NAME":"Shawanaua","SUBJECTO":"Shawanaua","PARTOF":"Shawanaua","BORDERPRECISION":"1"},"bbox":[-72.717,-8.835,-72.1,-7.999],"geometry":{"type":"MultiPolygon","coordinates":[[[[-72.717,-8.202],[-72.539,-7.999],[-72.202,-8.146],[-72.1,-8.51],[-72.218,-8.743],[-72.443,-8.835],[-72.668,-8.678],[-72.717,-8.202]]]]}},{"type":"Feature","properties":{"NAME":"Kecoughtan","SUBJECTO":"Kecoughtan","PARTOF":"Kecoughtan","BORDERPRECISION":"1"},"bbox":[-76.582,37.029,-76.283,37.236],"geometry":{"type":"MultiPolygon","coordinates":[[[[-76.283,37.056],[-76.417,37.029],[-76.582,37.208],[-76.388,37.236],[-76.283,37.056]]]]}},{"type":"Feature","properties":{"NAME":"Kalispel","SUBJECTO":"Kalispel","PARTOF":"Kalispel","BORDERPRECISION":"1"},"bbox":[-117.653,47.387,-114.714,49.095],"geometry":{"type":"MultiPolygon","coordinates":[[[[-115.647,47.47],[-116.071,47.979],[-116.439,47.85],[-117.12,47.861],[-117.235,47.938],[-116.884,48.012],[-116.933,48.129],[-117.323,48.06],[-117.653,48.188],[-117.507,48.564],[-117.614,48.702],[-117.581,49.095],[-116.785,48.998],[-116.51,48.477],[-116.29,48.546],[-115.966,48.181],[-115.67,48.243],[-115.335,48.075],[-115.21,48.227],[-114.768,48.165],[-114.714,47.432],[-115.091,47.387],[-115.156,47.446],[-114.994,47.499],[-115.088,47.539],[-115.647,47.47]]]]}},{"type":"Feature","properties":{"NAME":"Takelma","SUBJECTO":"Takelma","PARTOF":"Takelma","BORDERPRECISION":"1"},"bbox":[-123.794,41.968,-122.009,42.82],"geometry":{"type":"MultiPolygon","coordinates":[[[[-123.794,42.711],[-123.657,42.82],[-123.179,42.691],[-122.009,42.82],[-122.206,42.456],[-122.476,42.379],[-122.679,42.057],[-122.953,41.968],[-123.788,41.972],[-123.794,42.711]]]]}},{"type":"Feature","properties":{"NAME":"Pacahuara","SUBJECTO":"Pacahuara","PARTOF":"Pacahuara","BORDERPRECISION":"1"},"bbox":[-67.086,-12.495,-65.441,-9.952],"geometry":{"type":"MultiPolygon","coordinates":[[[[-66.7,-10.261],[-65.932,-9.952],[-65.705,-9.999],[-65.501,-10.227],[-65.441,-11.806],[-65.636,-12.286],[-65.887,-12.482],[-66.656,-12.495],[-66.995,-12.048],[-67.086,-11.193],[-66.7,-10.261]]]]}},{"type":"Feature","properties":{"NAME":"sq̓əc̓iy̓aɁɬ təməxʷ (Katzie)","SUBJECTO":"sq̓əc̓iy̓aɁɬ təməxʷ (Katzie)","PARTOF":"sq̓əc̓iy̓aɁɬ təməxʷ (Katzie)","BORDERPRECISION":"1"},"bbox":[-123.039,49.052,-122.311,49.921],"geometry":{"type":"MultiPolygon","coordinates":[[[[-122.9,49.067],[-123.039,49.168],[-122.808,49.219],[-122.676,49.423],[-122.989,49.872],[-122.753,49.921],[-122.311,49.379],[-122.717,49.052],[-122.9,49.067]]]]}},{"type":"Feature","properties":{"NAME":"Pennacook","SUBJECTO":"Pennacook","PARTOF":"Pennacook","BORDERPRECISION":"1"},"bbox":[-72.818,42.526,-70.553,43.45],"geometry":{"type":"MultiPolygon","coordinates":[[[[-70.686,43.099],[-70.83,42.839],[-71.152,42.666],[-72.089,42.526],[-72.482,42.599],[-72.818,42.924],[-72.561,43.294],[-72.011,43.45],[-70.553,43.37],[-70.686,43.099]]]]}},{"type":"Feature","properties":{"NAME":"Yuhaviatam/Maarenga’yam (Serrano)","SUBJECTO":"Yuhaviatam/Maarenga’yam (Serrano)","PARTOF":"Yuhaviatam/Maarenga’yam (Serrano)","BORDERPRECISION":"1"},"bbox":[-118.707,33.848,-114.884,35.434],"geometry":{"type":"MultiPolygon","coordinates":[[[[-116.202,35.434],[-115.917,35.389],[-115.752,35.21],[-116.125,34.958],[-115.873,34.633],[-115.488,34.525],[-114.884,34.044],[-116.115,33.852],[-116.901,33.996],[-117.056,33.848],[-117.433,34.216],[-118.499,34.642],[-118.707,34.886],[-117.927,34.778],[-117.795,34.994],[-116.202,35.434]]]]}},{"type":"Feature","properties":{"NAME":"Winik Atel (Tzeltal)","SUBJECTO":"Winik Atel (Tzeltal)","PARTOF":"Winik Atel (Tzeltal)","BORDERPRECISION":"1"},"bbox":[-94.074,15.691,-90.334,17.988],"geometry":{"type":"MultiPolygon","coordinates":[[[[-91.905,16.235],[-92.03,16.183],[-92.03,15.877],[-92.322,15.901],[-92.551,15.697],[-92.902,15.691],[-93.107,15.841],[-92.804,16.142],[-92.798,16.311],[-93.181,16.815],[-93.71,16.679],[-93.849,16.457],[-94.074,16.648],[-92.977,16.85],[-92.903,17.201],[-92.274,17.649],[-91.694,17.828],[-91.548,17.988],[-91.067,17.94],[-91.008,17.306],[-91.355,17.227],[-90.41,16.467],[-90.334,16.179],[-90.472,16.049],[-91.054,16.035],[-91.905,16.235]]]]}},{"type":"Feature","properties":{"NAME":"Pawnee (Oklahoma)","SUBJECTO":"Pawnee (Oklahoma)","PARTOF":"Pawnee (Oklahoma)","BORDERPRECISION":"1"},"bbox":[-96.925,36.047,-96.603,36.565],"geometry":{"type":"MultiPolygon","coordinates":[[[[-96.603,36.385],[-96.623,36.047],[-96.82,36.059],[-96.925,36.463],[-96.769,36.565],[-96.603,36.385]]]]}},{"type":"Feature","properties":{"NAME":"Ho-de-no-sau-nee-ga (Haudenosaunee)","SUBJECTO":"Ho-de-no-sau-nee-ga (Haudenosaunee)","PARTOF":"Ho-de-no-sau-nee-ga (Haudenosaunee)","BORDERPRECISION":"1"},"bbox":[-81.47,41.544,-73.336,45.674],"geometry":{"type":"MultiPolygon","coordinates":[[[[-80.071,44.52],[-80.081,44.824],[-79.671,44.75],[-79.821,44.911],[-79.667,44.935],[-77.653,44.23],[-76.967,44.235],[-77.53,44.087],[-76.881,44.093],[-77.05,43.917],[-76.897,43.936],[-77.175,43.843],[-77.623,44.01],[-79.153,43.772],[-79.891,43.269],[-79.189,43.209],[-78.237,43.371],[-77.523,43.19],[-76.937,43.237],[-76.174,43.625],[-76.289,43.85],[-76.051,44.008],[-76.348,44.069],[-76.017,44.336],[-77.063,44.075],[-76.885,44.159],[-77.034,44.129],[-76.959,44.236],[-76.549,44.289],[-76.05,45.13],[-75.422,45.437],[-74.192,45.674],[-73.554,45.652],[-73.336,45.467],[-73.367,44.358],[-73.652,42.429],[-74.041,42.094],[-75.621,41.641],[-79.337,41.544],[-80.581,41.641],[-81.124,41.805],[-80.073,42.153],[-78.875,42.804],[-79.637,42.853],[-80.395,42.657],[-80.088,42.543],[-81.47,42.571],[-80.69,43.271],[-80.071,44.52]]]]}},{"type":"Feature","properties":{"NAME":"We Wai Kum","SUBJECTO":"We Wai Kum","PARTOF":"We Wai Kum","BORDERPRECISION":"1"},"bbox":[-126.237,49.33,-124.286,50.947],"geometry":{"type":"MultiPolygon","coordinates":[[[[-124.939,50.596],[-125.645,50.613],[-125.419,50.912],[-125.209,50.947],[-124.981,50.814],[-124.819,50.93],[-124.939,50.596]]],[[[-124.881,49.576],[-124.286,49.33],[-124.862,49.541],[-125.737,49.52],[-125.69,49.609],[-125.914,49.774],[-125.913,50.024],[-126.237,50.022],[-125.998,50.287],[-126.01,50.423],[-126.22,50.467],[-125.719,50.409],[-124.881,49.576]]]]}},{"type":"Feature","properties":{"NAME":"Quileute","SUBJECTO":"Quileute","PARTOF":"Quileute","BORDERPRECISION":"1"},"bbox":[-124.726,47.621,-123.6,48.118],"geometry":{"type":"MultiPolygon","coordinates":[[[[-124.726,48.118],[-124.019,48.081],[-123.6,47.802],[-124.385,47.621],[-124.726,48.118]]]]}},{"type":"Feature","properties":{"NAME":"Tr’ondëk Hwëch’in","SUBJECTO":"Tr’ondëk Hwëch’in","PARTOF":"Tr’ondëk Hwëch’in","BORDERPRECISION":"1"},"bbox":[-141.042,62.624,-136.934,66.187],"geometry":{"type":"MultiPolygon","coordinates":[[[[-141.042,66.107],[-139.395,66.187],[-137.834,66.089],[-137.219,65.92],[-136.934,64.091],[-137.131,63.617],[-137.527,63.214],[-138.823,62.704],[-140.317,62.624],[-141.021,62.775],[-141.042,66.107]]]]}},{"type":"Feature","properties":{"NAME":"Popoluca (mixe-zoque)","SUBJECTO":"Popoluca (mixe-zoque)","PARTOF":"Popoluca (mixe-zoque)","BORDERPRECISION":"1"},"bbox":[-95.128,17.175,-94.243,17.817],"geometry":{"type":"MultiPolygon","coordinates":[[[[-95.114,17.673],[-95.128,17.806],[-94.521,17.817],[-94.243,17.445],[-94.309,17.175],[-94.752,17.243],[-95.111,17.524],[-95.114,17.673]]]]}},{"type":"Feature","properties":{"NAME":"Muteamasa (Karapanã)","SUBJECTO":"Muteamasa (Karapanã)","PARTOF":"Muteamasa (Karapanã)","BORDERPRECISION":"1"},"bbox":[-71.096,0.157,-69.396,0.921],"geometry":{"type":"MultiPolygon","coordinates":[[[[-70.595,0.921],[-70.125,0.519],[-69.526,0.387],[-69.396,0.244],[-69.609,0.157],[-70.272,0.222],[-71.05,0.433],[-71.096,0.626],[-70.595,0.921]]]]}},{"type":"Feature","properties":{"NAME":"ᏣᎳᎫᏪᏘᏱ Tsalaguwetiyi (Cherokee, East)","SUBJECTO":"ᏣᎳᎫᏪᏘᏱ Tsalaguwetiyi (Cherokee, East)","PARTOF":"ᏣᎳᎫᏪᏘᏱ Tsalaguwetiyi (Cherokee, East)","BORDERPRECISION":"1"},"bbox":[-88.726,33.395,-80.42,39.079],"geometry":{"type":"MultiPolygon","coordinates":[[[[-80.837,36.492],[-82.046,35.675],[-81.65,35.496],[-81.277,35.586],[-81.123,35.461],[-81.013,34.597],[-80.42,33.779],[-80.969,33.395],[-82.441,33.962],[-82.244,33.743],[-82.551,33.743],[-82.815,33.962],[-83.079,33.998],[-84.155,33.761],[-86.177,34.053],[-86.353,33.889],[-86.792,33.852],[-88.066,34.398],[-88.726,35.282],[-88.506,35.425],[-88.418,35.764],[-88,36.227],[-88.044,36.704],[-88.484,37.265],[-88.066,37.457],[-88.088,37.753],[-87.495,37.962],[-86.924,37.892],[-85.847,38.135],[-85.254,38.686],[-84.705,38.857],[-84.683,39.062],[-84.331,39.079],[-84.199,38.84],[-83.65,38.634],[-82.925,38.651],[-82.485,38.411],[-82.244,38.428],[-82.024,39.028],[-81.716,38.891],[-81.562,38.238],[-81.365,38.186],[-80.991,37.753],[-80.925,37.248],[-80.76,37.125],[-81.321,36.668],[-81.233,36.527],[-80.837,36.492]]]]}},{"type":"Feature","properties":{"NAME":"Purehno","SUBJECTO":"Purehno","PARTOF":"Purehno","BORDERPRECISION":"1"},"bbox":[-58.385,-1.298,-56.488,0.948],"geometry":{"type":"MultiPolygon","coordinates":[[[[-58.385,-0.679],[-58.182,-0.053],[-57.932,0.167],[-57.811,0.779],[-57.308,0.948],[-56.951,0.913],[-56.588,0.264],[-56.488,-0.359],[-56.947,-0.882],[-57.017,-1.265],[-57.443,-1.298],[-57.926,-1.12],[-58.385,-0.679]]]]}},{"type":"Feature","properties":{"NAME":"Natchez","SUBJECTO":"Natchez","PARTOF":"Natchez","BORDERPRECISION":"1"},"bbox":[-93.263,30.83,-89.425,32.51],"geometry":{"type":"MultiPolygon","coordinates":[[[[-91.613,32.254],[-90.653,32.51],[-90.154,32.382],[-89.655,31.868],[-89.425,31.286],[-91.306,31.123],[-92.342,30.83],[-93.071,30.863],[-93.263,31.351],[-93.11,31.803],[-91.613,32.254]]]]}},{"type":"Feature","properties":{"NAME":"Nyvukagmit (Naukan)","SUBJECTO":"Nyvukagmit (Naukan)","PARTOF":"Nyvukagmit (Naukan)","BORDERPRECISION":"1"},"bbox":[-171.793,65.561,-169.832,66.295],"geometry":{"type":"MultiPolygon","coordinates":[[[[-170.473,66.295],[-169.832,66.025],[-170.613,66.038],[-170.976,65.678],[-171.485,65.833],[-171.106,66.094],[-170.473,66.295]]],[[[-171.41,65.707],[-171.2,65.561],[-171.793,65.608],[-171.561,65.785],[-171.41,65.707]]]]}},{"type":"Feature","properties":{"NAME":"Wahpekute","SUBJECTO":"Wahpekute","PARTOF":"Wahpekute","BORDERPRECISION":"1"},"bbox":[-96.441,43.934,-92.543,45.586],"geometry":{"type":"MultiPolygon","coordinates":[[[[-96.441,45.133],[-96.338,45.269],[-95.849,45.396],[-92.899,45.586],[-92.712,45.521],[-92.66,45.36],[-92.543,44.393],[-92.672,44.161],[-93.328,43.972],[-95.039,43.934],[-95.311,44.058],[-95.635,44.563],[-96.25,44.86],[-96.441,45.133]]]]}},{"type":"Feature","properties":{"NAME":"Tjer-di/Teribe Broram","SUBJECTO":"Tjer-di/Teribe Broram","PARTOF":"Tjer-di/Teribe Broram","BORDERPRECISION":"1"},"bbox":[-83.62,8.715,-82.529,9.45],"geometry":{"type":"MultiPolygon","coordinates":[[[[-83.255,8.717],[-83.62,8.734],[-83.573,9.417],[-82.553,9.45],[-82.529,9.181],[-82.724,8.924],[-82.951,8.715],[-83.255,8.717]]]]}},{"type":"Feature","properties":{"NAME":"Hopitutskwa","SUBJECTO":"Hopitutskwa","PARTOF":"Hopitutskwa","BORDERPRECISION":"1"},"bbox":[-112.766,34.181,-109.054,37.335],"geometry":{"type":"MultiPolygon","coordinates":[[[[-111.346,37.073],[-110.083,37.335],[-109.737,37.229],[-109.565,36.178],[-109.083,35.775],[-109.054,35.343],[-110.08,34.907],[-109.923,34.654],[-110.42,34.181],[-111.569,34.236],[-112.121,34.877],[-112.465,34.918],[-112.473,35.858],[-112.766,36.314],[-112.492,36.388],[-112.449,36.196],[-111.908,36.046],[-111.805,36.196],[-111.852,36.51],[-111.346,37.073]]]]}},{"type":"Feature","properties":{"NAME":"Mashco Piro","SUBJECTO":"Mashco Piro","PARTOF":"Mashco Piro","BORDERPRECISION":"1"},"bbox":[-72.857,-12.23,-70.335,-9.653],"geometry":{"type":"MultiPolygon","coordinates":[[[[-72.171,-9.991],[-72.018,-10.137],[-71.33,-10.279],[-70.697,-10.978],[-70.536,-10.935],[-70.407,-11.063],[-70.335,-11.362],[-70.576,-12.23],[-70.928,-12.127],[-72.734,-10.593],[-72.857,-10.069],[-72.752,-9.837],[-72.261,-9.653],[-72.171,-9.991]]]]}},{"type":"Feature","properties":{"NAME":"Niúachi","SUBJECTO":"Niúachi","PARTOF":"Niúachi","BORDERPRECISION":"1"},"bbox":[-93.394,38.801,-87.55,44.582],"geometry":{"type":"MultiPolygon","coordinates":[[[[-93.115,39.357],[-93.324,39.182],[-93.394,39.25],[-93.099,39.439],[-90.738,38.924],[-93.115,39.357]]],[[[-87.55,44.201],[-87.763,43.884],[-88.235,44.136],[-90.106,38.801],[-90.619,38.901],[-90.083,38.88],[-88.237,44.132],[-88.493,44.332],[-88.083,44.582],[-87.55,44.397],[-87.55,44.201]]]]}},{"type":"Feature","properties":{"NAME":"In-SHUCK-ch","SUBJECTO":"In-SHUCK-ch","PARTOF":"In-SHUCK-ch","BORDERPRECISION":"1"},"bbox":[-122.97,49.416,-121.693,50.21],"geometry":{"type":"MultiPolygon","coordinates":[[[[-121.932,49.495],[-122.066,49.58],[-122.176,49.416],[-122.561,49.466],[-122.802,49.575],[-122.97,49.847],[-122.69,49.976],[-122.8,50.078],[-122.671,50.179],[-122.281,50.21],[-122.253,49.939],[-122.033,49.815],[-121.72,49.842],[-121.693,49.62],[-121.932,49.495]]]]}},{"type":"Feature","properties":{"NAME":"Stoney","SUBJECTO":"Stoney","PARTOF":"Stoney","BORDERPRECISION":"1"},"bbox":[-119.048,49.838,-113.774,55.053],"geometry":{"type":"MultiPolygon","coordinates":[[[[-119.048,53.173],[-117.949,54.265],[-117.29,54.648],[-116.323,54.952],[-115.093,55.053],[-114.346,54.952],[-113.774,54.317],[-114.082,53.982],[-116.06,53.041],[-115.928,52.803],[-115.269,52.456],[-114.346,51.618],[-114.082,51.179],[-114.126,50.764],[-114.961,49.838],[-115.269,49.895],[-115.049,50.43],[-115.488,50.82],[-115.796,51.372],[-116.499,51.836],[-118.257,52.643],[-119.048,53.173]]]]}},{"type":"Feature","properties":{"NAME":"Walimanai (Baniwa)","SUBJECTO":"Walimanai (Baniwa)","PARTOF":"Walimanai (Baniwa)","BORDERPRECISION":"1"},"bbox":[-71.078,0.421,-66.733,4.621],"geometry":{"type":"MultiPolygon","coordinates":[[[[-70.304,0.473],[-70.753,0.649],[-71.025,1.163],[-71.078,1.845],[-70.952,2.799],[-70.291,3.522],[-68.496,4.475],[-68.035,4.621],[-67.006,4.349],[-66.733,3.847],[-66.754,2.935],[-67.006,1.845],[-67.678,1.111],[-68.696,0.597],[-69.601,0.421],[-70.304,0.473]]]]}},{"type":"Feature","properties":{"NAME":"Narragansett","SUBJECTO":"Narragansett","PARTOF":"Narragansett","BORDERPRECISION":"1"},"bbox":[-71.814,41.391,-71.373,41.978],"geometry":{"type":"MultiPolygon","coordinates":[[[[-71.373,41.837],[-71.449,41.425],[-71.814,41.391],[-71.776,41.863],[-71.384,41.978],[-71.373,41.837]]]]}},{"type":"Feature","properties":{"NAME":"Ineseño","SUBJECTO":"Ineseño","PARTOF":"Ineseño","BORDERPRECISION":"1"},"bbox":[-120.333,34.507,-119.403,34.9],"geometry":{"type":"MultiPolygon","coordinates":[[[[-119.428,34.67],[-119.403,34.507],[-120.303,34.602],[-120.333,34.9],[-119.428,34.67]]]]}},{"type":"Feature","properties":{"NAME":"ᒋᑦ ᐊᔅᒋᓄᐤ St'aschinuw (Naskapi)","SUBJECTO":"ᒋᑦ ᐊᔅᒋᓄᐤ St'aschinuw (Naskapi)","PARTOF":"ᒋᑦ ᐊᔅᒋᓄᐤ St'aschinuw (Naskapi)","BORDERPRECISION":"1"},"bbox":[-72.518,53.09,-63.101,58.229],"geometry":{"type":"MultiPolygon","coordinates":[[[[-64.442,57.816],[-64.048,57.495],[-63.866,56.921],[-63.128,56.001],[-63.101,55.778],[-63.369,55.479],[-63.391,55.191],[-63.853,54.648],[-65.457,54.598],[-66.555,54.902],[-67.28,54.317],[-66.891,53.287],[-67.005,53.09],[-68.601,53.301],[-69.826,54.296],[-71.294,54.626],[-72.311,55.049],[-72.502,55.284],[-72.518,55.457],[-72.133,56.081],[-70.137,56.849],[-69.559,57.711],[-68.912,58.022],[-65.574,58.229],[-64.442,57.816]]]]}},{"type":"Feature","properties":{"NAME":"Ishir Ybytoso","SUBJECTO":"Ishir Ybytoso","PARTOF":"Ishir Ybytoso","BORDERPRECISION":"1"},"bbox":[-59.2,-21.448,-57.775,-19.381],"geometry":{"type":"MultiPolygon","coordinates":[[[[-59.03,-19.394],[-58.875,-19.381],[-58.183,-19.855],[-57.991,-20.601],[-57.775,-20.843],[-57.917,-21.445],[-58.78,-21.448],[-59.134,-21.214],[-59.2,-20.159],[-59.03,-19.394]]]]}},{"type":"Feature","properties":{"NAME":"Rama","SUBJECTO":"Rama","PARTOF":"Rama","BORDERPRECISION":"1"},"bbox":[-85.562,10.301,-83.404,12.032],"geometry":{"type":"MultiPolygon","coordinates":[[[[-83.9,11.888],[-83.914,11.251],[-83.404,10.392],[-83.845,10.405],[-84.185,10.583],[-84.82,10.301],[-85.562,10.47],[-85.425,11.005],[-84.56,11.342],[-84.358,11.748],[-83.89,12.032],[-83.9,11.888]]]]}},{"type":"Feature","properties":{"NAME":"Shiwinna (Zuni)","SUBJECTO":"Shiwinna (Zuni)","PARTOF":"Shiwinna (Zuni)","BORDERPRECISION":"1"},"bbox":[-111.577,33.855,-107.464,35.671],"geometry":{"type":"MultiPolygon","coordinates":[[[[-110.204,35.111],[-109.819,35.344],[-109.797,35.568],[-109.529,35.671],[-107.803,35.434],[-107.936,34.874],[-107.538,34.665],[-107.464,34.436],[-107.907,34.103],[-108.703,33.855],[-108.987,33.893],[-109.356,34.029],[-109.374,34.248],[-109.633,34.38],[-111.275,34.61],[-111.577,35.304],[-110.703,35.265],[-110.594,35.052],[-110.204,35.111]]]]}},{"type":"Feature","properties":{"NAME":"Kauwets'a:ka","SUBJECTO":"Kauwets'a:ka","PARTOF":"Kauwets'a:ka","BORDERPRECISION":"1"},"bbox":[-78.36,36.377,-77.36,36.91],"geometry":{"type":"MultiPolygon","coordinates":[[[[-77.585,36.752],[-77.36,36.545],[-77.547,36.377],[-78.36,36.655],[-78.283,36.91],[-77.585,36.752]]]]}},{"type":"Feature","properties":{"NAME":"Poteskeet","SUBJECTO":"Poteskeet","PARTOF":"Poteskeet","BORDERPRECISION":"1"},"bbox":[-76.324,36.137,-75.793,36.528],"geometry":{"type":"MultiPolygon","coordinates":[[[[-75.961,36.442],[-75.793,36.137],[-75.953,36.333],[-75.953,36.232],[-76.186,36.368],[-76.151,36.271],[-76.324,36.438],[-76.209,36.528],[-75.961,36.442]]]]}},{"type":"Feature","properties":{"NAME":"Me-Wuk (Lake Miwok)","SUBJECTO":"Me-Wuk (Lake Miwok)","PARTOF":"Me-Wuk (Lake Miwok)","BORDERPRECISION":"1"},"bbox":[-122.827,38.746,-122.487,39.002],"geometry":{"type":"MultiPolygon","coordinates":[[[[-122.585,39.002],[-122.487,38.746],[-122.827,38.84],[-122.585,39.002]]]]}},{"type":"Feature","properties":{"NAME":"Waccamaw (Woccon)","SUBJECTO":"Waccamaw (Woccon)","PARTOF":"Waccamaw (Woccon)","BORDERPRECISION":"1"},"bbox":[-79.343,33.459,-77.476,34.803],"geometry":{"type":"MultiPolygon","coordinates":[[[[-77.685,34.264],[-77.786,34.138],[-78.228,34.349],[-78.516,34.206],[-78.627,33.808],[-79.205,33.459],[-79.343,33.664],[-79.321,34.002],[-79.005,34.511],[-79.034,34.803],[-77.627,34.671],[-77.476,34.48],[-77.685,34.264]]]]}},{"type":"Feature","properties":{"NAME":"Wajuru","SUBJECTO":"Wajuru","PARTOF":"Wajuru","BORDERPRECISION":"1"},"bbox":[-64.734,-13.092,-62.22,-11.83],"geometry":{"type":"MultiPolygon","coordinates":[[[[-62.489,-12.898],[-62.22,-13.092],[-62.499,-12.921],[-62.747,-12.951],[-64.464,-11.896],[-64.652,-12.111],[-64.734,-11.967],[-64.528,-11.83],[-62.855,-12.85],[-62.583,-12.746],[-62.489,-12.898]]]]}},{"type":"Feature","properties":{"NAME":"Sicaog (Saukiog)","SUBJECTO":"Sicaog (Saukiog)","PARTOF":"Sicaog (Saukiog)","BORDERPRECISION":"1"},"bbox":[-72.783,41.722,-72.614,41.818],"geometry":{"type":"MultiPolygon","coordinates":[[[[-72.689,41.818],[-72.614,41.739],[-72.783,41.722],[-72.689,41.818]]]]}},{"type":"Feature","properties":{"NAME":"Betoy","SUBJECTO":"Betoy","PARTOF":"Betoy","BORDERPRECISION":"1"},"bbox":[-72.331,6.106,-70.968,6.755],"geometry":{"type":"MultiPolygon","coordinates":[[[[-72.11,6.622],[-71.729,6.755],[-71.138,6.694],[-70.968,6.392],[-71.019,6.264],[-71.4,6.162],[-72.166,6.106],[-72.331,6.413],[-72.11,6.622]]]]}},{"type":"Feature","properties":{"NAME":"Wet'suwet'en Yintikh","SUBJECTO":"Wet'suwet'en Yintikh","PARTOF":"Wet'suwet'en Yintikh","BORDERPRECISION":"1"},"bbox":[-128.083,53.304,-125.193,55.314],"geometry":{"type":"MultiPolygon","coordinates":[[[[-128.083,53.836],[-127.718,54.34],[-127.753,54.601],[-127.895,54.656],[-127.57,54.941],[-127.686,55.011],[-127.596,55.15],[-127.286,55.118],[-127.137,55.314],[-126.754,55.235],[-126.902,55.042],[-126.646,54.72],[-126.085,54.668],[-125.804,54.413],[-125.193,54.228],[-125.484,54.114],[-125.356,54.007],[-125.389,53.832],[-125.587,53.866],[-126.004,53.594],[-126.35,53.616],[-127.133,53.304],[-128.083,53.836]]]]}},{"type":"Feature","properties":{"NAME":"Me-Wuk (Northern Sierra Miwok)","SUBJECTO":"Me-Wuk (Northern Sierra Miwok)","PARTOF":"Me-Wuk (Northern Sierra Miwok)","BORDERPRECISION":"1"},"bbox":[-120.978,37.977,-120.207,38.619],"geometry":{"type":"MultiPolygon","coordinates":[[[[-120.783,37.977],[-120.978,38.069],[-120.871,38.111],[-120.893,38.531],[-120.207,38.619],[-120.228,38.429],[-120.783,37.977]]]]}},{"type":"Feature","properties":{"NAME":"Guaycura","SUBJECTO":"Guaycura","PARTOF":"Guaycura","BORDERPRECISION":"1"},"bbox":[-112.166,23.591,-110.1,25.728],"geometry":{"type":"MultiPolygon","coordinates":[[[[-111.09,25.42],[-110.798,24.88],[-110.772,24.378],[-110.485,24.15],[-110.317,24.223],[-110.1,23.994],[-110.281,23.591],[-111.392,24.243],[-112.166,25.011],[-112.068,25.456],[-112.148,25.7],[-111.997,25.728],[-111.845,25.475],[-111.172,25.585],[-111.09,25.42]]]]}},{"type":"Feature","properties":{"NAME":"Chachi","SUBJECTO":"Chachi","PARTOF":"Chachi","BORDERPRECISION":"1"},"bbox":[-79.963,0.317,-78.536,0.892],"geometry":{"type":"MultiPolygon","coordinates":[[[[-79.918,0.689],[-79.706,0.672],[-79.62,0.354],[-78.914,0.385],[-78.961,0.716],[-78.787,0.892],[-78.607,0.89],[-78.536,0.631],[-78.646,0.429],[-79.843,0.317],[-79.963,0.504],[-79.918,0.689]]]]}},{"type":"Feature","properties":{"NAME":"Hach Winik (Lacandon)","SUBJECTO":"Hach Winik (Lacandon)","PARTOF":"Hach Winik (Lacandon)","BORDERPRECISION":"1"},"bbox":[-92.157,16.067,-90.626,17.138],"geometry":{"type":"MultiPolygon","coordinates":[[[[-91.267,17.111],[-90.626,16.678],[-90.655,16.079],[-91.103,16.067],[-91.217,16.47],[-92.157,16.892],[-91.572,17.138],[-91.267,17.111]]]]}},{"type":"Feature","properties":{"NAME":"Chango","SUBJECTO":"Chango","PARTOF":"Chango","BORDERPRECISION":"1"},"bbox":[-71.43,-29.519,-69.135,-18.206],"geometry":{"type":"MultiPolygon","coordinates":[[[[-71.234,-29.519],[-71.43,-29.1],[-71.142,-27.995],[-70.935,-27.727],[-70.655,-26.259],[-70.683,-25.77],[-70.398,-25.249],[-70.519,-24.455],[-70.359,-23.661],[-70.58,-23.49],[-70.573,-23.166],[-70.292,-22.987],[-70.111,-21.748],[-70.209,-19.067],[-70.422,-18.306],[-70.024,-18.206],[-69.784,-18.292],[-69.36,-19.97],[-69.135,-21.556],[-69.235,-22.78],[-70.009,-26.849],[-70.504,-28.563],[-70.984,-29.519],[-71.234,-29.519]]]]}},{"type":"Feature","properties":{"NAME":"Koasati (Coushatta)","SUBJECTO":"Koasati (Coushatta)","PARTOF":"Koasati (Coushatta)","BORDERPRECISION":"1"},"bbox":[-96.03,30.103,-84.278,35.756],"geometry":{"type":"MultiPolygon","coordinates":[[[[-91.315,31.92],[-92.967,31.753],[-92.46,31.322],[-92.415,31.033],[-92.053,30.648],[-92.013,30.258],[-95.635,30.103],[-96.03,30.528],[-95.671,30.986],[-94.795,31.178],[-93.136,31.8],[-89.317,32.124],[-91.315,31.92]]],[[[-87.602,32.292],[-89.24,32.132],[-87.416,32.315],[-87.602,32.292]]],[[[-86.779,32.461],[-86.522,32.416],[-86.193,32.77],[-86.26,32.661],[-86.113,32.567],[-86.252,32.363],[-86.973,32.32],[-87.152,32.2],[-87.22,32.333],[-87.412,32.315],[-87.215,32.335],[-87.204,32.474],[-86.779,32.461]]],[[[-85.797,33.397],[-86.193,32.77],[-84.278,35.756],[-85.797,33.397]]]]}},{"type":"Feature","properties":{"NAME":"Awaeté","SUBJECTO":"Awaeté","PARTOF":"Awaeté","BORDERPRECISION":"1"},"bbox":[-52.709,-6.025,-49.762,-4.425],"geometry":{"type":"MultiPolygon","coordinates":[[[[-49.762,-4.651],[-50.082,-5.17],[-50.443,-5.013],[-51.38,-5.39],[-51.756,-5.987],[-52.317,-6.025],[-52.654,-5.744],[-52.709,-5.528],[-52.614,-5.45],[-52.096,-5.454],[-51.636,-5.229],[-51.409,-5.272],[-51.38,-5.389],[-50.442,-5.01],[-50.369,-4.621],[-50.072,-4.425],[-49.925,-4.432],[-49.762,-4.651]]]]}},{"type":"Feature","properties":{"NAME":"Diné Bikéyah","SUBJECTO":"Diné Bikéyah","PARTOF":"Diné Bikéyah","BORDERPRECISION":"1"},"bbox":[-111.835,34.237,-107.014,37.888],"geometry":{"type":"MultiPolygon","coordinates":[[[[-108.739,37.49],[-108.07,37.403],[-107.915,37.11],[-107.027,36.754],[-107.014,35.332],[-107.411,35.429],[-108.107,35.292],[-108.643,35.535],[-108.916,35.482],[-109.051,35.312],[-108.839,34.997],[-108.5,34.811],[-107.203,34.515],[-107.216,34.243],[-108.265,34.237],[-110.332,34.695],[-111.26,35.055],[-111.721,35.709],[-111.835,36.527],[-111.472,36.959],[-110.945,37.16],[-110.39,37.888],[-108.739,37.49]]]]}},{"type":"Feature","properties":{"NAME":"Tseshaht","SUBJECTO":"Tseshaht","PARTOF":"Tseshaht","BORDERPRECISION":"1"},"bbox":[-125.509,48.874,-124.433,49.519],"geometry":{"type":"MultiPolygon","coordinates":[[[[-125.196,48.874],[-124.999,49.169],[-125.273,49.168],[-125.509,49.326],[-125.447,49.519],[-125.028,49.49],[-124.433,49.117],[-124.613,49.162],[-124.657,48.99],[-125.196,48.874]]]]}},{"type":"Feature","properties":{"NAME":"Seminole","SUBJECTO":"Seminole","PARTOF":"Seminole","BORDERPRECISION":"1"},"bbox":[-83.995,24.996,-80.078,30.373],"geometry":{"type":"MultiPolygon","coordinates":[[[[-81.405,30.073],[-80.605,28.561],[-80.262,27.197],[-80.078,26.923],[-80.185,25.86],[-80.354,25.548],[-80.314,25.244],[-80.491,24.996],[-80.452,25.208],[-81.098,25.125],[-81.401,25.859],[-81.745,25.921],[-82.142,26.867],[-82.31,26.825],[-82.753,27.528],[-82.62,27.528],[-82.429,27.826],[-82.505,27.928],[-82.717,27.745],[-82.841,27.838],[-82.647,28.907],[-83.995,30.083],[-82.672,30.092],[-81.454,30.373],[-81.405,30.073]]]]}},{"type":"Feature","properties":{"NAME":"Coquille","SUBJECTO":"Coquille","PARTOF":"Coquille","BORDERPRECISION":"1"},"bbox":[-124.164,42.818,-123.513,43.389],"geometry":{"type":"MultiPolygon","coordinates":[[[[-123.598,43.269],[-123.513,42.88],[-123.785,42.818],[-123.956,42.836],[-124.164,43.262],[-123.854,43.389],[-123.598,43.269]]]]}},{"type":"Feature","properties":{"NAME":"Westo","SUBJECTO":"Westo","PARTOF":"Westo","BORDERPRECISION":"1"},"bbox":[-82.342,32.894,-81.493,33.638],"geometry":{"type":"MultiPolygon","coordinates":[[[[-81.624,33.05],[-81.932,32.894],[-82.342,33.131],[-82.003,33.565],[-81.735,33.638],[-81.493,33.508],[-81.624,33.05]]]]}},{"type":"Feature","properties":{"NAME":"Yoli (Concho)","SUBJECTO":"Yoli (Concho)","PARTOF":"Yoli (Concho)","BORDERPRECISION":"1"},"bbox":[-107.764,26.771,-103.786,30.936],"geometry":{"type":"MultiPolygon","coordinates":[[[[-106.2,27.202],[-106.424,27.278],[-106.624,27.178],[-106.868,26.771],[-107.163,27.109],[-107.331,27.397],[-107.21,27.666],[-106.911,27.841],[-106.629,28.234],[-106.542,28.608],[-107.298,29.02],[-107.764,29.584],[-107.483,29.791],[-107.39,30.508],[-106.943,30.649],[-106.689,30.936],[-106.115,30.242],[-105.605,30.119],[-105.061,30.331],[-104.989,30.022],[-105.095,29.694],[-104.85,29.606],[-104.211,29.727],[-103.786,29.484],[-103.817,29.194],[-104.117,29.027],[-104.149,28.787],[-103.826,28.604],[-104.548,27.889],[-104.588,27.264],[-104.701,27.153],[-104.871,27.036],[-105.19,27.249],[-106.2,27.202]]]]}},{"type":"Feature","properties":{"NAME":"Sivuqaq (St. Lawrence Island) Yupik","SUBJECTO":"Sivuqaq (St. Lawrence Island) Yupik","PARTOF":"Sivuqaq (St. Lawrence Island) Yupik","BORDERPRECISION":"1"},"bbox":[-172.052,63.075,-169.119,63.75],"geometry":{"type":"MultiPolygon","coordinates":[[[[-170.966,63.459],[-171.728,63.457],[-172.052,63.6],[-171.739,63.75],[-170.482,63.688],[-169.333,63.397],[-169.119,63.241],[-169.666,63.24],[-169.903,63.075],[-170.966,63.459]]]]}},{"type":"Feature","properties":{"NAME":"Caxas","SUBJECTO":"Caxas","PARTOF":"Caxas","BORDERPRECISION":"1"},"bbox":[-80.215,-5.292,-79.533,-4.663],"geometry":{"type":"MultiPolygon","coordinates":[[[[-80.215,-4.765],[-79.995,-4.663],[-79.745,-4.79],[-79.558,-4.989],[-79.533,-5.278],[-79.843,-5.292],[-80.215,-4.765]]]]}},{"type":"Feature","properties":{"NAME":"Calusa","SUBJECTO":"Calusa","PARTOF":"Calusa","BORDERPRECISION":"1"},"bbox":[-82.748,25.125,-80.618,27.703],"geometry":{"type":"MultiPolygon","coordinates":[[[[-80.869,25.187],[-81.098,25.125],[-81.401,25.859],[-81.745,25.921],[-82.142,26.867],[-82.31,26.825],[-82.748,27.521],[-81.859,27.703],[-81.096,27.698],[-80.618,27.142],[-80.848,25.919],[-80.717,25.215],[-80.869,25.187]]]]}},{"type":"Feature","properties":{"NAME":"Tojolwinik’otik (Tojolabal)","SUBJECTO":"Tojolwinik’otik (Tojolabal)","PARTOF":"Tojolwinik’otik (Tojolabal)","BORDERPRECISION":"1"},"bbox":[-92.256,15.914,-91.107,16.977],"geometry":{"type":"MultiPolygon","coordinates":[[[[-92.256,16.385],[-92.134,16.977],[-91.996,16.959],[-91.359,16.593],[-91.107,16.06],[-91.771,16.055],[-92.232,15.914],[-92.256,16.385]]]]}},{"type":"Feature","properties":{"NAME":"Monacan","SUBJECTO":"Monacan","PARTOF":"Monacan","BORDERPRECISION":"1"},"bbox":[-79.632,37.13,-77.48,38.363],"geometry":{"type":"MultiPolygon","coordinates":[[[[-78.447,38.303],[-78.117,38.363],[-77.59,38.174],[-77.48,37.959],[-77.654,37.158],[-78.586,37.13],[-79.613,37.423],[-79.632,37.834],[-79.417,38.299],[-78.447,38.303]]]]}},{"type":"Feature","properties":{"NAME":"O’ de püt/Angpøn (Zoque)","SUBJECTO":"O’ de püt/Angpøn (Zoque)","PARTOF":"O’ de püt/Angpøn (Zoque)","BORDERPRECISION":"1"},"bbox":[-94.973,16.541,-92.704,17.913],"geometry":{"type":"MultiPolygon","coordinates":[[[[-93.136,17.913],[-93.036,17.655],[-92.704,17.415],[-92.774,16.852],[-93.356,16.663],[-93.815,16.96],[-94.147,16.645],[-94.492,16.541],[-94.972,16.791],[-94.973,16.921],[-94.773,16.991],[-94.024,16.816],[-93.816,16.961],[-93.977,17.497],[-93.714,17.568],[-93.489,17.43],[-93.136,17.913]]]]}},{"type":"Feature","properties":{"NAME":"Colville","SUBJECTO":"Colville","PARTOF":"Colville","BORDERPRECISION":"1"},"bbox":[-118.634,48.139,-117.611,48.653],"geometry":{"type":"MultiPolygon","coordinates":[[[[-118.242,48.139],[-118.607,48.437],[-118.634,48.653],[-118.007,48.621],[-117.818,48.397],[-117.611,48.357],[-117.809,48.201],[-118.242,48.139]]]]}},{"type":"Feature","properties":{"NAME":"Tobosos","SUBJECTO":"Tobosos","PARTOF":"Tobosos","BORDERPRECISION":"1"},"bbox":[-105.501,25.799,-102.001,28.943],"geometry":{"type":"MultiPolygon","coordinates":[[[[-103.601,28.557],[-102.801,28.925],[-102.261,28.943],[-102.061,28.803],[-102.001,28.539],[-102.061,27.816],[-102.341,27.178],[-103.161,26.5],[-103.621,26.32],[-104.081,25.799],[-104.541,26.159],[-105.221,27.089],[-105.501,27.178],[-105.061,27.533],[-104.901,28.134],[-104.721,28.311],[-103.601,28.557]]]]}},{"type":"Feature","properties":{"NAME":"Arabela","SUBJECTO":"Arabela","PARTOF":"Arabela","BORDERPRECISION":"1"},"bbox":[-75.397,-2.215,-74.81,-1.861],"geometry":{"type":"MultiPolygon","coordinates":[[[[-74.867,-2.034],[-74.81,-2.162],[-74.958,-2.215],[-75.397,-1.946],[-75.283,-1.861],[-74.867,-2.034]]]]}},{"type":"Feature","properties":{"NAME":"Emberá Katío/Eyabida","SUBJECTO":"Emberá Katío/Eyabida","PARTOF":"Emberá Katío/Eyabida","BORDERPRECISION":"1"},"bbox":[-77.247,-0.549,-73.924,9.726],"geometry":{"type":"MultiPolygon","coordinates":[[[[-76.851,8.464],[-76.158,9.311],[-75.703,9.426],[-75.64,9.726],[-74.851,8.881],[-74.785,8.294],[-75.866,7.441],[-75.929,7.188],[-75.699,6.629],[-75.281,6.375],[-75.043,6.047],[-74.649,5.915],[-74.656,5.348],[-74.912,5.297],[-76.773,1.602],[-76.278,1.16],[-75.424,0.81],[-74.646,0.097],[-73.999,-0.291],[-73.924,-0.408],[-74.142,-0.516],[-74.382,-0.549],[-76.232,0.314],[-77.027,0.258],[-77.247,0.55],[-77.147,1.331],[-76.784,1.61],[-74.921,5.302],[-75.366,5.027],[-75.774,5.583],[-76.669,5.842],[-76.613,7.872],[-76.851,8.464]]]]}},{"type":"Feature","properties":{"NAME":"Ts'msyen La̱xyuup (Tsimshian)","SUBJECTO":"Ts'msyen La̱xyuup (Tsimshian)","PARTOF":"Ts'msyen La̱xyuup (Tsimshian)","BORDERPRECISION":"1"},"bbox":[-130.299,52.681,-127.554,55.951],"geometry":{"type":"MultiPolygon","coordinates":[[[[-128.077,52.939],[-128.432,52.939],[-128.889,53.418],[-128.814,53.764],[-129.434,53.518],[-130.176,54.172],[-130.299,54.548],[-129.842,54.979],[-130.127,55.586],[-130.014,55.951],[-129.565,55.74],[-129.635,55.551],[-129.294,55.479],[-129.722,55.069],[-129.657,55.005],[-129.192,54.865],[-129.182,54.975],[-128.866,54.959],[-128.788,55.204],[-128.545,55.139],[-128.622,54.959],[-127.632,54.869],[-127.554,54.697],[-127.801,54.619],[-127.68,54.571],[-127.705,54.355],[-127.925,54.15],[-128.072,54.29],[-128.553,54.351],[-128.818,54.138],[-128.636,54.015],[-128.796,53.593],[-128.725,53.378],[-128.421,53.205],[-128.211,53.229],[-127.794,52.897],[-127.75,52.7],[-128.067,52.681],[-128.077,52.939]]],[[[-130.065,55.102],[-130.18,55.085],[-130.014,55.254],[-130.065,55.102]]]]}},{"type":"Feature","properties":{"NAME":"Hi Ui (Pame/Chichimeco Jonaz)","SUBJECTO":"Hi Ui (Pame/Chichimeco Jonaz)","PARTOF":"Hi Ui (Pame/Chichimeco Jonaz)","BORDERPRECISION":"1"},"bbox":[-100.664,20.319,-98.947,23.169],"geometry":{"type":"MultiPolygon","coordinates":[[[[-100.499,20.876],[-100.664,21.751],[-100.149,22.561],[-99.944,23.169],[-99.837,23.16],[-98.947,21.487],[-98.956,21.088],[-99.323,20.563],[-99.84,20.319],[-100.499,20.876]]]]}},{"type":"Feature","properties":{"NAME":"Wapishana/Wapixana","SUBJECTO":"Wapishana/Wapixana","PARTOF":"Wapishana/Wapixana","BORDERPRECISION":"1"},"bbox":[-61.204,1.744,-58.324,4.362],"geometry":{"type":"MultiPolygon","coordinates":[[[[-59.68,4.362],[-58.517,4.121],[-58.324,3.451],[-58.471,2.279],[-58.667,2.069],[-59.432,1.747],[-59.672,1.744],[-60.441,2.199],[-61.204,3.424],[-60.995,3.725],[-60.15,3.881],[-60.018,4.146],[-59.68,4.362]]]]}},{"type":"Feature","properties":{"NAME":"Coharie","SUBJECTO":"Coharie","PARTOF":"Coharie","BORDERPRECISION":"1"},"bbox":[-79.237,34.567,-78.063,35.591],"geometry":{"type":"MultiPolygon","coordinates":[[[[-78.364,35.282],[-78.182,35.206],[-78.187,34.718],[-78.063,34.662],[-78.245,34.567],[-78.642,34.986],[-78.639,35.241],[-79.237,35.266],[-78.912,35.591],[-78.364,35.282]]]]}},{"type":"Feature","properties":{"NAME":"Inkal Awá","SUBJECTO":"Inkal Awá","PARTOF":"Inkal Awá","BORDERPRECISION":"1"},"bbox":[-78.776,0.703,-77.979,1.67],"geometry":{"type":"MultiPolygon","coordinates":[[[[-78.498,0.711],[-78.776,1.158],[-78.737,1.569],[-78.048,1.67],[-77.979,1.132],[-78.321,0.703],[-78.498,0.711]]]]}},{"type":"Feature","properties":{"NAME":"Aruá","SUBJECTO":"Aruá","PARTOF":"Aruá","BORDERPRECISION":"1"},"bbox":[-62.576,-11.922,-62.408,-11.836],"geometry":{"type":"MultiPolygon","coordinates":[[[[-62.408,-11.922],[-62.576,-11.913],[-62.453,-11.836],[-62.408,-11.922]]]]}},{"type":"Feature","properties":{"NAME":"Tolowa Dee-ni’","SUBJECTO":"Tolowa Dee-ni’","PARTOF":"Tolowa Dee-ni’","BORDERPRECISION":"1"},"bbox":[-124.552,41.509,-122.758,42.868],"geometry":{"type":"MultiPolygon","coordinates":[[[[-124.241,41.902],[-124.552,42.868],[-124.162,42.86],[-124.14,42.687],[-123.871,42.793],[-123.154,42.713],[-123.167,42.435],[-123.003,42.487],[-122.993,42.298],[-122.758,42.071],[-123.138,41.945],[-123.489,42.013],[-123.874,41.509],[-123.975,41.654],[-124.146,41.632],[-124.241,41.902]]]]}},{"type":"Feature","properties":{"NAME":"Oglala","SUBJECTO":"Oglala","PARTOF":"Oglala","BORDERPRECISION":"1"},"bbox":[-103.721,41.124,-101.42,42.282],"geometry":{"type":"MultiPolygon","coordinates":[[[[-101.613,41.199],[-101.845,41.124],[-103.681,41.797],[-103.721,42.153],[-103.305,42.282],[-102.437,42.189],[-101.42,41.587],[-101.613,41.199]]]]}},{"type":"Feature","properties":{"NAME":"Hoopa (Reservation)","SUBJECTO":"Hoopa (Reservation)","PARTOF":"Hoopa (Reservation)","BORDERPRECISION":"1"},"bbox":[-123.808,40.989,-123.535,41.203],"geometry":{"type":"MultiPolygon","coordinates":[[[[-123.808,41.157],[-123.593,41.203],[-123.535,41.037],[-123.746,40.989],[-123.808,41.157]]]]}},{"type":"Feature","properties":{"NAME":"Tz'utujil","SUBJECTO":"Tz'utujil","PARTOF":"Tz'utujil","BORDERPRECISION":"1"},"bbox":[-91.631,14.056,-91.156,14.758],"geometry":{"type":"MultiPolygon","coordinates":[[[[-91.516,14.059],[-91.631,14.155],[-91.21,14.758],[-91.156,14.53],[-91.407,14.056],[-91.516,14.059]]]]}},{"type":"Feature","properties":{"NAME":"Ta'an Kwäch'än","SUBJECTO":"Ta'an Kwäch'än","PARTOF":"Ta'an Kwäch'än","BORDERPRECISION":"1"},"bbox":[-136.222,60.54,-133.862,61.791],"geometry":{"type":"MultiPolygon","coordinates":[[[[-136.053,61.487],[-134.835,61.791],[-134.084,61.71],[-133.862,61.46],[-134.066,61.213],[-133.966,61.005],[-134.157,60.61],[-134.754,60.54],[-135.158,60.626],[-135.187,60.841],[-135.704,60.853],[-136.222,61.316],[-136.053,61.487]]]]}},{"type":"Feature","properties":{"NAME":"Aparai","SUBJECTO":"Aparai","PARTOF":"Aparai","BORDERPRECISION":"1"},"bbox":[-56.317,-0.686,-52.838,3.892],"geometry":{"type":"MultiPolygon","coordinates":[[[[-55.413,1.77],[-54.408,3.345],[-54.359,3.743],[-54.11,3.892],[-53.896,3.819],[-53.792,3.403],[-54.645,2.405],[-54.74,1.797],[-54.614,1.467],[-53.35,0.645],[-52.918,0.16],[-52.838,-0.142],[-53.069,-0.504],[-53.698,-0.686],[-55.375,0.46],[-56.103,0.557],[-56.317,1.082],[-56.191,1.302],[-55.413,1.77]]]]}},{"type":"Feature","properties":{"NAME":"Apalachees","SUBJECTO":"Apalachees","PARTOF":"Apalachees","BORDERPRECISION":"1"},"bbox":[-84.723,29.982,-83.713,30.692],"geometry":{"type":"MultiPolygon","coordinates":[[[[-84.124,30.124],[-84.516,29.982],[-84.723,30.268],[-84.684,30.406],[-84.281,30.692],[-83.81,30.633],[-83.713,30.422],[-83.987,30.084],[-84.124,30.124]]]]}},{"type":"Feature","properties":{"NAME":"Comca’ac (Seri)","SUBJECTO":"Comca’ac (Seri)","PARTOF":"Comca’ac (Seri)","BORDERPRECISION":"1"},"bbox":[-112.891,27.995,-110.767,30.494],"geometry":{"type":"MultiPolygon","coordinates":[[[[-111.064,27.995],[-111.692,28.496],[-112.654,29.919],[-112.891,30.494],[-112.301,30.42],[-111.443,29.395],[-111.166,28.809],[-110.767,28.385],[-111.064,27.995]]]]}},{"type":"Feature","properties":{"NAME":"Tsuu T'ina","SUBJECTO":"Tsuu T'ina","PARTOF":"Tsuu T'ina","BORDERPRECISION":"1"},"bbox":[-120.344,49.009,-111.353,54.201],"geometry":{"type":"MultiPolygon","coordinates":[[[[-114.181,49.153],[-114.587,49.282],[-114.609,49.696],[-115.071,50.303],[-115.994,51.069],[-118.586,52.71],[-119.751,53.199],[-120.344,53.827],[-119.993,54.201],[-115.664,53.93],[-112.39,53.423],[-112.026,53.165],[-111.353,52.373],[-111.469,51.647],[-112.048,50.387],[-111.812,49.877],[-111.939,49.501],[-112.17,49.189],[-112.551,49.046],[-113.84,49.009],[-114.181,49.153]]]]}},{"type":"Feature","properties":{"NAME":"Michif Piyii (Métis)","SUBJECTO":"Michif Piyii (Métis)","PARTOF":"Michif Piyii (Métis)","BORDERPRECISION":"1"},"bbox":[-124.472,46.27,-89.117,63.066],"geometry":{"type":"MultiPolygon","coordinates":[[[[-94.728,59.763],[-94.8,59.514],[-94.684,58.878],[-94.186,58.666],[-93.313,58.694],[-93.018,58.448],[-92.523,57.687],[-92.424,57.386],[-92.483,56.977],[-90.946,57.173],[-89.117,56.797],[-92.994,54.277],[-94.073,53.072],[-92.188,52.008],[-91.663,51.536],[-91.25,50.32],[-91.586,49.782],[-92.086,49.307],[-92.688,49.077],[-92.808,48.76],[-93.824,48.442],[-95.735,48.183],[-98.372,47.115],[-100.833,46.995],[-105.051,46.27],[-109.973,46.755],[-112.961,48.417],[-115.709,50.955],[-120.23,53.666],[-120.702,54.201],[-121.511,54.228],[-121.25,54.378],[-121.346,54.678],[-123.004,57.364],[-124.472,59.059],[-124.303,59.548],[-122.223,60.69],[-121.376,61.383],[-120.17,61.967],[-119.155,62.759],[-115.169,63.066],[-112.117,62.385],[-109.31,60.879],[-108.834,60.416],[-107.402,60.182],[-102.399,59.989],[-99.863,60.083],[-96.341,60.021],[-94.866,59.936],[-94.728,59.763]]]]}},{"type":"Feature","properties":{"NAME":"Holikachuk","SUBJECTO":"Holikachuk","PARTOF":"Holikachuk","BORDERPRECISION":"1"},"bbox":[-160.495,62.718,-155.666,64.021],"geometry":{"type":"MultiPolygon","coordinates":[[[[-160.484,63.473],[-160.388,63.635],[-159.855,63.476],[-159.224,63.48],[-157.988,63.944],[-156.993,64.021],[-155.773,63.819],[-155.666,63.381],[-155.762,63.208],[-156.728,62.78],[-158.431,62.841],[-159.737,62.718],[-160.495,62.993],[-160.484,63.473]]]]}},{"type":"Feature","properties":{"NAME":"Emberá/Eperara/Épera","SUBJECTO":"Emberá/Eperara/Épera","PARTOF":"Emberá/Eperara/Épera","BORDERPRECISION":"1"},"bbox":[-79.136,-0.588,-73.802,9.447],"geometry":{"type":"MultiPolygon","coordinates":[[[[-78.984,1.297],[-79.014,1.774],[-78.575,1.774],[-78.492,1.921],[-78.648,2.175],[-78.61,2.365],[-77.802,2.577],[-77.106,3.792],[-77.445,4.179],[-77.267,4.739],[-77.5,5.514],[-77.181,5.788],[-77.475,6.092],[-77.322,6.544],[-77.897,7.172],[-78.327,8.089],[-78.148,8.235],[-77.794,8.179],[-78.002,8.34],[-78.045,8.552],[-78.381,8.395],[-78.592,8.813],[-78.652,8.745],[-78.924,8.974],[-78.884,9.17],[-77.221,8.449],[-76.858,7.93],[-76.702,8.115],[-76.851,8.464],[-76.764,8.693],[-76.158,9.311],[-75.69,9.447],[-75.194,9.047],[-75.225,8.641],[-74.747,8.364],[-74.254,7.305],[-73.853,7.349],[-73.807,7.11],[-74.592,6.052],[-74.715,5.324],[-75.259,4.99],[-75.696,4.05],[-75.931,3.344],[-75.731,2.797],[-75.807,2.423],[-76.468,1.954],[-76.137,1.586],[-76.105,1.186],[-75.167,0.726],[-73.802,-0.376],[-74.224,-0.588],[-75.163,-0.07],[-75.845,0.098],[-76.265,0.394],[-76.532,0.251],[-77.053,0.305],[-77.445,0.439],[-77.745,0.783],[-78.505,1.198],[-78.53,0.716],[-78.969,0.656],[-79.136,1.174],[-78.984,1.297]]]]}},{"type":"Feature","properties":{"NAME":"Mattole","SUBJECTO":"Mattole","PARTOF":"Mattole","BORDERPRECISION":"1"},"bbox":[-124.365,40.177,-124.047,40.442],"geometry":{"type":"MultiPolygon","coordinates":[[[[-124.365,40.334],[-124.194,40.442],[-124.047,40.256],[-124.217,40.177],[-124.365,40.334]]]]}},{"type":"Feature","properties":{"NAME":"Chaparra","SUBJECTO":"Chaparra","PARTOF":"Chaparra","BORDERPRECISION":"1"},"bbox":[-79.457,-3.681,-79.19,-3.331],"geometry":{"type":"MultiPolygon","coordinates":[[[[-79.39,-3.652],[-79.457,-3.331],[-79.306,-3.36],[-79.19,-3.582],[-79.221,-3.681],[-79.39,-3.652]]]]}},{"type":"Feature","properties":{"NAME":"Tawakoni","SUBJECTO":"Tawakoni","PARTOF":"Tawakoni","BORDERPRECISION":"1"},"bbox":[-97.635,31.893,-95.816,34.196],"geometry":{"type":"MultiPolygon","coordinates":[[[[-97.238,33.788],[-96.917,34.137],[-96.676,34.196],[-96.266,34.155],[-95.85,33.751],[-95.816,32.956],[-96.036,32.392],[-96.526,31.893],[-97.315,31.918],[-97.525,32.122],[-97.635,32.779],[-97.238,33.788]]]]}},{"type":"Feature","properties":{"NAME":"Shita Got’ine","SUBJECTO":"Shita Got’ine","PARTOF":"Shita Got’ine","BORDERPRECISION":"1"},"bbox":[-134.068,60.815,-123.715,67.436],"geometry":{"type":"MultiPolygon","coordinates":[[[[-124.771,60.932],[-126.742,60.815],[-127.282,61.193],[-127.517,61.522],[-128.614,62.077],[-129.417,62.317],[-129.709,62.602],[-129.924,63.092],[-132.009,63.63],[-132.734,64.07],[-133.572,65.11],[-133.699,66.001],[-134.068,66.714],[-133.994,67.011],[-133.549,67.186],[-132.351,67.352],[-130.868,67.436],[-130.505,67.345],[-129.914,66.772],[-129.356,66.685],[-128.562,66.284],[-128.745,66.08],[-128.547,65.851],[-124.743,64.721],[-123.949,63.964],[-123.736,63.6],[-123.715,63.214],[-123.752,62.495],[-124.008,61.938],[-124.503,61.149],[-124.771,60.932]]]]}},{"type":"Feature","properties":{"NAME":"A'i Cofán/Kofán","SUBJECTO":"A'i Cofán/Kofán","PARTOF":"A'i Cofán/Kofán","BORDERPRECISION":"1"},"bbox":[-77.814,-0.493,-75.617,0.891],"geometry":{"type":"MultiPolygon","coordinates":[[[[-77.814,0.348],[-77.289,0.88],[-77.132,0.891],[-75.738,-0.001],[-75.617,-0.245],[-76.021,-0.493],[-76.626,-0.044],[-77.736,0.083],[-77.814,0.348]]]]}},{"type":"Feature","properties":{"NAME":"Shawandasse Tula (Shawanwaki/Shawnee)","SUBJECTO":"Shawandasse Tula (Shawanwaki/Shawnee)","PARTOF":"Shawandasse Tula (Shawanwaki/Shawnee)","BORDERPRECISION":"1"},"bbox":[-88.644,33.471,-79.777,41.016],"geometry":{"type":"MultiPolygon","coordinates":[[[[-88.09,38.31],[-87.527,38.79],[-85.149,39.445],[-84.679,40.626],[-84.189,41.016],[-83.634,40.804],[-83.718,40.087],[-83.59,39.971],[-81.637,40.182],[-80.398,40.533],[-80.019,40.529],[-79.777,40.285],[-80.081,39.083],[-80.29,38.715],[-81.447,38.029],[-81.348,37.741],[-81.823,37.485],[-82.649,36.704],[-83.924,36.062],[-85.55,34.989],[-85.862,33.971],[-86.112,33.723],[-86.786,33.471],[-87.49,33.551],[-87.899,33.975],[-88.436,35.301],[-88.644,36.093],[-88.604,36.881],[-88.482,37.52],[-88.09,38.31]]]]}},{"type":"Feature","properties":{"NAME":"Caldwell","SUBJECTO":"Caldwell","PARTOF":"Caldwell","BORDERPRECISION":"1"},"bbox":[-83.12,41.96,-82.484,42.134],"geometry":{"type":"MultiPolygon","coordinates":[[[[-82.484,41.96],[-82.991,42.004],[-83.12,42.134],[-82.547,42.078],[-82.484,41.96]]]]}},{"type":"Feature","properties":{"NAME":"Chiapaneco","SUBJECTO":"Chiapaneco","PARTOF":"Chiapaneco","BORDERPRECISION":"1"},"bbox":[-93.214,16.332,-92.753,16.759],"geometry":{"type":"MultiPolygon","coordinates":[[[[-93.214,16.543],[-93.012,16.757],[-92.818,16.759],[-92.753,16.581],[-92.94,16.332],[-93.214,16.543]]]]}},{"type":"Feature","properties":{"NAME":"Malacatos","SUBJECTO":"Malacatos","PARTOF":"Malacatos","BORDERPRECISION":"1"},"bbox":[-79.4,-4.685,-79.076,-4.198],"geometry":{"type":"MultiPolygon","coordinates":[[[[-79.217,-4.685],[-79.4,-4.604],[-79.254,-4.198],[-79.076,-4.546],[-79.217,-4.685]]]]}},{"type":"Feature","properties":{"NAME":"Shoshone-Bannock","SUBJECTO":"Shoshone-Bannock","PARTOF":"Shoshone-Bannock","BORDERPRECISION":"1"},"bbox":[-117.026,40.897,-108.699,46.042],"geometry":{"type":"MultiPolygon","coordinates":[[[[-114.28,41.525],[-116.653,41.459],[-117.004,41.64],[-117.026,43.005],[-116.829,43.564],[-116.982,43.866],[-115.181,44.809],[-113.725,45.833],[-112.942,46.042],[-112.274,46.015],[-111.028,45.537],[-110.786,44.856],[-110.764,44.308],[-110.215,44.103],[-110.369,43.453],[-110.039,43.069],[-108.94,42.537],[-108.699,41.459],[-108.875,40.98],[-110.698,40.897],[-112.588,41.771],[-113.115,41.788],[-114.28,41.525]]]]}},{"type":"Feature","properties":{"NAME":"Tsankupi","SUBJECTO":"Tsankupi","PARTOF":"Tsankupi","BORDERPRECISION":"1"},"bbox":[-123.259,44.151,-122.704,44.649],"geometry":{"type":"MultiPolygon","coordinates":[[[[-123.077,44.649],[-122.704,44.341],[-123.126,44.151],[-123.259,44.566],[-123.077,44.649]]]]}},{"type":"Feature","properties":{"NAME":"Ben 'Zaa/Binnizá/Mén Diiste/Bene Xhon (Zapoteco)","SUBJECTO":"Ben 'Zaa/Binnizá/Mén Diiste/Bene Xhon (Zapoteco)","PARTOF":"Ben 'Zaa/Binnizá/Mén Diiste/Bene Xhon (Zapoteco)","BORDERPRECISION":"1"},"bbox":[-97.589,15.75,-94.008,17.627],"geometry":{"type":"MultiPolygon","coordinates":[[[[-94.052,16.079],[-94.363,16.225],[-95.13,16.299],[-96.333,15.75],[-96.752,15.781],[-97.176,15.916],[-97.589,16.746],[-97.307,17.153],[-96.647,17.627],[-95.647,17.581],[-94.992,17.156],[-94.906,16.913],[-94.507,16.612],[-94.162,16.535],[-94.008,16.302],[-94.052,16.079]]]]}},{"type":"Feature","properties":{"NAME":"Cupeño","SUBJECTO":"Cupeño","PARTOF":"Cupeño","BORDERPRECISION":"1"},"bbox":[-116.851,33.193,-116.532,33.367],"geometry":{"type":"MultiPolygon","coordinates":[[[[-116.653,33.367],[-116.532,33.367],[-116.62,33.193],[-116.851,33.22],[-116.653,33.367]]]]}},{"type":"Feature","properties":{"NAME":"Coca","SUBJECTO":"Coca","PARTOF":"Coca","BORDERPRECISION":"1"},"bbox":[-103.92,19.948,-102.471,20.748],"geometry":{"type":"MultiPolygon","coordinates":[[[[-103.744,20.444],[-103.365,20.748],[-103.098,20.514],[-102.471,20.323],[-103.609,19.948],[-103.573,20.168],[-103.92,20.432],[-103.744,20.444]]]]}},{"type":"Feature","properties":{"NAME":"Ayuukjä'äy (Mixe)","SUBJECTO":"Ayuukjä'äy (Mixe)","PARTOF":"Ayuukjä'äy (Mixe)","BORDERPRECISION":"1"},"bbox":[-96.155,16.726,-94.882,17.596],"geometry":{"type":"MultiPolygon","coordinates":[[[[-95.936,17.405],[-95.757,17.372],[-95.276,17.596],[-94.882,17.16],[-95.076,16.82],[-95.456,16.878],[-95.932,16.726],[-96.155,17.125],[-95.936,17.405]]]]}},{"type":"Feature","properties":{"NAME":"Kichwa del Río Tigre","SUBJECTO":"Kichwa del Río Tigre","PARTOF":"Kichwa del Río Tigre","BORDERPRECISION":"1"},"bbox":[-76.261,-4.537,-74,-2.056],"geometry":{"type":"MultiPolygon","coordinates":[[[[-76.261,-2.308],[-76.076,-2.056],[-75.795,-2.148],[-75.212,-2.993],[-74.292,-3.657],[-74,-4.463],[-74.29,-4.537],[-74.429,-4.439],[-74.737,-3.956],[-75.028,-3.856],[-75.123,-3.511],[-75.701,-2.824],[-76.261,-2.308]]]]}},{"type":"Feature","properties":{"NAME":"Aymara","SUBJECTO":"Aymara","PARTOF":"Aymara","BORDERPRECISION":"1"},"bbox":[-71.062,-20.649,-66.297,-14.569],"geometry":{"type":"MultiPolygon","coordinates":[[[[-69.641,-14.569],[-69.037,-14.942],[-68.474,-14.988],[-67.557,-15.332],[-67.078,-15.875],[-66.68,-16.666],[-66.712,-17.133],[-67.02,-17.491],[-67.045,-18.288],[-66.444,-18.664],[-66.297,-19.127],[-66.542,-19.303],[-67.08,-19.36],[-68.364,-20.649],[-68.752,-20.521],[-69.013,-19.609],[-69.854,-18.026],[-71.062,-17.251],[-70.491,-15.991],[-70.482,-15.457],[-70.087,-15.3],[-69.797,-14.621],[-69.641,-14.569]]]]}},{"type":"Feature","properties":{"NAME":"Kitsumkalum","SUBJECTO":"Kitsumkalum","PARTOF":"Kitsumkalum","BORDERPRECISION":"1"},"bbox":[-130.19,53.771,-128.076,55.187],"geometry":{"type":"MultiPolygon","coordinates":[[[[-130.004,53.938],[-130.19,54.199],[-129.562,54.245],[-128.907,54.471],[-129.451,54.652],[-129.474,54.84],[-129.208,54.898],[-129.225,55.09],[-128.826,55.019],[-128.888,55.187],[-128.454,55.09],[-128.647,54.584],[-128.076,54.349],[-128.719,54.269],[-128.862,54.386],[-129.359,54.216],[-129.331,54.049],[-129.825,54.156],[-129.584,53.929],[-129.356,53.923],[-129.428,53.771],[-129.799,53.796],[-129.731,53.928],[-129.99,54.068],[-130.004,53.938]]]]}},{"type":"Feature","properties":{"NAME":"Yanktonai","SUBJECTO":"Yanktonai","PARTOF":"Yanktonai","BORDERPRECISION":"1"},"bbox":[-101.299,44.2,-95.147,48.877],"geometry":{"type":"MultiPolygon","coordinates":[[[[-97.156,45.848],[-96.719,45.41],[-95.829,45.017],[-95.147,44.494],[-95.464,44.296],[-96.839,44.2],[-100.254,44.482],[-100.334,44.696],[-100.168,45.228],[-100.231,45.71],[-100.476,46.024],[-100.444,46.423],[-101.207,47.766],[-101.299,48.494],[-100.983,48.877],[-98.589,48.851],[-97.721,48.651],[-97.445,48.346],[-97.103,46.195],[-97.156,45.848]]]]}},{"type":"Feature","properties":{"NAME":"Pequonnock","SUBJECTO":"Pequonnock","PARTOF":"Pequonnock","BORDERPRECISION":"1"},"bbox":[-73.48,41.149,-73.074,41.419],"geometry":{"type":"MultiPolygon","coordinates":[[[[-73.35,41.149],[-73.48,41.419],[-73.074,41.308],[-73.35,41.149]]]]}},{"type":"Feature","properties":{"NAME":"Confederated Tribes of Warm Springs","SUBJECTO":"Confederated Tribes of Warm Springs","PARTOF":"Confederated Tribes of Warm Springs","BORDERPRECISION":"1"},"bbox":[-121.926,43.863,-118.218,45.798],"geometry":{"type":"MultiPolygon","coordinates":[[[[-121.328,44.006],[-121.82,44.029],[-121.816,44.839],[-121.679,45.264],[-121.926,45.642],[-121.809,45.706],[-121.151,45.604],[-120.017,45.798],[-119.909,45.514],[-119.386,45.319],[-119.308,45.148],[-118.758,45.265],[-118.526,45.196],[-118.538,45.058],[-118.218,44.852],[-118.492,44.703],[-118.331,44.589],[-118.476,44.248],[-118.688,44.296],[-118.831,44.185],[-119.135,44.292],[-119.28,44.213],[-119.195,44.01],[-119.309,43.863],[-119.538,44.001],[-121.328,44.006]]]]}},{"type":"Feature","properties":{"NAME":"Hoopa","SUBJECTO":"Hoopa","PARTOF":"Hoopa","BORDERPRECISION":"1"},"bbox":[-123.828,40.686,-123.351,41.186],"geometry":{"type":"MultiPolygon","coordinates":[[[[-123.709,41.098],[-123.435,41.186],[-123.351,41.052],[-123.53,40.686],[-123.791,40.777],[-123.828,41.103],[-123.709,41.098]]]]}},{"type":"Feature","properties":{"NAME":"Iskonawa","SUBJECTO":"Iskonawa","PARTOF":"Iskonawa","BORDERPRECISION":"1"},"bbox":[-74.513,-8.308,-73.452,-7.115],"geometry":{"type":"MultiPolygon","coordinates":[[[[-74.492,-7.219],[-74.255,-7.115],[-73.605,-7.202],[-73.452,-7.494],[-73.527,-8.18],[-73.751,-8.308],[-74.513,-8.2],[-74.492,-7.219]]]]}},{"type":"Feature","properties":{"NAME":"Yawanawá","SUBJECTO":"Yawanawá","PARTOF":"Yawanawá","BORDERPRECISION":"1"},"bbox":[-72.001,-8.625,-71.523,-8.102],"geometry":{"type":"MultiPolygon","coordinates":[[[[-71.715,-8.552],[-72.001,-8.625],[-71.829,-8.163],[-71.682,-8.102],[-71.523,-8.392],[-71.715,-8.552]]]]}},{"type":"Feature","properties":{"NAME":"Mexihcah (Triple Alliance)","SUBJECTO":"Mexihcah (Triple Alliance)","PARTOF":"Mexihcah (Triple Alliance)","BORDERPRECISION":"1"},"bbox":[-101.948,16.362,-94.814,21.886],"geometry":{"type":"MultiPolygon","coordinates":[[[[-98.435,16.362],[-99.139,16.693],[-99.062,17.43],[-99.176,17.608],[-99.778,17.59],[-99.72,16.834],[-101.221,17.418],[-101.948,17.987],[-101.589,18.089],[-100.738,17.728],[-100.464,17.86],[-100.254,18.259],[-100.283,18.917],[-100.122,19.501],[-99.631,20.2],[-99.718,20.475],[-99.387,20.84],[-98.982,20.794],[-98.328,20.303],[-98.048,20.39],[-98.024,20.555],[-99.082,21.34],[-99.173,21.725],[-98.967,21.886],[-98.126,21.153],[-97.369,20.985],[-96.012,18.929],[-95.844,18.796],[-95.083,18.702],[-94.814,18.498],[-95.2,17.743],[-95.374,17.642],[-95.856,17.858],[-96.197,17.761],[-96.372,17.571],[-96.526,16.552],[-96.746,16.426],[-97.251,16.847],[-97.847,16.984],[-98.029,16.954],[-98.435,16.362]]]]}},{"type":"Feature","properties":{"NAME":"Juhup-Yuju/Yuhupdëh","SUBJECTO":"Juhup-Yuju/Yuhupdëh","PARTOF":"Juhup-Yuju/Yuhupdëh","BORDERPRECISION":"1"},"bbox":[-70.334,-1.359,-69.27,0.102],"geometry":{"type":"MultiPolygon","coordinates":[[[[-69.396,-1.359],[-70.15,-1.068],[-70.334,0.102],[-69.964,0.065],[-69.842,-0.242],[-69.553,-0.503],[-69.27,-1.161],[-69.396,-1.359]]]]}},{"type":"Feature","properties":{"NAME":"Mopan","SUBJECTO":"Mopan","PARTOF":"Mopan","BORDERPRECISION":"1"},"bbox":[-89.524,15.98,-88.362,16.876],"geometry":{"type":"MultiPolygon","coordinates":[[[[-88.445,16.441],[-88.946,15.98],[-89.468,16.136],[-89.524,16.387],[-89.471,16.658],[-88.994,16.876],[-88.493,16.772],[-88.362,16.643],[-88.445,16.441]]]]}},{"type":"Feature","properties":{"NAME":"Plains Miwok","SUBJECTO":"Plains Miwok","PARTOF":"Plains Miwok","BORDERPRECISION":"1"},"bbox":[-121.794,37.954,-120.68,38.49],"geometry":{"type":"MultiPolygon","coordinates":[[[[-121.097,37.954],[-121.794,38.043],[-121.609,38.2],[-121.545,38.49],[-120.68,38.471],[-120.779,38.334],[-120.735,38.049],[-121.097,37.954]]]]}},{"type":"Feature","properties":{"NAME":"Nehalem","SUBJECTO":"Nehalem","PARTOF":"Nehalem","BORDERPRECISION":"1"},"bbox":[-123.986,45.659,-123.266,45.948],"geometry":{"type":"MultiPolygon","coordinates":[[[[-123.986,45.948],[-123.266,45.692],[-123.959,45.659],[-123.986,45.948]]]]}},{"type":"Feature","properties":{"NAME":"Lumbee","SUBJECTO":"Lumbee","PARTOF":"Lumbee","BORDERPRECISION":"1"},"bbox":[-80.789,33.729,-75.522,37.385],"geometry":{"type":"MultiPolygon","coordinates":[[[[-76.524,36.922],[-75.975,36.937],[-75.522,35.858],[-75.958,36.768],[-75.907,36.54],[-76.038,36.57],[-75.793,36.137],[-75.953,36.333],[-75.953,36.232],[-76.186,36.368],[-76.094,36.205],[-76.442,36.244],[-76.34,36.152],[-76.587,36.066],[-76.71,36.353],[-76.727,35.992],[-76.068,36.048],[-76.032,35.693],[-75.849,36.021],[-75.708,35.749],[-76.141,35.384],[-76.577,35.577],[-76.615,35.456],[-77.053,35.58],[-76.484,35.334],[-76.779,35.038],[-77.063,35.207],[-76.76,34.955],[-76.443,35.112],[-76.306,34.979],[-76.504,34.795],[-77.296,34.667],[-77.963,33.933],[-79.889,33.729],[-80.552,33.92],[-80.789,34.635],[-80.643,34.918],[-78.951,36.435],[-78.386,37.385],[-76.524,36.922]]]]}},{"type":"Feature","properties":{"NAME":"Nomlaki","SUBJECTO":"Nomlaki","PARTOF":"Nomlaki","BORDERPRECISION":"1"},"bbox":[-123.19,39.436,-121.948,40.38],"geometry":{"type":"MultiPolygon","coordinates":[[[[-123.19,40.179],[-123.025,40.321],[-122.212,40.38],[-121.948,39.918],[-122.201,39.884],[-122.245,39.436],[-122.629,39.453],[-122.948,39.648],[-123.19,40.179]]]]}},{"type":"Feature","properties":{"NAME":"Ka:’yu:’k’t’h’/Che:k’tles7et’h’","SUBJECTO":"Ka:’yu:’k’t’h’/Che:k’tles7et’h’","PARTOF":"Ka:’yu:’k’t’h’/Che:k’tles7et’h’","BORDERPRECISION":"1"},"bbox":[-127.673,50.004,-126.814,50.337],"geometry":{"type":"MultiPolygon","coordinates":[[[[-126.961,50.057],[-127.212,50.004],[-127.673,50.223],[-127.072,50.337],[-126.814,50.09],[-126.961,50.057]]]]}},{"type":"Feature","properties":{"NAME":"Enlhet-Enenlhet","SUBJECTO":"Enlhet-Enenlhet","PARTOF":"Enlhet-Enenlhet","BORDERPRECISION":"1"},"bbox":[-59.9,-24.433,-57.111,-21.774],"geometry":{"type":"MultiPolygon","coordinates":[[[[-57.922,-21.774],[-57.642,-22.888],[-57.111,-23.907],[-57.111,-24.299],[-57.722,-24.433],[-58.434,-24.262],[-58.964,-24.337],[-59.482,-23.665],[-59.9,-22.052],[-57.922,-21.774]]]]}},{"type":"Feature","properties":{"NAME":"Ukarãngmã","SUBJECTO":"Ukarãngmã","PARTOF":"Ukarãngmã","BORDERPRECISION":"1"},"bbox":[-54.99,-4.787,-52.175,-2.727],"geometry":{"type":"MultiPolygon","coordinates":[[[[-54.664,-4.787],[-54.984,-4.572],[-54.99,-3.986],[-54.82,-3.402],[-54.494,-2.954],[-54.126,-2.727],[-53.654,-2.817],[-52.175,-3.722],[-52.234,-4.03],[-53.148,-3.93],[-53.503,-4.359],[-54.071,-4.612],[-54.266,-4.552],[-54.664,-4.787]]]]}},{"type":"Feature","properties":{"NAME":"Q'anjob'al","SUBJECTO":"Q'anjob'al","PARTOF":"Q'anjob'al","BORDERPRECISION":"1"},"bbox":[-92.236,15.245,-90.925,16.349],"geometry":{"type":"MultiPolygon","coordinates":[[[[-91.53,15.245],[-92.236,15.642],[-92.064,16.301],[-91.078,16.349],[-90.925,16.036],[-91.267,15.289],[-91.53,15.245]]]]}},{"type":"Feature","properties":{"NAME":"Salinan","SUBJECTO":"Salinan","PARTOF":"Salinan","BORDERPRECISION":"1"},"bbox":[-121.548,35.246,-119.883,36.483],"geometry":{"type":"MultiPolygon","coordinates":[[[[-120.928,35.475],[-121.385,35.785],[-121.548,36.044],[-121.498,36.483],[-121.124,36.306],[-120.674,36.28],[-120.234,35.862],[-119.883,35.299],[-120.542,35.246],[-120.928,35.475]]]]}},{"type":"Feature","properties":{"NAME":"Accomack","SUBJECTO":"Accomack","PARTOF":"Accomack","BORDERPRECISION":"1"},"bbox":[-76.02,37.207,-75.723,37.641],"geometry":{"type":"MultiPolygon","coordinates":[[[[-75.869,37.281],[-75.958,37.207],[-76.02,37.326],[-75.895,37.641],[-75.723,37.563],[-75.869,37.281]]]]}},{"type":"Feature","properties":{"NAME":"Dene Tha'","SUBJECTO":"Dene Tha'","PARTOF":"Dene Tha'","BORDERPRECISION":"1"},"bbox":[-123.333,56.418,-115.379,60.705],"geometry":{"type":"MultiPolygon","coordinates":[[[[-118.037,60.522],[-117.577,60.475],[-117.851,60.42],[-117.948,60.221],[-117.686,60.087],[-115.947,60.205],[-115.535,60.096],[-115.4,59.889],[-115.615,59.791],[-115.661,59.631],[-115.379,59.443],[-115.439,59.033],[-115.888,58.902],[-116.104,58.7],[-116.044,58.47],[-116.945,58.307],[-117.363,57.94],[-118.256,57.675],[-118.388,57.534],[-117.53,57.154],[-117.352,57.191],[-117.513,56.885],[-118.953,56.829],[-119.47,56.524],[-119.487,56.821],[-120.078,56.952],[-120.472,56.811],[-120.51,56.54],[-120.657,56.418],[-120.914,57.016],[-121.473,57.288],[-121.708,57.29],[-122.036,57.037],[-122.37,57.171],[-122.529,57.074],[-122.848,57.152],[-122.112,57.478],[-122.201,57.79],[-121.685,57.891],[-121.57,58.119],[-122.097,58.506],[-122.681,58.687],[-122.479,59.081],[-123.163,59.237],[-123.198,59.385],[-122.583,59.311],[-122.432,59.512],[-123.01,59.764],[-123.333,60.131],[-122.905,59.976],[-122.26,60.016],[-121.633,59.808],[-121.157,59.9],[-120.894,60.098],[-120.872,60.404],[-120.725,60.451],[-120.343,60.369],[-119.399,60.662],[-118.674,60.705],[-118.037,60.522]]]]}},{"type":"Feature","properties":{"NAME":"Nespelem","SUBJECTO":"Nespelem","PARTOF":"Nespelem","BORDERPRECISION":"1"},"bbox":[-119.547,47.551,-118.793,48.563],"geometry":{"type":"MultiPolygon","coordinates":[[[[-119.547,47.637],[-119.41,48.04],[-119.184,48.142],[-119.008,48.563],[-118.916,48.524],[-118.793,48.182],[-118.968,47.551],[-119.547,47.637]]]]}},{"type":"Feature","properties":{"NAME":"Ikoots/Kunajts/Ikoojts (Huave)","SUBJECTO":"Ikoots/Kunajts/Ikoojts (Huave)","PARTOF":"Ikoots/Kunajts/Ikoojts (Huave)","BORDERPRECISION":"1"},"bbox":[-95.132,16.03,-93.977,16.515],"geometry":{"type":"MultiPolygon","coordinates":[[[[-94.052,16.079],[-94.363,16.225],[-95.132,16.299],[-94.884,16.478],[-94.521,16.515],[-94.17,16.333],[-93.977,16.03],[-94.052,16.079]]]]}},{"type":"Feature","properties":{"NAME":"Ikitu","SUBJECTO":"Ikitu","PARTOF":"Ikitu","BORDERPRECISION":"1"},"bbox":[-74.836,-4.095,-73.715,-3.091],"geometry":{"type":"MultiPolygon","coordinates":[[[[-74.063,-3.974],[-74.836,-3.33],[-74.808,-3.091],[-73.715,-3.422],[-73.722,-4.008],[-73.857,-4.095],[-74.063,-3.974]]]]}},{"type":"Feature","properties":{"NAME":"Yamassee","SUBJECTO":"Yamassee","PARTOF":"Yamassee","BORDERPRECISION":"1"},"bbox":[-82.367,30.75,-80.492,34.05],"geometry":{"type":"MultiPolygon","coordinates":[[[[-80.581,32.497],[-81.182,31.64],[-81.503,30.75],[-82.034,30.881],[-82.195,31.126],[-82.139,31.398],[-81.797,32.272],[-81.482,32.546],[-81.424,32.793],[-81.52,33.03],[-82.367,33.858],[-82.332,34.046],[-81.949,34.05],[-81.61,33.854],[-80.946,33.24],[-80.492,32.506],[-80.581,32.497]]]]}},{"type":"Feature","properties":{"NAME":"Apsaalooké (Crow)","SUBJECTO":"Apsaalooké (Crow)","PARTOF":"Apsaalooké (Crow)","BORDERPRECISION":"1"},"bbox":[-112.039,41.902,-103.579,48.575],"geometry":{"type":"MultiPolygon","coordinates":[[[[-109.116,41.902],[-109.336,41.902],[-111.313,45.445],[-111.226,45.844],[-111.445,46.468],[-112.039,46.965],[-111.489,47.488],[-110.918,47.606],[-110.193,48.56],[-108.962,48.254],[-108.04,48.327],[-108.149,48.444],[-107.842,48.575],[-107.007,48.444],[-105.974,48.093],[-104.106,48.019],[-103.579,43.644],[-109.116,41.902]]]]}},{"type":"Feature","properties":{"NAME":"Nipmuc","SUBJECTO":"Nipmuc","PARTOF":"Nipmuc","BORDERPRECISION":"1"},"bbox":[-73.023,41.736,-71.376,42.697],"geometry":{"type":"MultiPolygon","coordinates":[[[[-72.325,41.843],[-72.382,41.985],[-72.868,42.165],[-73.023,42.662],[-72.117,42.44],[-71.681,42.697],[-71.376,42.553],[-71.385,41.983],[-71.875,41.736],[-72.309,41.737],[-72.325,41.843]]]]}},{"type":"Feature","properties":{"NAME":"Hanis Coos","SUBJECTO":"Hanis Coos","PARTOF":"Hanis Coos","BORDERPRECISION":"1"},"bbox":[-124.274,43.186,-123.535,43.622],"geometry":{"type":"MultiPolygon","coordinates":[[[[-124.17,43.601],[-123.872,43.622],[-123.535,43.226],[-123.882,43.335],[-124.172,43.186],[-124.274,43.397],[-124.17,43.601]]]]}},{"type":"Feature","properties":{"NAME":"S’atsoyaha (Yuchi)","SUBJECTO":"S’atsoyaha (Yuchi)","PARTOF":"S’atsoyaha (Yuchi)","BORDERPRECISION":"1"},"bbox":[-88.99,33.493,-79.957,39.007],"geometry":{"type":"MultiPolygon","coordinates":[[[[-87.964,33.493],[-88.717,33.569],[-88.945,33.777],[-88.99,34.175],[-88.739,34.776],[-88.648,35.763],[-88.739,37.067],[-88.511,37.574],[-87.827,37.845],[-86.823,37.845],[-85.318,38.169],[-82.306,38.241],[-80.755,39.007],[-80.117,38.865],[-79.957,38.634],[-79.98,38.259],[-80.276,37.647],[-81.166,36.281],[-82.58,34.758],[-82.829,33.823],[-84.478,34.039],[-85.732,33.641],[-87.964,33.493]]]]}},{"type":"Feature","properties":{"NAME":"Shipibo-Konibo","SUBJECTO":"Shipibo-Konibo","PARTOF":"Shipibo-Konibo","BORDERPRECISION":"1"},"bbox":[-75.763,-10.344,-73.517,-6.083],"geometry":{"type":"MultiPolygon","coordinates":[[[[-74.217,-10.241],[-74.635,-9.343],[-74.505,-8.733],[-74.581,-8.594],[-75.472,-9.238],[-75.71,-8.951],[-75.763,-8.272],[-75.512,-7.448],[-75.498,-6.333],[-74.97,-6.083],[-74.732,-6.28],[-74.679,-7.526],[-73.768,-8.69],[-73.543,-9.316],[-73.517,-9.928],[-73.702,-10.344],[-74.125,-10.344],[-74.217,-10.241]]]]}},{"type":"Feature","properties":{"NAME":"Siletz","SUBJECTO":"Siletz","PARTOF":"Siletz","BORDERPRECISION":"1"},"bbox":[-124.074,44.746,-123.718,44.982],"geometry":{"type":"MultiPolygon","coordinates":[[[[-124.074,44.776],[-124.023,44.982],[-123.725,44.97],[-123.718,44.746],[-124.074,44.776]]]]}},{"type":"Feature","properties":{"NAME":"Yakina","SUBJECTO":"Yakina","PARTOF":"Yakina","BORDERPRECISION":"1"},"bbox":[-124.091,44.508,-123.579,44.772],"geometry":{"type":"MultiPolygon","coordinates":[[[[-124.073,44.772],[-123.647,44.739],[-123.579,44.508],[-124.091,44.539],[-124.073,44.772]]]]}},{"type":"Feature","properties":{"NAME":"Eduria (Taiwano)","SUBJECTO":"Eduria (Taiwano)","PARTOF":"Eduria (Taiwano)","BORDERPRECISION":"1"},"bbox":[-71.027,-0.021,-70.071,0.774],"geometry":{"type":"MultiPolygon","coordinates":[[[[-71.027,0.06],[-70.543,0.67],[-70.306,0.774],[-70.166,0.697],[-70.071,0.208],[-70.265,-0.021],[-71.027,0.06]]]]}},{"type":"Feature","properties":{"NAME":"Anishinabewaki ᐊᓂᔑᓈᐯᐗᑭ","SUBJECTO":"Anishinabewaki ᐊᓂᔑᓈᐯᐗᑭ","PARTOF":"Anishinabewaki ᐊᓂᔑᓈᐯᐗᑭ","BORDERPRECISION":"1"},"bbox":[-105.331,42.003,-73.415,53.408],"geometry":{"type":"MultiPolygon","coordinates":[[[[-85.613,44.939],[-85.754,45.009],[-85.543,45.212],[-85.613,44.939]]],[[[-85.564,44.824],[-85.423,44.898],[-85.369,45.203],[-84.952,45.408],[-85.075,45.612],[-84.763,45.817],[-84.948,45.968],[-85.382,46.075],[-86.13,45.947],[-86.64,45.62],[-86.543,45.858],[-86.72,45.867],[-86.935,45.681],[-86.995,45.864],[-87.288,45.474],[-87.621,45.551],[-87.956,45.44],[-89.203,44.403],[-89.611,44.319],[-90.416,44.434],[-92.372,45.255],[-94.149,45.442],[-94.963,45.658],[-96.322,46.799],[-97.992,47.308],[-98.85,48.058],[-100.101,47.664],[-100.605,47.755],[-101.63,48.232],[-101.696,48.899],[-102.386,49.467],[-102.65,50.035],[-102.386,50.456],[-102.826,50.791],[-103.353,50.708],[-104.672,50.791],[-105.199,51.151],[-105.155,52.132],[-105.331,52.455],[-105.023,52.615],[-103.749,52.669],[-101.551,52.455],[-101.2,52.722],[-100.409,52.934],[-99.09,52.855],[-93.729,53.408],[-92.279,52.348],[-90.961,52.401],[-88.719,52.934],[-87.181,53.146],[-86.171,53.04],[-85.731,52.695],[-85.775,52.24],[-84.545,51.699],[-84.017,51.096],[-83.754,49.978],[-83.05,49.438],[-81.503,48.909],[-80.018,48.972],[-78.713,48.659],[-77.113,48.526],[-76.622,48.624],[-76.893,47.956],[-75.945,47.836],[-76.348,47.368],[-75.892,47.29],[-75.906,46.973],[-75.413,46.904],[-75.408,46.54],[-74.593,46.693],[-74.134,46.477],[-73.415,45.772],[-73.737,45.718],[-74.044,45.365],[-74.409,45.557],[-74.858,45.447],[-74.809,45.318],[-75.777,44.573],[-77.037,44.141],[-76.951,44.247],[-77.54,44.091],[-77.084,44.133],[-77.176,44.06],[-79.153,43.772],[-79.896,43.282],[-79.071,43.241],[-79.293,42.859],[-80.023,42.807],[-80.553,42.582],[-81.214,42.689],[-82.593,42.003],[-84.281,42.065],[-85.016,42.279],[-85.426,43.476],[-85.564,44.824]],[[-83.412,43.818],[-83.294,43.954],[-82.836,44.035],[-82.658,43.84],[-82.465,43.195],[-82.354,43.015],[-82.233,43.044],[-81.808,43.318],[-81.719,44.139],[-81.297,44.713],[-81.385,44.993],[-81.698,45.246],[-81.302,45.219],[-81.189,44.943],[-80.991,44.94],[-81.095,44.799],[-80.914,44.736],[-80.907,44.602],[-80.684,44.717],[-80.071,44.52],[-80.081,44.824],[-79.713,44.739],[-79.676,44.867],[-79.778,44.806],[-80.042,45.069],[-80.05,45.365],[-80.297,45.373],[-80.758,45.97],[-81.678,45.942],[-81.476,46.048],[-81.847,45.991],[-81.921,46.028],[-81.74,46.098],[-83.614,46.266],[-83.794,46.257],[-83.927,45.961],[-84.633,46.029],[-84.747,45.854],[-84.634,45.751],[-83.636,45.392],[-83.26,45.024],[-83.438,45.023],[-83.28,44.756],[-83.319,44.429],[-83.917,43.784],[-83.744,43.621],[-83.412,43.818]],[[-89.311,46.881],[-88.299,47.399],[-87.881,47.462],[-87.772,47.401],[-88.161,47.246],[-88.484,46.81],[-87.883,46.898],[-87.273,46.512],[-86.734,46.441],[-85.993,46.672],[-85.1,46.749],[-84.888,46.477],[-84.6,46.46],[-84.492,46.475],[-84.555,46.583],[-84.436,46.708],[-84.562,46.785],[-84.372,46.872],[-84.738,46.953],[-84.623,47.261],[-84.924,47.524],[-84.894,47.86],[-85.941,48.048],[-86.384,48.725],[-87.192,48.774],[-88.095,49.005],[-88.252,48.932],[-88.126,48.792],[-88.169,48.636],[-88.558,48.442],[-88.364,48.702],[-88.43,48.825],[-88.797,48.337],[-88.892,48.314],[-88.888,48.535],[-89.114,48.454],[-89.517,48.004],[-91.15,47.368],[-92.265,46.651],[-90.832,46.944],[-90.884,46.604],[-90.768,46.713],[-90.527,46.603],[-89.311,46.881]]]]}},{"type":"Feature","properties":{"NAME":"Wayana","SUBJECTO":"Wayana","PARTOF":"Wayana","BORDERPRECISION":"1"},"bbox":[-55.803,-0.066,-53.785,3.687],"geometry":{"type":"MultiPolygon","coordinates":[[[[-53.998,3.504],[-53.885,3.29],[-54.004,2.827],[-54.698,2.034],[-54.686,1.779],[-53.785,0.461],[-54.222,0.02],[-54.657,-0.066],[-54.979,0.13],[-55.491,0.761],[-55.803,2.983],[-55.68,3.354],[-55.282,3.621],[-54.928,3.687],[-53.998,3.504]]]]}},{"type":"Feature","properties":{"NAME":"Lipi","SUBJECTO":"Lipi","PARTOF":"Lipi","BORDERPRECISION":"1"},"bbox":[-68.682,-22.907,-66.093,-19.445],"geometry":{"type":"MultiPolygon","coordinates":[[[[-66.177,-21.765],[-66.342,-22.07],[-67.091,-22.771],[-67.627,-22.907],[-67.948,-22.816],[-68.071,-21.91],[-68.682,-20.557],[-68.674,-19.665],[-68.44,-19.445],[-67.806,-19.616],[-67.436,-19.522],[-67.23,-19.592],[-66.826,-20.196],[-66.299,-20.304],[-66.093,-21.205],[-66.177,-21.765]]]]}},{"type":"Feature","properties":{"NAME":"Sisseton","SUBJECTO":"Sisseton","PARTOF":"Sisseton","BORDERPRECISION":"1"},"bbox":[-97.915,47.27,-93.056,48.771],"geometry":{"type":"MultiPolygon","coordinates":[[[[-93.137,47.432],[-93.322,47.27],[-97.184,47.318],[-97.665,47.525],[-97.881,47.968],[-97.915,48.622],[-97.72,48.771],[-97.286,48.765],[-93.312,48.372],[-93.056,47.864],[-93.137,47.432]]]]}},{"type":"Feature","properties":{"NAME":"Tupinambá","SUBJECTO":"Tupinambá","PARTOF":"Tupinambá","BORDERPRECISION":"1"},"bbox":[-39.315,-16.006,-38.968,-14.924],"geometry":{"type":"MultiPolygon","coordinates":[[[[-38.983,-15.557],[-38.968,-15.745],[-39.208,-16.006],[-39.315,-15.116],[-39.098,-14.924],[-38.983,-15.557]]]]}},{"type":"Feature","properties":{"NAME":"Poqomchi’","SUBJECTO":"Poqomchi’","PARTOF":"Poqomchi’","BORDERPRECISION":"1"},"bbox":[-90.632,15.157,-89.923,15.443],"geometry":{"type":"MultiPolygon","coordinates":[[[[-90.533,15.443],[-89.923,15.311],[-89.967,15.157],[-90.632,15.199],[-90.533,15.443]]]]}},{"type":"Feature","properties":{"NAME":"Mattamuskeet","SUBJECTO":"Mattamuskeet","PARTOF":"Mattamuskeet","BORDERPRECISION":"1"},"bbox":[-76.573,35.408,-75.924,35.709],"geometry":{"type":"MultiPolygon","coordinates":[[[[-76.027,35.473],[-76.358,35.408],[-76.573,35.57],[-76.179,35.709],[-75.924,35.627],[-76.027,35.473]]]]}},{"type":"Feature","properties":{"NAME":"Kaxixó","SUBJECTO":"Kaxixó","PARTOF":"Kaxixó","BORDERPRECISION":"1"},"bbox":[-45.519,-19.543,-44.652,-19.01],"geometry":{"type":"MultiPolygon","coordinates":[[[[-45.453,-19.136],[-45.029,-19.01],[-44.697,-19.169],[-44.652,-19.356],[-44.842,-19.519],[-45.278,-19.543],[-45.519,-19.399],[-45.453,-19.136]]]]}},{"type":"Feature","properties":{"NAME":"Coast Yuki","SUBJECTO":"Coast Yuki","PARTOF":"Coast Yuki","BORDERPRECISION":"1"},"bbox":[-123.849,39.529,-123.495,39.833],"geometry":{"type":"MultiPolygon","coordinates":[[[[-123.82,39.607],[-123.827,39.833],[-123.495,39.554],[-123.849,39.529],[-123.82,39.607]]]]}},{"type":"Feature","properties":{"NAME":"Pataxó","SUBJECTO":"Pataxó","PARTOF":"Pataxó","BORDERPRECISION":"1"},"bbox":[-40.166,-18.731,-39.115,-16.694],"geometry":{"type":"MultiPolygon","coordinates":[[[[-39.208,-17.146],[-39.142,-17.775],[-39.666,-18.227],[-39.8,-18.731],[-39.95,-18.677],[-40.166,-18.449],[-39.885,-17.114],[-39.701,-16.81],[-39.34,-16.694],[-39.115,-16.736],[-39.208,-17.146]]]]}},{"type":"Feature","properties":{"NAME":"Mohican","SUBJECTO":"Mohican","PARTOF":"Mohican","BORDERPRECISION":"1"},"bbox":[-74.564,41.434,-72.74,44.19],"geometry":{"type":"MultiPolygon","coordinates":[[[[-73.334,44.19],[-72.894,43.668],[-72.861,43.333],[-73.081,42.707],[-73.015,42.423],[-72.74,42.229],[-73.147,42.041],[-72.993,41.591],[-73.07,41.451],[-73.575,41.665],[-74.048,41.434],[-73.949,42.115],[-74.377,42.188],[-74.542,42.326],[-74.564,42.537],[-73.674,43.421],[-73.334,44.19]]]]}},{"type":"Feature","properties":{"NAME":"Stellat'en","SUBJECTO":"Stellat'en","PARTOF":"Stellat'en","BORDERPRECISION":"1"},"bbox":[-126.811,53.579,-124.439,54.531],"geometry":{"type":"MultiPolygon","coordinates":[[[[-124.893,53.67],[-124.988,53.579],[-125.243,53.773],[-125.654,53.855],[-126.6,53.899],[-126.518,54.026],[-126.811,54.237],[-125.939,54.126],[-125.65,54.303],[-125.017,54.259],[-125.242,54.472],[-124.751,54.531],[-124.874,54.45],[-124.492,54.262],[-124.654,54.145],[-124.439,53.963],[-124.893,53.67]]]]}},{"type":"Feature","properties":{"NAME":"Ishir Tomárãho","SUBJECTO":"Ishir Tomárãho","PARTOF":"Ishir Tomárãho","BORDERPRECISION":"1"},"bbox":[-58.188,-20.901,-57.867,-20.614],"geometry":{"type":"MultiPolygon","coordinates":[[[[-58.014,-20.614],[-57.867,-20.734],[-57.934,-20.901],[-58.188,-20.79],[-58.163,-20.635],[-58.014,-20.614]]]]}},{"type":"Feature","properties":{"NAME":"Nacotchtank (Anacostan)","SUBJECTO":"Nacotchtank (Anacostan)","PARTOF":"Nacotchtank (Anacostan)","BORDERPRECISION":"1"},"bbox":[-77.164,38.809,-76.696,39.058],"geometry":{"type":"MultiPolygon","coordinates":[[[[-77.026,38.809],[-77.164,38.974],[-77.096,39.058],[-76.696,38.959],[-76.716,38.822],[-77.026,38.809]]]]}},{"type":"Feature","properties":{"NAME":"Cree","SUBJECTO":"Cree","PARTOF":"Cree","BORDERPRECISION":"1"},"bbox":[-118.311,46.559,-75.586,59.266],"geometry":{"type":"MultiPolygon","coordinates":[[[[-92.888,58.208],[-92.576,57.763],[-93.076,57.563],[-92.455,57.481],[-92.483,56.977],[-91.337,57.163],[-90.445,57.144],[-88.767,56.738],[-87.914,56.332],[-87.467,55.912],[-85.892,55.61],[-84.717,55.214],[-83.576,55.223],[-82.53,55.078],[-82.229,54.906],[-82.399,54.271],[-82.16,53.802],[-82.341,52.981],[-81.734,52.549],[-81.747,52.17],[-80.877,51.906],[-80.361,51.304],[-80.052,51.286],[-78.662,49.554],[-76.729,48.575],[-75.586,46.92],[-84.463,46.559],[-84.481,46.817],[-84.372,46.872],[-84.489,46.923],[-84.727,50.233],[-88.33,54.623],[-90.791,55.179],[-94.131,54.317],[-95.273,53.697],[-96.68,53.383],[-97.822,53.278],[-98.701,53.015],[-97.998,52.107],[-96.768,51.509],[-96.504,51.069],[-97.119,50.792],[-98.086,50.681],[-99.141,51.836],[-100.02,52.16],[-101.689,51.781],[-104.218,52.027],[-104.854,51.89],[-106.897,50.948],[-106.932,50.763],[-107.489,50.611],[-108.305,50.644],[-108.668,50.923],[-109.02,50.994],[-109.966,50.934],[-112.344,52.27],[-113.098,52.186],[-113.83,52.27],[-114.76,51.681],[-115.983,51.633],[-116.203,51.693],[-116.401,52.051],[-116.706,52.024],[-117.961,52.849],[-118.311,53.75],[-116.279,55.129],[-116.016,57.61],[-114.346,58.723],[-112.236,59.176],[-102.48,59.266],[-97.119,59.131],[-96.416,58.905],[-93.047,58.501],[-92.888,58.208]]]]}},{"type":"Feature","properties":{"NAME":"Kanienʼkehá꞉ka (Mohawk)","SUBJECTO":"Kanienʼkehá꞉ka (Mohawk)","PARTOF":"Kanienʼkehá꞉ka (Mohawk)","BORDERPRECISION":"1"},"bbox":[-75.74,42.305,-73.121,45.788],"geometry":{"type":"MultiPolygon","coordinates":[[[[-73.34,44.702],[-73.329,44.014],[-73.607,43.177],[-73.969,42.833],[-75.044,42.305],[-74.895,42.828],[-75.07,43.072],[-75.137,43.323],[-75.029,43.379],[-75.74,45.461],[-75.01,45.761],[-73.399,45.788],[-73.121,45.234],[-73.34,44.702]]]]}},{"type":"Feature","properties":{"NAME":"Yjxa","SUBJECTO":"Yjxa","PARTOF":"Yjxa","BORDERPRECISION":"1"},"bbox":[-64.343,-9.482,-63.167,-8.946],"geometry":{"type":"MultiPolygon","coordinates":[[[[-64.335,-9.21],[-63.307,-8.946],[-63.167,-9.296],[-64.124,-9.482],[-64.343,-9.416],[-64.335,-9.21]]]]}},{"type":"Feature","properties":{"NAME":"Wahpeton","SUBJECTO":"Wahpeton","PARTOF":"Wahpeton","BORDERPRECISION":"1"},"bbox":[-95.175,42.435,-91.433,44.575],"geometry":{"type":"MultiPolygon","coordinates":[[[[-95.175,43.357],[-94.987,44.501],[-93.943,44.378],[-91.752,44.575],[-91.494,43.839],[-91.545,43.138],[-91.433,42.753],[-91.545,42.435],[-94.392,42.581],[-94.918,42.892],[-95.175,43.357]]]]}},{"type":"Feature","properties":{"NAME":"Omaguaca","SUBJECTO":"Omaguaca","PARTOF":"Omaguaca","BORDERPRECISION":"1"},"bbox":[-66.065,-23.992,-64.937,-22.529],"geometry":{"type":"MultiPolygon","coordinates":[[[[-65.601,-23.931],[-66.048,-23.346],[-66.065,-23.064],[-65.841,-22.697],[-65.327,-22.529],[-64.937,-23.422],[-65.294,-23.886],[-65.46,-23.992],[-65.601,-23.931]]]]}},{"type":"Feature","properties":{"NAME":"Irritilas/Lagunero","SUBJECTO":"Irritilas/Lagunero","PARTOF":"Irritilas/Lagunero","BORDERPRECISION":"1"},"bbox":[-103.922,25.197,-101.318,27.068],"geometry":{"type":"MultiPolygon","coordinates":[[[[-103.562,25.197],[-103.922,25.664],[-103.787,25.761],[-103.784,25.986],[-103.562,26.254],[-102.741,26.756],[-102.704,27.068],[-102.081,27.006],[-101.935,26.686],[-101.338,26.204],[-101.318,26.044],[-102.471,25.271],[-103.316,25.303],[-103.562,25.197]]]]}},{"type":"Feature","properties":{"NAME":"K'iche'","SUBJECTO":"K'iche'","PARTOF":"K'iche'","BORDERPRECISION":"1"},"bbox":[-91.717,14.307,-90.499,15.489],"geometry":{"type":"MultiPolygon","coordinates":[[[[-91.428,14.307],[-91.717,14.372],[-91.628,15.018],[-91.349,15.489],[-90.867,15.482],[-90.499,15.274],[-90.68,15.151],[-90.61,14.862],[-91.203,14.823],[-91.306,14.519],[-91.167,14.405],[-91.428,14.307]]]]}},{"type":"Feature","properties":{"NAME":"Woodland Cree","SUBJECTO":"Woodland Cree","PARTOF":"Woodland Cree","BORDERPRECISION":"1"},"bbox":[-117.345,53.553,-113.368,56.511],"geometry":{"type":"MultiPolygon","coordinates":[[[[-115.323,56.511],[-115.334,56.048],[-115.082,55.752],[-114.675,55.304],[-114.005,55.053],[-114.027,54.521],[-113.533,54.175],[-113.368,53.671],[-113.434,53.553],[-114.049,53.579],[-114.335,53.775],[-116.609,54.317],[-117.345,54.902],[-117.191,55.702],[-117.191,56.158],[-117.279,56.182],[-117.015,56.414],[-115.323,56.511]]]]}},{"type":"Feature","properties":{"NAME":"Jeaga","SUBJECTO":"Jeaga","PARTOF":"Jeaga","BORDERPRECISION":"1"},"bbox":[-80.375,26.721,-80.063,26.963],"geometry":{"type":"MultiPolygon","coordinates":[[[[-80.078,26.923],[-80.063,26.723],[-80.327,26.721],[-80.375,26.963],[-80.078,26.923]]]]}},{"type":"Feature","properties":{"NAME":"Skaruhreh/Tuscarora (North Carolina)","SUBJECTO":"Skaruhreh/Tuscarora (North Carolina)","PARTOF":"Skaruhreh/Tuscarora (North Carolina)","BORDERPRECISION":"1"},"bbox":[-79.92,34.496,-77.053,36.593],"geometry":{"type":"MultiPolygon","coordinates":[[[[-77.053,35.58],[-77.069,35.408],[-77.662,34.77],[-78.748,34.513],[-78.966,34.496],[-79.337,34.855],[-79.92,35.117],[-79.426,35.816],[-78.177,36.257],[-77.728,36.593],[-77.317,36.519],[-77.073,36.067],[-77.053,35.58]]]]}},{"type":"Feature","properties":{"NAME":"Brunka","SUBJECTO":"Brunka","PARTOF":"Brunka","BORDERPRECISION":"1"},"bbox":[-84.148,8.963,-82.954,9.49],"geometry":{"type":"MultiPolygon","coordinates":[[[[-83.533,8.999],[-84.148,9.428],[-83.639,9.49],[-82.954,9.209],[-83.056,8.963],[-83.533,8.999]]]]}},{"type":"Feature","properties":{"NAME":"Inga","SUBJECTO":"Inga","PARTOF":"Inga","BORDERPRECISION":"1"},"bbox":[-77.593,0.944,-76.471,1.62],"geometry":{"type":"MultiPolygon","coordinates":[[[[-76.471,0.982],[-76.902,0.944],[-77.155,1.168],[-77.511,1.182],[-77.593,1.481],[-77.355,1.62],[-77.003,1.372],[-76.68,1.341],[-76.471,0.982]]]]}},{"type":"Feature","properties":{"NAME":"Waorani","SUBJECTO":"Waorani","PARTOF":"Waorani","BORDERPRECISION":"1"},"bbox":[-77.578,-1.702,-75.454,-0.707],"geometry":{"type":"MultiPolygon","coordinates":[[[[-75.617,-1.589],[-76.129,-1.702],[-76.963,-1.268],[-77.199,-1.455],[-77.534,-1.389],[-77.578,-1.259],[-77.22,-0.931],[-76.743,-0.929],[-76.354,-0.707],[-76.184,-0.924],[-76.005,-0.93],[-76.004,-1.174],[-75.454,-1.08],[-75.617,-1.589]]]]}},{"type":"Feature","properties":{"NAME":"Me̱'pha̱a̱ (Tlapaneco)","SUBJECTO":"Me̱'pha̱a̱ (Tlapaneco)","PARTOF":"Me̱'pha̱a̱ (Tlapaneco)","BORDERPRECISION":"1"},"bbox":[-99.419,16.597,-98.38,17.644],"geometry":{"type":"MultiPolygon","coordinates":[[[[-98.856,16.597],[-99.419,16.765],[-99.325,17.32],[-99.268,17.466],[-98.468,17.644],[-98.38,17.36],[-98.453,16.896],[-98.856,16.597]]]]}},{"type":"Feature","properties":{"NAME":"Patawomeck","SUBJECTO":"Patawomeck","PARTOF":"Patawomeck","BORDERPRECISION":"1"},"bbox":[-77.592,38.216,-77.273,38.473],"geometry":{"type":"MultiPolygon","coordinates":[[[[-77.273,38.422],[-77.363,38.216],[-77.592,38.355],[-77.494,38.473],[-77.273,38.422]]]]}},{"type":"Feature","properties":{"NAME":"Henîa-Kamiare","SUBJECTO":"Henîa-Kamiare","PARTOF":"Henîa-Kamiare","BORDERPRECISION":"1"},"bbox":[-65.921,-34.561,-62.5,-29.546],"geometry":{"type":"MultiPolygon","coordinates":[[[[-65.171,-34.552],[-65.835,-32.431],[-65.921,-30.962],[-65.719,-30.542],[-64.942,-29.721],[-64.655,-29.596],[-64.194,-29.546],[-62.846,-29.896],[-62.549,-30.308],[-62.5,-30.952],[-62.891,-32.028],[-63.741,-33.244],[-64.105,-34.283],[-64.437,-34.561],[-65.171,-34.552]]]]}},{"type":"Feature","properties":{"NAME":"Youghtanund","SUBJECTO":"Youghtanund","PARTOF":"Youghtanund","BORDERPRECISION":"1"},"bbox":[-77.551,37.56,-77.14,37.809],"geometry":{"type":"MultiPolygon","coordinates":[[[[-77.14,37.602],[-77.414,37.56],[-77.551,37.722],[-77.374,37.809],[-77.14,37.602]]]]}},{"type":"Feature","properties":{"NAME":"Jicarilla Apache","SUBJECTO":"Jicarilla Apache","PARTOF":"Jicarilla Apache","BORDERPRECISION":"1"},"bbox":[-107.359,34.519,-101.912,38.877],"geometry":{"type":"MultiPolygon","coordinates":[[[[-102.043,38.35],[-101.912,38.242],[-101.919,37.2],[-103.021,36.14],[-103.072,35.629],[-102.729,34.973],[-103.603,34.964],[-104.437,34.667],[-104.865,35.009],[-105.194,35.078],[-105.414,34.629],[-105.653,34.519],[-106.363,34.955],[-105.987,35.469],[-106.627,35.227],[-107.058,35.43],[-107.194,35.643],[-107.141,36.308],[-107.359,36.857],[-107.195,37.116],[-106.769,37.337],[-107.259,37.658],[-106.387,38.25],[-104.927,38.877],[-102.043,38.35]]]]}},{"type":"Feature","properties":{"NAME":"sc̓əwaθenaɁɬ təməxʷ (Tsawwassen)","SUBJECTO":"sc̓əwaθenaɁɬ təməxʷ (Tsawwassen)","PARTOF":"sc̓əwaθenaɁɬ təməxʷ (Tsawwassen)","BORDERPRECISION":"1"},"bbox":[-123.099,49.031,-122.423,49.595],"geometry":{"type":"MultiPolygon","coordinates":[[[[-122.9,49.067],[-123.099,49.204],[-122.756,49.252],[-122.728,49.532],[-122.492,49.595],[-122.423,49.473],[-122.769,49.194],[-122.561,49.031],[-122.9,49.067]]]]}},{"type":"Feature","properties":{"NAME":"Kaqchikel","SUBJECTO":"Kaqchikel","PARTOF":"Kaqchikel","BORDERPRECISION":"1"},"bbox":[-91.446,13.937,-90.396,14.941],"geometry":{"type":"MultiPolygon","coordinates":[[[[-90.897,13.937],[-91.446,14.032],[-91.199,14.619],[-91.279,14.785],[-90.986,14.941],[-90.396,14.908],[-90.897,13.937]]]]}},{"type":"Feature","properties":{"NAME":"Na-cho Nyak Dun","SUBJECTO":"Na-cho Nyak Dun","PARTOF":"Na-cho Nyak Dun","BORDERPRECISION":"1"},"bbox":[-139.162,62.785,-129.665,67.693],"geometry":{"type":"MultiPolygon","coordinates":[[[[-136.211,67.049],[-135.098,67.261],[-134.901,67.354],[-134.841,67.595],[-134.596,67.693],[-134.16,67.621],[-133.799,67.49],[-133.53,67.106],[-133.106,66.891],[-133.087,66.54],[-132.781,66.433],[-132.666,66.252],[-131.078,65.867],[-129.844,65.393],[-129.665,63.361],[-130.126,63.253],[-130.252,63.159],[-130.171,63.034],[-130.81,62.849],[-131.689,62.785],[-133.374,63.043],[-137.333,62.818],[-138.859,63.197],[-138.635,63.303],[-139.162,63.765],[-138.608,64.001],[-138.484,64.307],[-138.204,64.465],[-138.404,64.702],[-138.127,65.05],[-138.359,65.074],[-138.208,65.309],[-138.235,65.533],[-137.747,65.857],[-137.382,65.92],[-137.229,66.145],[-136.732,66.291],[-136.702,66.447],[-136.319,66.556],[-136.358,66.903],[-136.211,67.049]]]]}},{"type":"Feature","properties":{"NAME":"Otoe-Missouri (Oklahoma)","SUBJECTO":"Otoe-Missouri (Oklahoma)","PARTOF":"Otoe-Missouri (Oklahoma)","BORDERPRECISION":"1"},"bbox":[-97.247,36.333,-96.925,36.507],"geometry":{"type":"MultiPolygon","coordinates":[[[[-96.925,36.463],[-96.925,36.333],[-97.247,36.333],[-97.247,36.507],[-96.925,36.463]]]]}},{"type":"Feature","properties":{"NAME":"Chicora","SUBJECTO":"Chicora","PARTOF":"Chicora","BORDERPRECISION":"1"},"bbox":[-79.443,33.257,-78.541,33.956],"geometry":{"type":"MultiPolygon","coordinates":[[[[-78.621,33.811],[-79.204,33.46],[-79.309,33.257],[-79.443,33.367],[-79.384,33.569],[-78.978,33.922],[-78.669,33.956],[-78.541,33.87],[-78.621,33.811]]]]}},{"type":"Feature","properties":{"NAME":"Harakbut","SUBJECTO":"Harakbut","PARTOF":"Harakbut","BORDERPRECISION":"1"},"bbox":[-71.775,-13.375,-69.267,-12.235],"geometry":{"type":"MultiPolygon","coordinates":[[[[-71.775,-12.944],[-70.722,-12.235],[-69.685,-12.538],[-69.355,-12.462],[-69.267,-12.579],[-69.341,-12.77],[-70.148,-13.271],[-70.662,-13.375],[-70.996,-13.119],[-71.626,-13.065],[-71.775,-12.944]]]]}},{"type":"Feature","properties":{"NAME":"Cahita","SUBJECTO":"Cahita","PARTOF":"Cahita","BORDERPRECISION":"1"},"bbox":[-109.133,25.518,-107.913,26.991],"geometry":{"type":"MultiPolygon","coordinates":[[[[-108.848,25.615],[-109.133,25.676],[-109.127,26.215],[-108.353,26.991],[-108.182,26.78],[-108.094,26.106],[-107.913,25.943],[-108.232,25.765],[-108.594,25.928],[-108.748,25.518],[-108.848,25.615]]]]}},{"type":"Feature","properties":{"NAME":"Zenú","SUBJECTO":"Zenú","PARTOF":"Zenú","BORDERPRECISION":"1"},"bbox":[-76.694,7.658,-74.069,10.025],"geometry":{"type":"MultiPolygon","coordinates":[[[[-76.563,8.846],[-76.158,9.311],[-75.703,9.426],[-75.557,10.025],[-74.906,9.349],[-74.105,8.901],[-74.069,8.302],[-74.675,7.79],[-75.761,7.658],[-76.456,7.984],[-76.694,8.746],[-76.563,8.846]]]]}},{"type":"Feature","properties":{"NAME":"Warraskoyack","SUBJECTO":"Warraskoyack","PARTOF":"Warraskoyack","BORDERPRECISION":"1"},"bbox":[-77.106,36.816,-76.531,37.142],"geometry":{"type":"MultiPolygon","coordinates":[[[[-76.648,37.142],[-76.531,36.894],[-76.942,36.816],[-77.106,37.006],[-76.648,37.142]]]]}},{"type":"Feature","properties":{"NAME":"Muckleshoot","SUBJECTO":"Muckleshoot","PARTOF":"Muckleshoot","BORDERPRECISION":"1"},"bbox":[-122.385,47.083,-121.567,47.636],"geometry":{"type":"MultiPolygon","coordinates":[[[[-121.971,47.083],[-122.34,47.387],[-122.385,47.636],[-121.567,47.187],[-121.595,47.084],[-121.971,47.083]]]]}},{"type":"Feature","properties":{"NAME":"Cascades","SUBJECTO":"Cascades","PARTOF":"Cascades","BORDERPRECISION":"1"},"bbox":[-122.623,45.229,-121.648,45.704],"geometry":{"type":"MultiPolygon","coordinates":[[[[-122.623,45.596],[-122.226,45.557],[-121.667,45.704],[-121.832,45.542],[-121.648,45.229],[-121.989,45.238],[-122.623,45.596]]]]}},{"type":"Feature","properties":{"NAME":"Pykopcatejê","SUBJECTO":"Pykopcatejê","PARTOF":"Pykopcatejê","BORDERPRECISION":"1"},"bbox":[-46.777,-5.641,-46.566,-5.344],"geometry":{"type":"MultiPolygon","coordinates":[[[[-46.777,-5.344],[-46.57,-5.436],[-46.566,-5.641],[-46.716,-5.618],[-46.777,-5.344]]]]}},{"type":"Feature","properties":{"NAME":"Inupiat","SUBJECTO":"Inupiat","PARTOF":"Inupiat","BORDERPRECISION":"1"},"bbox":[-168.18,63.857,-133.722,71.346],"geometry":{"type":"MultiPolygon","coordinates":[[[[-161.006,64.158],[-161.361,64.51],[-160.79,64.64],[-160.902,64.813],[-161.291,64.964],[-163.025,64.442],[-163.883,64.591],[-165.741,64.559],[-166.586,64.73],[-166.669,65.085],[-165.663,65.246],[-168.18,65.694],[-164.463,66.596],[-163.782,66.538],[-163.843,66.178],[-162.759,66.063],[-161.979,66.116],[-161.261,66.396],[-160.125,66.339],[-160.032,66.568],[-161.796,66.749],[-161.936,67.088],[-163.739,67.218],[-163.826,67.448],[-164.513,67.797],[-166.844,68.405],[-166.335,68.661],[-166.297,68.88],[-164.067,69.065],[-163.714,69.224],[-162.879,69.999],[-162.177,70.284],[-161.188,70.44],[-159.905,70.427],[-159.91,70.604],[-160.24,70.858],[-157.812,70.971],[-156.905,71.346],[-156.043,71.223],[-155.973,71.145],[-156.145,71.083],[-156.138,70.928],[-155.475,70.852],[-155.1,71.077],[-152.971,70.934],[-151.915,70.496],[-149.286,70.539],[-145.273,70.116],[-143.308,70.197],[-141.161,69.599],[-139.901,69.571],[-137.729,69.016],[-136.203,68.876],[-135.61,68.704],[-135.496,68.719],[-136.015,69.147],[-136.044,69.336],[-135.439,69.526],[-133.722,69.507],[-133.913,69.133],[-133.775,68.451],[-133.888,68.123],[-136.334,68.163],[-139.456,68.421],[-145.429,69.218],[-146.684,69.245],[-148.21,69.059],[-149.737,68.586],[-151.008,68.008],[-151.986,67.085],[-152.606,66.677],[-156.898,66.148],[-158.04,65.856],[-158.498,65.602],[-159.225,64.341],[-159.869,63.899],[-160.89,63.857],[-161.006,64.158]]]]}},{"type":"Feature","properties":{"NAME":"Lil'wat","SUBJECTO":"Lil'wat","PARTOF":"Lil'wat","BORDERPRECISION":"1"},"bbox":[-123.961,49.795,-121.966,50.964],"geometry":{"type":"MultiPolygon","coordinates":[[[[-123.885,50.87],[-123.717,50.964],[-122.596,50.402],[-122.221,50.535],[-121.966,50.414],[-121.981,50.098],[-122.739,50.136],[-122.856,49.795],[-123.005,49.85],[-123.324,50.163],[-123.926,50.412],[-123.961,50.602],[-123.816,50.691],[-123.961,50.785],[-123.885,50.87]]]]}},{"type":"Feature","properties":{"NAME":"Dau Nom Wintu","SUBJECTO":"Dau Nom Wintu","PARTOF":"Dau Nom Wintu","BORDERPRECISION":"1"},"bbox":[-123.107,40.201,-122.196,40.665],"geometry":{"type":"MultiPolygon","coordinates":[[[[-122.196,40.445],[-123.107,40.201],[-123.035,40.448],[-122.707,40.665],[-122.196,40.445]]]]}},{"type":"Feature","properties":{"NAME":"Surui Paiter","SUBJECTO":"Surui Paiter","PARTOF":"Surui Paiter","BORDERPRECISION":"1"},"bbox":[-61.447,-11.262,-60.922,-10.738],"geometry":{"type":"MultiPolygon","coordinates":[[[[-61.447,-10.762],[-60.925,-10.738],[-60.922,-10.964],[-61.133,-11.243],[-61.322,-11.262],[-61.44,-11.119],[-61.447,-10.762]]]]}},{"type":"Feature","properties":{"NAME":"Confederated Villages of Lisjan","SUBJECTO":"Confederated Villages of Lisjan","PARTOF":"Confederated Villages of Lisjan","BORDERPRECISION":"1"},"bbox":[-122.414,37.389,-121.118,38.32],"geometry":{"type":"MultiPolygon","coordinates":[[[[-122.293,37.79],[-122.414,37.979],[-122.286,38.119],[-122.15,38.069],[-121.98,38.2],[-121.808,38.095],[-121.443,38.32],[-121.32,38.303],[-121.118,37.741],[-121.472,37.471],[-121.854,37.389],[-122.293,37.79]]]]}},{"type":"Feature","properties":{"NAME":"Juma (Kawahib)","SUBJECTO":"Juma (Kawahib)","PARTOF":"Juma (Kawahib)","BORDERPRECISION":"1"},"bbox":[-64.097,-7.422,-63.844,-7.264],"geometry":{"type":"MultiPolygon","coordinates":[[[[-64.097,-7.264],[-63.844,-7.314],[-63.847,-7.422],[-64.065,-7.412],[-64.097,-7.264]]]]}},{"type":"Feature","properties":{"NAME":"Guasaves/Tamazulas","SUBJECTO":"Guasaves/Tamazulas","PARTOF":"Guasaves/Tamazulas","BORDERPRECISION":"1"},"bbox":[-109.293,25.207,-108.351,26.03],"geometry":{"type":"MultiPolygon","coordinates":[[[[-108.499,25.241],[-108.848,25.615],[-109.263,25.646],[-109.293,26.03],[-108.898,25.92],[-108.351,25.512],[-108.357,25.207],[-108.499,25.241]]]]}},{"type":"Feature","properties":{"NAME":"Shanenawa","SUBJECTO":"Shanenawa","PARTOF":"Shanenawa","BORDERPRECISION":"1"},"bbox":[-71.649,-8.111,-70.322,-7.53],"geometry":{"type":"MultiPolygon","coordinates":[[[[-71.475,-7.595],[-71.222,-7.53],[-71.151,-7.812],[-70.421,-7.967],[-70.322,-8.111],[-70.499,-8.109],[-70.421,-7.968],[-71.154,-7.818],[-71.543,-8.049],[-71.649,-7.852],[-71.475,-7.595]]]]}},{"type":"Feature","properties":{"NAME":"Esketemculeucw (Esk'etemc)","SUBJECTO":"Esketemculeucw (Esk'etemc)","PARTOF":"Esketemculeucw (Esk'etemc)","BORDERPRECISION":"1"},"bbox":[-123.869,50.955,-121.179,52.111],"geometry":{"type":"MultiPolygon","coordinates":[[[[-123.765,50.955],[-123.869,51.116],[-123.711,51.444],[-122.852,52.015],[-122.312,52.111],[-121.281,52.027],[-121.179,51.922],[-121.243,51.75],[-121.651,51.539],[-121.84,51.671],[-122.306,51.609],[-122.116,51.172],[-122.279,51.008],[-123.765,50.955]]]]}},{"type":"Feature","properties":{"NAME":"Coahuiltecan","SUBJECTO":"Coahuiltecan","PARTOF":"Coahuiltecan","BORDERPRECISION":"1"},"bbox":[-103.472,24.821,-94.426,30.689],"geometry":{"type":"MultiPolygon","coordinates":[[[[-94.426,29.543],[-94.797,29.563],[-94.857,29.784],[-95.007,29.758],[-94.845,29.346],[-95.239,29.058],[-96.015,28.656],[-96.717,28.712],[-96.774,28.623],[-96.577,28.426],[-96.685,28.248],[-97.568,27.909],[-97.267,27.674],[-97.632,27.228],[-97.638,26.847],[-97.26,25.811],[-97.72,24.821],[-99.8,25.632],[-100.811,25.721],[-102.008,26.215],[-102.184,26.362],[-102.261,26.922],[-102.916,27.484],[-103.323,28.354],[-103.472,29.059],[-103.275,29.6],[-102.769,30.026],[-102.024,30.364],[-100.566,30.626],[-97.704,30.689],[-96.081,30.472],[-95.12,30.13],[-94.561,29.813],[-94.426,29.543]]]]}},{"type":"Feature","properties":{"NAME":"Matsés (Mayoruna)","SUBJECTO":"Matsés (Mayoruna)","PARTOF":"Matsés (Mayoruna)","BORDERPRECISION":"1"},"bbox":[-73.476,-6.137,-71.957,-4.69],"geometry":{"type":"MultiPolygon","coordinates":[[[[-73.467,-5.185],[-72.708,-4.69],[-72.244,-4.74],[-71.957,-5.483],[-72.053,-6.122],[-72.791,-6.137],[-73.347,-5.977],[-73.476,-5.696],[-73.467,-5.185]]]]}},{"type":"Feature","properties":{"NAME":"Caxcan","SUBJECTO":"Caxcan","PARTOF":"Caxcan","BORDERPRECISION":"1"},"bbox":[-104.067,20.499,-102.418,22.579],"geometry":{"type":"MultiPolygon","coordinates":[[[[-102.82,22.259],[-102.418,21.379],[-103.002,21.151],[-103.968,20.499],[-104.067,20.663],[-103.718,21.173],[-103.767,21.633],[-103.548,21.905],[-103.79,22.301],[-103.759,22.57],[-103.212,22.579],[-102.82,22.259]]]]}},{"type":"Feature","properties":{"NAME":"ZioBain (Siona)","SUBJECTO":"ZioBain (Siona)","PARTOF":"ZioBain (Siona)","BORDERPRECISION":"1"},"bbox":[-76.58,-0.502,-74.371,0.722],"geometry":{"type":"MultiPolygon","coordinates":[[[[-75.725,-0.125],[-75.971,-0.307],[-76.561,-0.304],[-76.529,-0.123],[-76.305,-0.115],[-76.254,0.006],[-76.58,0.578],[-75.854,0.722],[-75.493,0.14],[-74.641,-0.119],[-74.371,-0.342],[-74.513,-0.502],[-75.021,-0.243],[-75.725,-0.125]]]]}},{"type":"Feature","properties":{"NAME":"Diaguita","SUBJECTO":"Diaguita","PARTOF":"Diaguita","BORDERPRECISION":"1"},"bbox":[-71.682,-31.549,-65.485,-21.271],"geometry":{"type":"MultiPolygon","coordinates":[[[[-71.652,-31.241],[-71.682,-30.6],[-71.237,-29.85],[-71.234,-29.519],[-71.43,-29.1],[-71.192,-28.215],[-70.552,-28.026],[-69.755,-27.088],[-68.825,-26.462],[-69.124,-24.778],[-68.707,-23.746],[-68.697,-23.228],[-68.419,-22.45],[-67.946,-21.767],[-67.377,-21.467],[-66.795,-21.271],[-66.127,-21.444],[-65.768,-22.054],[-66.149,-22.88],[-66.161,-23.153],[-65.802,-23.63],[-65.629,-24.219],[-65.79,-25.118],[-65.485,-26.337],[-65.627,-26.813],[-66.115,-27.265],[-67.429,-27.486],[-67.642,-27.722],[-67.869,-28.348],[-68.157,-28.517],[-68.963,-28.591],[-69.695,-29.521],[-70.47,-29.901],[-70.756,-31.324],[-70.927,-31.45],[-71.608,-31.549],[-71.652,-31.241]]]]}},{"type":"Feature","properties":{"NAME":"Muscogee (Oklahoma)","SUBJECTO":"Muscogee (Oklahoma)","PARTOF":"Muscogee (Oklahoma)","BORDERPRECISION":"1"},"bbox":[-96.624,34.911,-95.307,36.164],"geometry":{"type":"MultiPolygon","coordinates":[[[[-96.624,35.401],[-96.621,36.164],[-95.337,36.161],[-95.307,35.799],[-95.514,35.269],[-96.491,34.911],[-96.492,35.43],[-96.624,35.401]]]]}},{"type":"Feature","properties":{"NAME":"Massawomeck","SUBJECTO":"Massawomeck","PARTOF":"Massawomeck","BORDERPRECISION":"1"},"bbox":[-80.441,38.744,-77.56,40.151],"geometry":{"type":"MultiPolygon","coordinates":[[[[-77.79,39.08],[-79.291,38.776],[-80.148,38.744],[-80.441,39.036],[-80.424,39.895],[-78.668,40.151],[-77.884,39.983],[-77.727,39.919],[-77.56,39.501],[-77.79,39.08]]]]}},{"type":"Feature","properties":{"NAME":"Coyutecos (Nahua)","SUBJECTO":"Coyutecos (Nahua)","PARTOF":"Coyutecos (Nahua)","BORDERPRECISION":"1"},"bbox":[-104.586,20.049,-103.984,20.49],"geometry":{"type":"MultiPolygon","coordinates":[[[[-104.586,20.344],[-104.213,20.49],[-103.984,20.18],[-104.072,20.049],[-104.376,20.091],[-104.586,20.344]]]]}},{"type":"Feature","properties":{"NAME":"Korubo","SUBJECTO":"Korubo","PARTOF":"Korubo","BORDERPRECISION":"1"},"bbox":[-70.548,-5.202,-70.069,-4.647],"geometry":{"type":"MultiPolygon","coordinates":[[[[-70.253,-4.647],[-70.069,-4.934],[-70.29,-5.202],[-70.548,-5.007],[-70.253,-4.647]]]]}},{"type":"Feature","properties":{"NAME":"Laklanõ","SUBJECTO":"Laklanõ","PARTOF":"Laklanõ","BORDERPRECISION":"1"},"bbox":[-51.173,-27.145,-49.599,-26.382],"geometry":{"type":"MultiPolygon","coordinates":[[[[-51.173,-26.543],[-50.988,-26.382],[-49.998,-26.447],[-49.653,-26.577],[-49.599,-26.812],[-49.852,-27.145],[-51.06,-26.715],[-51.173,-26.543]]]]}},{"type":"Feature","properties":{"NAME":"Seminole Tribe of Florida (Brighton Reservation)","SUBJECTO":"Seminole Tribe of Florida (Brighton Reservation)","PARTOF":"Seminole Tribe of Florida (Brighton Reservation)","BORDERPRECISION":"1"},"bbox":[-81.112,26.987,-80.97,27.162],"geometry":{"type":"MultiPolygon","coordinates":[[[[-81.059,27.162],[-80.97,27.124],[-81.112,26.987],[-81.059,27.162]]]]}},{"type":"Feature","properties":{"NAME":"Charrúa","SUBJECTO":"Charrúa","PARTOF":"Charrúa","BORDERPRECISION":"1"},"bbox":[-62.026,-35.014,-52.351,-28.926],"geometry":{"type":"MultiPolygon","coordinates":[[[[-52.351,-32.675],[-54.074,-34.648],[-54.622,-34.922],[-54.99,-34.967],[-55.383,-34.816],[-56.167,-35.014],[-57.006,-34.578],[-57.77,-34.495],[-58.581,-34.036],[-59.895,-33.525],[-60.509,-33.119],[-61.613,-32.789],[-61.888,-32.573],[-62.026,-31.907],[-61.943,-31.704],[-61.449,-31.494],[-59.946,-31.173],[-59.706,-30.857],[-59.541,-29.247],[-59.184,-28.999],[-58.707,-28.926],[-56.801,-29.135],[-56.04,-29.34],[-54.372,-29.223],[-53.699,-29.457],[-52.999,-30.111],[-52.596,-30.922],[-52.811,-31.498],[-52.784,-31.887],[-52.407,-32.138],[-52.351,-32.675]]]]}},{"type":"Feature","properties":{"NAME":"Chilula","SUBJECTO":"Chilula","PARTOF":"Chilula","BORDERPRECISION":"1"},"bbox":[-123.992,40.947,-123.783,41.228],"geometry":{"type":"MultiPolygon","coordinates":[[[[-123.948,41.228],[-123.783,41.104],[-123.805,40.947],[-123.992,40.972],[-123.948,41.228]]]]}},{"type":"Feature","properties":{"NAME":"Eastern Shoshone","SUBJECTO":"Eastern Shoshone","PARTOF":"Eastern Shoshone","BORDERPRECISION":"1"},"bbox":[-112.634,40.333,-105.227,44.9],"geometry":{"type":"MultiPolygon","coordinates":[[[[-105.418,40.806],[-105.227,40.591],[-105.63,40.436],[-107.329,40.694],[-109.93,40.66],[-111.422,40.333],[-112.055,40.591],[-112.123,41.275],[-111.896,41.749],[-111.338,42.044],[-110.879,43.149],[-111.582,43.568],[-112.029,43.61],[-111.736,44.164],[-112.634,44.468],[-112.399,44.611],[-111.326,44.754],[-110.947,44.517],[-109.355,44.9],[-108.245,44.863],[-107.709,44.661],[-106.942,43.034],[-106.354,42.984],[-106.445,42.586],[-106.648,42.386],[-106.671,41.833],[-105.418,40.806]]]]}},{"type":"Feature","properties":{"NAME":"Runixa Ngiigua (Chocho)","SUBJECTO":"Runixa Ngiigua (Chocho)","PARTOF":"Runixa Ngiigua (Chocho)","BORDERPRECISION":"1"},"bbox":[-97.552,17.61,-97.069,17.839],"geometry":{"type":"MultiPolygon","coordinates":[[[[-97.398,17.839],[-97.135,17.775],[-97.069,17.61],[-97.537,17.688],[-97.552,17.805],[-97.398,17.839]]]]}},{"type":"Feature","properties":{"NAME":"Nonuya","SUBJECTO":"Nonuya","PARTOF":"Nonuya","BORDERPRECISION":"1"},"bbox":[-73.2,-1.625,-71.84,-0.368],"geometry":{"type":"MultiPolygon","coordinates":[[[[-72.58,-1.618],[-72.824,-1.524],[-73.12,-1.171],[-73.2,-0.666],[-73.104,-0.435],[-72.43,-0.368],[-72.023,-0.498],[-71.898,-0.675],[-71.84,-1.045],[-72.003,-1.625],[-72.58,-1.618]]]]}},{"type":"Feature","properties":{"NAME":"Bïde","SUBJECTO":"Bïde","PARTOF":"Bïde","BORDERPRECISION":"1"},"bbox":[-52.926,-5.509,-52.003,-4.131],"geometry":{"type":"MultiPolygon","coordinates":[[[[-52.686,-5.509],[-52.889,-5.38],[-52.926,-5.024],[-52.614,-4.131],[-52.299,-4.456],[-52.184,-4.898],[-52.01,-4.625],[-52.003,-5.361],[-52.014,-5.446],[-52.686,-5.509]]]]}},{"type":"Feature","properties":{"NAME":"Atsugewi","SUBJECTO":"Atsugewi","PARTOF":"Atsugewi","BORDERPRECISION":"1"},"bbox":[-121.804,40.518,-120.454,40.976],"geometry":{"type":"MultiPolygon","coordinates":[[[[-121.804,40.828],[-121.102,40.976],[-120.454,40.86],[-120.578,40.653],[-121.556,40.518],[-121.804,40.828]]]]}},{"type":"Feature","properties":{"NAME":"Cape Fear","SUBJECTO":"Cape Fear","PARTOF":"Cape Fear","BORDERPRECISION":"1"},"bbox":[-78.745,33.838,-77.905,34.227],"geometry":{"type":"MultiPolygon","coordinates":[[[[-77.905,33.99],[-78.745,33.838],[-78.682,34.088],[-78.457,34.188],[-77.989,34.227],[-77.905,33.99]]]]}},{"type":"Feature","properties":{"NAME":"Chiricahua Apache","SUBJECTO":"Chiricahua Apache","PARTOF":"Chiricahua Apache","BORDERPRECISION":"1"},"bbox":[-110.276,28.773,-104.705,34.41],"geometry":{"type":"MultiPolygon","coordinates":[[[[-109.113,34.133],[-108.627,34.155],[-108.242,34.41],[-107.568,34.203],[-107.035,34.396],[-107.008,33.917],[-107.219,33.537],[-107.335,32.921],[-107.252,32.739],[-106.994,32.653],[-106.483,31.767],[-106.149,31.424],[-105.039,30.687],[-104.705,30.228],[-104.724,29.788],[-105.546,29.088],[-106.183,28.831],[-106.78,28.773],[-108.012,28.877],[-108.714,29.108],[-109.251,30.875],[-110.177,31.462],[-110.276,32.024],[-109.582,33.184],[-109.204,34.162],[-109.113,34.133]]]]}},{"type":"Feature","properties":{"NAME":"Pamoari","SUBJECTO":"Pamoari","PARTOF":"Pamoari","BORDERPRECISION":"1"},"bbox":[-65.501,-8.652,-64.433,-5.665],"geometry":{"type":"MultiPolygon","coordinates":[[[[-64.662,-7.406],[-64.534,-7.697],[-64.547,-8.498],[-64.732,-8.652],[-65.115,-7.967],[-65.501,-7.634],[-65.372,-7.475],[-64.779,-7.274],[-64.842,-6.194],[-65.036,-6.186],[-65.08,-6.046],[-64.433,-5.665],[-64.481,-5.956],[-64.839,-6.194],[-64.776,-7.274],[-64.662,-7.406]]]]}},{"type":"Feature","properties":{"NAME":"Assiniboine","SUBJECTO":"Assiniboine","PARTOF":"Assiniboine","BORDERPRECISION":"1"},"bbox":[-107.996,46.995,-98.855,50.402],"geometry":{"type":"MultiPolygon","coordinates":[[[[-106.436,47.975],[-107.996,50.402],[-101.316,50.036],[-98.855,48.604],[-99.404,47.784],[-100.261,47.324],[-102.041,46.995],[-105.381,47.354],[-105.996,47.577],[-106.436,47.975]]]]}},{"type":"Feature","properties":{"NAME":"Secwepemcúl'ecw (Secwépemc)","SUBJECTO":"Secwepemcúl'ecw (Secwépemc)","PARTOF":"Secwepemcúl'ecw (Secwépemc)","BORDERPRECISION":"1"},"bbox":[-123.35,49.361,-115.763,54.162],"geometry":{"type":"MultiPolygon","coordinates":[[[[-120.762,54.072],[-119.993,54.162],[-119.509,54.085],[-118.444,53.362],[-117.895,53.191],[-117.927,52.902],[-117.681,52.515],[-117.832,52.278],[-117.551,52.121],[-117.62,51.944],[-116.328,50.958],[-115.763,50.338],[-116.993,50.451],[-117.532,49.518],[-118.07,49.361],[-118.268,49.418],[-118.499,49.965],[-118.707,50.092],[-120.081,50.43],[-120.861,50.444],[-121.212,50.541],[-121.41,50.785],[-122.794,50.924],[-123.35,51.14],[-123.058,51.931],[-123.025,52.676],[-122.124,52.703],[-121.487,52.876],[-121.267,53.12],[-121.102,53.775],[-120.762,54.072]]]]}},{"type":"Feature","properties":{"NAME":"Kriol","SUBJECTO":"Kriol","PARTOF":"Kriol","BORDERPRECISION":"1"},"bbox":[-84.265,10.856,-83.764,12.211],"geometry":{"type":"MultiPolygon","coordinates":[[[[-83.883,12.122],[-83.927,11.523],[-84.265,11.904],[-83.86,12.211],[-83.883,12.122]]],[[[-83.914,11.251],[-83.764,10.913],[-84.166,10.856],[-84.253,11.166],[-83.924,11.427],[-83.914,11.251]]]]}},{"type":"Feature","properties":{"NAME":"Mexicanero (Nahuas)","SUBJECTO":"Mexicanero (Nahuas)","PARTOF":"Mexicanero (Nahuas)","BORDERPRECISION":"1"},"bbox":[-105.436,22.373,-104.461,22.766],"geometry":{"type":"MultiPolygon","coordinates":[[[[-104.91,22.749],[-104.603,22.766],[-104.461,22.588],[-105.07,22.373],[-105.436,22.452],[-105.403,22.587],[-104.91,22.749]]]]}},{"type":"Feature","properties":{"NAME":"Andoa","SUBJECTO":"Andoa","PARTOF":"Andoa","BORDERPRECISION":"1"},"bbox":[-77.043,-2.975,-76.349,-1.937],"geometry":{"type":"MultiPolygon","coordinates":[[[[-76.965,-2.049],[-76.962,-1.937],[-76.837,-2.007],[-76.867,-2.175],[-76.634,-2.312],[-76.349,-2.825],[-76.394,-2.975],[-76.686,-2.735],[-76.794,-2.254],[-77.043,-2.278],[-76.965,-2.049]]]]}},{"type":"Feature","properties":{"NAME":"Mosetén","SUBJECTO":"Mosetén","PARTOF":"Mosetén","BORDERPRECISION":"1"},"bbox":[-67.777,-16.217,-66.835,-14.593],"geometry":{"type":"MultiPolygon","coordinates":[[[[-67.216,-16.217],[-67.605,-16.099],[-67.723,-15.853],[-67.777,-15.386],[-67.534,-14.593],[-66.835,-15.434],[-66.905,-15.983],[-67.216,-16.217]]]]}},{"type":"Feature","properties":{"NAME":"Queets","SUBJECTO":"Queets","PARTOF":"Queets","BORDERPRECISION":"1"},"bbox":[-124.424,47.491,-123.586,47.853],"geometry":{"type":"MultiPolygon","coordinates":[[[[-124.424,47.642],[-123.627,47.853],[-123.586,47.77],[-123.654,47.613],[-123.898,47.528],[-124.329,47.491],[-124.424,47.642]]]]}},{"type":"Feature","properties":{"NAME":"Uspantec","SUBJECTO":"Uspantec","PARTOF":"Uspantec","BORDERPRECISION":"1"},"bbox":[-90.952,15.303,-90.802,15.415],"geometry":{"type":"MultiPolygon","coordinates":[[[[-90.943,15.316],[-90.952,15.415],[-90.809,15.413],[-90.802,15.303],[-90.943,15.316]]]]}},{"type":"Feature","properties":{"NAME":"Entiat","SUBJECTO":"Entiat","PARTOF":"Entiat","BORDERPRECISION":"1"},"bbox":[-120.867,47.587,-120.142,48.147],"geometry":{"type":"MultiPolygon","coordinates":[[[[-120.142,47.78],[-120.246,47.587],[-120.424,47.635],[-120.867,48.147],[-120.667,48.147],[-120.142,47.78]]]]}},{"type":"Feature","properties":{"NAME":"Nuwhaha","SUBJECTO":"Nuwhaha","PARTOF":"Nuwhaha","BORDERPRECISION":"1"},"bbox":[-122.527,48.473,-122.151,48.699],"geometry":{"type":"MultiPolygon","coordinates":[[[[-122.485,48.565],[-122.527,48.678],[-122.326,48.699],[-122.151,48.568],[-122.363,48.473],[-122.485,48.565]]]]}},{"type":"Feature","properties":{"NAME":"Quuiich (Lower Umpqua)","SUBJECTO":"Quuiich (Lower Umpqua)","PARTOF":"Quuiich (Lower Umpqua)","BORDERPRECISION":"1"},"bbox":[-124.173,43.404,-123.265,43.94],"geometry":{"type":"MultiPolygon","coordinates":[[[[-124.137,43.666],[-124.173,43.855],[-123.865,43.94],[-123.265,43.748],[-123.787,43.685],[-123.612,43.58],[-123.63,43.404],[-123.846,43.607],[-124.137,43.666]]]]}},{"type":"Feature","properties":{"NAME":"E'ñepá","SUBJECTO":"E'ñepá","PARTOF":"E'ñepá","BORDERPRECISION":"1"},"bbox":[-67.131,6.151,-65.276,7.272],"geometry":{"type":"MultiPolygon","coordinates":[[[[-66.042,6.151],[-67.131,6.429],[-66.867,7.054],[-66.59,7.256],[-65.974,7.272],[-65.45,7.09],[-65.291,6.899],[-65.276,6.286],[-66.042,6.151]]]]}},{"type":"Feature","properties":{"NAME":"Emberá Chamí","SUBJECTO":"Emberá Chamí","PARTOF":"Emberá Chamí","BORDERPRECISION":"1"},"bbox":[-77.104,4.018,-73.863,8.84],"geometry":{"type":"MultiPolygon","coordinates":[[[[-77.063,8.247],[-76.858,7.93],[-76.702,8.115],[-76.842,8.559],[-76.57,8.84],[-76.366,8.807],[-76.227,8.581],[-76.492,7.626],[-76.27,7.423],[-75.86,7.414],[-75.288,7.998],[-74.802,8.158],[-73.863,7.287],[-74.58,5.94],[-74.734,5.311],[-75.135,5.184],[-75.587,4.342],[-75.929,4.018],[-76.56,4.172],[-76.133,5.676],[-76.33,6.143],[-76.705,6.186],[-76.894,6.635],[-76.749,7.271],[-77.104,7.837],[-77.063,8.247]]]]}},{"type":"Feature","properties":{"NAME":"Attiwonderonk (Neutral)","SUBJECTO":"Attiwonderonk (Neutral)","PARTOF":"Attiwonderonk (Neutral)","BORDERPRECISION":"1"},"bbox":[-83.126,41.94,-78.871,43.891],"geometry":{"type":"MultiPolygon","coordinates":[[[[-82.354,43.015],[-81.757,43.351],[-79.769,43.891],[-79.589,43.53],[-79.891,43.269],[-79.028,43.252],[-78.871,43.046],[-78.901,42.873],[-80.023,42.807],[-80.395,42.657],[-80.058,42.547],[-81.439,42.587],[-82.535,41.94],[-83.126,42.051],[-83.054,42.321],[-82.486,42.388],[-82.652,42.506],[-82.672,42.748],[-82.354,43.015]]]]}},{"type":"Feature","properties":{"NAME":"Yoreme (Mayo)","SUBJECTO":"Yoreme (Mayo)","PARTOF":"Yoreme (Mayo)","BORDERPRECISION":"1"},"bbox":[-109.975,25.502,-108.216,27.687],"geometry":{"type":"MultiPolygon","coordinates":[[[[-108.848,25.615],[-109.263,25.646],[-109.338,25.958],[-109.132,26.289],[-109.189,26.441],[-109.527,26.72],[-109.724,26.605],[-109.975,27.061],[-109.684,27.427],[-109.089,27.687],[-108.954,27.631],[-108.81,27.073],[-108.469,26.682],[-108.216,26.119],[-108.493,25.647],[-108.768,25.502],[-108.848,25.615]]]]}},{"type":"Feature","properties":{"NAME":"Chamicuro","SUBJECTO":"Chamicuro","PARTOF":"Chamicuro","BORDERPRECISION":"1"},"bbox":[-76.083,-5.957,-74.775,-4.772],"geometry":{"type":"MultiPolygon","coordinates":[[[[-76.083,-5.791],[-75.372,-4.814],[-74.969,-4.772],[-74.788,-4.946],[-74.775,-5.426],[-75.01,-5.908],[-75.405,-5.957],[-76.083,-5.791]]]]}},{"type":"Feature","properties":{"NAME":"Yagán","SUBJECTO":"Yagán","PARTOF":"Yagán","BORDERPRECISION":"1"},"bbox":[-70.721,-54.937,-68.094,-53.798],"geometry":{"type":"MultiPolygon","coordinates":[[[[-68.376,-54.852],[-69.214,-54.934],[-69.861,-54.774],[-70.721,-54.937],[-70.621,-54.501],[-69.568,-54.459],[-69.373,-54.605],[-69.055,-54.602],[-69.335,-54.292],[-69.89,-54.139],[-70.124,-53.798],[-68.094,-54.857],[-68.376,-54.852]]]]}},{"type":"Feature","properties":{"NAME":"Sharanahua","SUBJECTO":"Sharanahua","PARTOF":"Sharanahua","BORDERPRECISION":"1"},"bbox":[-71.095,-10.26,-70.616,-9.63],"geometry":{"type":"MultiPolygon","coordinates":[[[[-70.947,-10.26],[-71.095,-10.105],[-70.919,-9.963],[-70.917,-9.783],[-70.616,-9.63],[-70.635,-9.92],[-70.947,-10.26]]]]}},{"type":"Feature","properties":{"NAME":"Kiliwa","SUBJECTO":"Kiliwa","PARTOF":"Kiliwa","BORDERPRECISION":"1"},"bbox":[-116.23,30.32,-114.739,31.592],"geometry":{"type":"MultiPolygon","coordinates":[[[[-114.967,31.364],[-114.973,31.128],[-114.739,30.848],[-115.979,30.32],[-116.061,30.383],[-116.23,30.988],[-114.902,31.592],[-114.967,31.364]]]]}},{"type":"Feature","properties":{"NAME":"Guarijío/Guarijó","SUBJECTO":"Guarijío/Guarijó","PARTOF":"Guarijío/Guarijó","BORDERPRECISION":"1"},"bbox":[-109.305,27.327,-108.062,28.5],"geometry":{"type":"MultiPolygon","coordinates":[[[[-109.252,28.136],[-109.077,28.334],[-108.343,28.5],[-108.162,28.372],[-108.062,27.774],[-108.741,27.327],[-109.209,27.641],[-109.305,27.811],[-109.252,28.136]]]]}},{"type":"Feature","properties":{"NAME":"Sirionó","SUBJECTO":"Sirionó","PARTOF":"Sirionó","BORDERPRECISION":"1"},"bbox":[-65.129,-16.567,-62.904,-12.957],"geometry":{"type":"MultiPolygon","coordinates":[[[[-65.078,-13.047],[-64.994,-12.957],[-64.286,-12.973],[-63.865,-13.064],[-63.511,-13.343],[-63.275,-13.916],[-62.904,-15.863],[-63.022,-16.163],[-63.452,-16.462],[-64.286,-16.567],[-64.64,-16.398],[-64.977,-15.022],[-64.952,-14.415],[-65.129,-13.63],[-65.078,-13.047]]]]}},{"type":"Feature","properties":{"NAME":"Winaq Qo’ (Mam)","SUBJECTO":"Winaq Qo’ (Mam)","PARTOF":"Winaq Qo’ (Mam)","BORDERPRECISION":"1"},"bbox":[-92.782,14.56,-91.467,15.892],"geometry":{"type":"MultiPolygon","coordinates":[[[[-92.051,14.563],[-92.621,15.11],[-92.782,15.423],[-92.578,15.714],[-92.077,15.892],[-91.518,15.644],[-91.467,15.475],[-91.684,14.56],[-92.051,14.563]]]]}},{"type":"Feature","properties":{"NAME":"Kichwa del Río Pastaza","SUBJECTO":"Kichwa del Río Pastaza","PARTOF":"Kichwa del Río Pastaza","BORDERPRECISION":"1"},"bbox":[-77.015,-5.222,-75.758,-2.593],"geometry":{"type":"MultiPolygon","coordinates":[[[[-75.758,-4.939],[-75.837,-5.126],[-76.611,-5.222],[-76.82,-5.122],[-77.015,-4.805],[-76.962,-4.365],[-76.77,-4.181],[-76.509,-4.169],[-76.457,-3.947],[-76.76,-3.551],[-76.969,-2.921],[-76.842,-2.719],[-76.42,-2.593],[-76.211,-2.895],[-76.129,-3.658],[-76.431,-3.945],[-76.506,-4.302],[-76.379,-4.523],[-75.758,-4.939]]]]}},{"type":"Feature","properties":{"NAME":"Tamaulipeco tribes","SUBJECTO":"Tamaulipeco tribes","PARTOF":"Tamaulipeco tribes","BORDERPRECISION":"1"},"bbox":[-99.695,22.158,-97.26,25.811],"geometry":{"type":"MultiPolygon","coordinates":[[[[-97.26,25.811],[-97.658,25.073],[-97.823,24.208],[-97.825,22.158],[-98.454,22.228],[-98.383,22.7],[-98.877,22.928],[-99.003,23.156],[-99.695,23.191],[-99.476,24.577],[-98.811,24.747],[-98.163,25.468],[-97.646,25.805],[-97.26,25.811]]]]}},{"type":"Feature","properties":{"NAME":"Tzjon Non/ Tzo'tyio (Amuzgo)","SUBJECTO":"Tzjon Non/ Tzo'tyio (Amuzgo)","PARTOF":"Tzjon Non/ Tzo'tyio (Amuzgo)","BORDERPRECISION":"1"},"bbox":[-98.848,16.175,-97.824,17.292],"geometry":{"type":"MultiPolygon","coordinates":[[[[-98.435,16.362],[-98.848,16.592],[-98.811,16.689],[-98.542,16.896],[-98.35,17.285],[-98.077,17.292],[-97.824,17.015],[-97.907,16.489],[-98.151,16.175],[-98.435,16.362]]]]}},{"type":"Feature","properties":{"NAME":"Günün a atük (Günün a küna)","SUBJECTO":"Günün a atük (Günün a küna)","PARTOF":"Günün a atük (Günün a küna)","BORDERPRECISION":"1"},"bbox":[-72.002,-43.589,-56.698,-33.381],"geometry":{"type":"MultiPolygon","coordinates":[[[[-58.53,-34.485],[-58.107,-34.961],[-57.226,-35.436],[-57.4,-35.818],[-57.372,-36.149],[-56.8,-36.543],[-56.698,-36.944],[-57.643,-38.259],[-58.183,-38.54],[-59.515,-38.875],[-60.936,-39.011],[-62.31,-38.88],[-62.351,-39.333],[-62.068,-39.556],[-62.435,-40.195],[-62.26,-40.803],[-62.401,-40.925],[-63.476,-41.19],[-65.049,-40.853],[-65.153,-40.975],[-64.941,-41.552],[-64.992,-42.193],[-64.644,-42.437],[-64.286,-42.474],[-64.12,-42.384],[-64.294,-42.205],[-63.729,-42.101],[-63.665,-42.775],[-64.001,-42.853],[-64.217,-42.616],[-64.688,-42.649],[-65.085,-42.784],[-64.309,-43.027],[-65.068,-43.352],[-67.543,-43.589],[-70.987,-43.457],[-71.784,-43.141],[-72.002,-42.743],[-70.66,-40.383],[-70.552,-38.677],[-70.842,-36.843],[-70.588,-36.262],[-70.407,-35.173],[-69.754,-34.697],[-67.47,-34.667],[-64.162,-34.134],[-62.712,-33.411],[-61.479,-33.381],[-58.76,-34.194],[-58.445,-34.379],[-58.53,-34.485]]]]}},{"type":"Feature","properties":{"NAME":"Wakuenai/Walimanai (Kuripako)","SUBJECTO":"Wakuenai/Walimanai (Kuripako)","PARTOF":"Wakuenai/Walimanai (Kuripako)","BORDERPRECISION":"1"},"bbox":[-69.964,0.959,-66.732,3.853],"geometry":{"type":"MultiPolygon","coordinates":[[[[-69.727,1.386],[-69.964,1.661],[-69.928,1.802],[-68.712,2.28],[-67.806,3.736],[-67.319,3.853],[-66.865,3.531],[-66.732,3.185],[-66.864,2.839],[-66.844,1.751],[-67.343,1.075],[-67.725,0.959],[-68.75,1.092],[-69.727,1.386]]]]}},{"type":"Feature","properties":{"NAME":"Tepehua","SUBJECTO":"Tepehua","PARTOF":"Tepehua","BORDERPRECISION":"1"},"bbox":[-98.144,19.984,-97.552,20.669],"geometry":{"type":"MultiPolygon","coordinates":[[[[-97.552,20.061],[-97.818,19.984],[-97.767,20.103],[-98.044,20.336],[-97.973,20.49],[-98.144,20.617],[-97.94,20.669],[-97.732,20.555],[-97.759,20.323],[-97.552,20.061]]]]}},{"type":"Feature","properties":{"NAME":"Emberá","SUBJECTO":"Emberá","PARTOF":"Emberá","BORDERPRECISION":"1"},"bbox":[-78.965,7.228,-77.187,9.105],"geometry":{"type":"MultiPolygon","coordinates":[[[[-78.067,7.543],[-78.327,8.089],[-78.148,8.235],[-77.794,8.179],[-78.002,8.34],[-78.045,8.552],[-78.381,8.395],[-78.592,8.813],[-78.652,8.745],[-78.965,8.991],[-78.916,9.105],[-78.001,8.878],[-77.531,8.572],[-77.263,8.205],[-77.187,7.923],[-77.737,7.487],[-77.883,7.228],[-78.067,7.543]]]]}},{"type":"Feature","properties":{"NAME":"White River-Kluane","SUBJECTO":"White River-Kluane","PARTOF":"White River-Kluane","BORDERPRECISION":"1"},"bbox":[-141.13,60.207,-137.856,62.935],"geometry":{"type":"MultiPolygon","coordinates":[[[[-140.977,60.36],[-141.13,62.935],[-139.856,62.865],[-139.417,62.654],[-139.592,62.237],[-137.856,61.721],[-138.054,61.679],[-138.406,61.016],[-138.713,60.941],[-139.153,60.37],[-140.01,60.207],[-140.977,60.36]]]]}},{"type":"Feature","properties":{"NAME":"Siginygmit (Sireniki) Yupik","SUBJECTO":"Siginygmit (Sireniki) Yupik","PARTOF":"Siginygmit (Sireniki) Yupik","BORDERPRECISION":"1"},"bbox":[-174.519,64.531,-173.994,64.659],"geometry":{"type":"MultiPolygon","coordinates":[[[[-174.379,64.619],[-174.519,64.659],[-173.994,64.645],[-174.073,64.531],[-174.379,64.619]]]]}},{"type":"Feature","properties":{"NAME":"Wabanaki (Dawnland Confederacy)","SUBJECTO":"Wabanaki (Dawnland Confederacy)","PARTOF":"Wabanaki (Dawnland Confederacy)","BORDERPRECISION":"1"},"bbox":[-73.413,42.455,-59.807,49.207],"geometry":{"type":"MultiPolygon","coordinates":[[[[-59.997,45.854],[-60.507,45.664],[-61.025,45.67],[-61.409,46.046],[-61.381,46.331],[-60.627,47.133],[-60.26,46.938],[-60.584,46.385],[-60.963,46.189],[-61.072,45.988],[-60.761,45.891],[-60.169,46.314],[-59.807,46.081],[-59.997,45.854]]],[[[-71.039,46.736],[-69.254,48.12],[-68.341,48.546],[-66.03,49.166],[-64.952,49.207],[-64.32,48.947],[-64.251,48.554],[-65.213,48.121],[-65.855,48.205],[-66.472,48.099],[-65.837,47.961],[-65.612,47.663],[-65.028,47.882],[-65.04,47.785],[-64.658,47.779],[-64.924,47.56],[-64.98,47.33],[-65.39,47.13],[-64.842,47.124],[-64.851,46.719],[-64.69,46.695],[-64.535,46.272],[-63.749,46.169],[-64.08,46.054],[-63.276,45.783],[-62.633,45.771],[-62.726,45.68],[-61.94,45.922],[-61.893,45.759],[-61.481,45.741],[-61.262,45.554],[-61.403,45.391],[-60.958,45.301],[-61.683,45.216],[-61.634,45.144],[-63.053,44.711],[-63.107,44.831],[-63.303,44.663],[-63.388,44.747],[-63.559,44.513],[-63.902,44.573],[-63.888,44.729],[-64.088,44.513],[-64.306,44.615],[-64.391,44.489],[-64.236,44.357],[-64.706,44.129],[-64.649,44.057],[-64.908,43.937],[-64.871,43.86],[-65.031,43.872],[-64.988,43.758],[-65.319,43.752],[-65.467,43.518],[-65.558,43.62],[-65.713,43.56],[-65.939,43.86],[-66.001,43.752],[-66.189,44.141],[-65.841,44.615],[-66.193,44.489],[-64.458,45.391],[-64.307,45.349],[-64.337,45.156],[-64.141,45.054],[-64.168,45.222],[-63.378,45.385],[-64.559,45.457],[-64.92,45.367],[-64.26,45.843],[-64.283,45.922],[-64.519,45.795],[-64.701,46.084],[-64.562,45.885],[-64.724,45.668],[-65.76,45.294],[-66.153,45.379],[-66.049,45.288],[-66.404,45.108],[-67.187,45.252],[-67.03,45.03],[-67.15,44.903],[-66.939,44.879],[-67.169,44.711],[-67.532,44.723],[-67.6,44.579],[-67.738,44.663],[-68.052,44.411],[-68.131,44.567],[-68.558,44.483],[-68.504,44.297],[-68.804,44.393],[-68.782,44.627],[-69.249,43.991],[-69.395,44.093],[-69.507,43.896],[-69.662,43.931],[-69.608,44.069],[-69.826,43.752],[-69.969,43.812],[-69.922,43.913],[-70.216,43.8],[-70.187,43.638],[-70.536,43.404],[-70.868,42.871],[-70.764,42.726],[-72.706,42.455],[-72.971,42.519],[-73.413,43.206],[-73.367,44.839],[-73.135,46.011],[-70.941,46.92],[-71.039,46.736]]]]}},{"type":"Feature","properties":{"NAME":"Pacaxes","SUBJECTO":"Pacaxes","PARTOF":"Pacaxes","BORDERPRECISION":"1"},"bbox":[-107.715,25.205,-107.276,25.656],"geometry":{"type":"MultiPolygon","coordinates":[[[[-107.628,25.369],[-107.715,25.597],[-107.397,25.656],[-107.276,25.369],[-107.336,25.205],[-107.628,25.369]]]]}},{"type":"Feature","properties":{"NAME":"Ucluelet","SUBJECTO":"Ucluelet","PARTOF":"Ucluelet","BORDERPRECISION":"1"},"bbox":[-125.303,49.015,-124.823,49.242],"geometry":{"type":"MultiPolygon","coordinates":[[[[-124.999,49.169],[-125.303,49.17],[-125.102,49.242],[-124.823,49.112],[-124.857,49.015],[-124.999,49.169]]]]}},{"type":"Feature","properties":{"NAME":"Modoc","SUBJECTO":"Modoc","PARTOF":"Modoc","BORDERPRECISION":"1"},"bbox":[-123.753,40.923,-120.107,43.346],"geometry":{"type":"MultiPolygon","coordinates":[[[[-120.302,42.23],[-120.107,42.021],[-120.294,41.941],[-120.28,41.579],[-120.465,41.665],[-120.526,41.506],[-120.954,41.517],[-120.931,41.417],[-121.165,41.332],[-121.248,40.923],[-121.636,41.462],[-121.786,41.489],[-121.692,41.167],[-121.86,41.191],[-121.85,41.294],[-121.978,41.307],[-121.942,41.543],[-122.074,41.443],[-122.083,41.161],[-122.213,41.256],[-122.465,41.087],[-122.62,41.332],[-123.001,41.134],[-123.056,41.416],[-123.36,41.642],[-123.324,41.957],[-123.555,42.007],[-123.518,42.306],[-123.753,42.625],[-122.603,42.936],[-122.31,43.145],[-122.424,43.287],[-122.186,43.346],[-122.059,43.314],[-122.154,42.968],[-121.967,42.498],[-121.82,42.612],[-120.686,42.607],[-120.349,42.398],[-120.302,42.23]]]]}},{"type":"Feature","properties":{"NAME":"Tekohá (Guarani)","SUBJECTO":"Tekohá (Guarani)","PARTOF":"Tekohá (Guarani)","BORDERPRECISION":"1"},"bbox":[-65.158,-33.054,-40.187,-14.314],"geometry":{"type":"MultiPolygon","coordinates":[[[[-40.478,-20.649],[-41.023,-21.521],[-40.984,-22.086],[-41.77,-22.38],[-41.929,-22.546],[-41.958,-22.921],[-42.967,-23.031],[-44.561,-22.99],[-44.658,-23.263],[-45.148,-23.493],[-45.459,-23.856],[-45.795,-23.736],[-46.206,-23.883],[-47.886,-24.985],[-48.125,-25.291],[-48.725,-25.426],[-48.516,-25.876],[-48.611,-26.245],[-48.775,-26.385],[-48.603,-26.677],[-48.564,-27.681],[-48.728,-28.367],[-49.936,-29.627],[-50.469,-30.74],[-51.477,-31.823],[-50.582,-30.416],[-50.609,-30.302],[-51.232,-30.265],[-51.445,-31.015],[-52.144,-31.747],[-52.351,-32.675],[-52.597,-33.054],[-53.92,-32.59],[-54.683,-32.182],[-56.29,-30.976],[-56.859,-30.28],[-57.054,-29.774],[-56.412,-28.142],[-56.588,-27.645],[-57.392,-27.09],[-57.792,-26.532],[-57.964,-26.017],[-57.634,-25.284],[-58.812,-23.989],[-60.964,-22.853],[-62.917,-22.274],[-63.345,-22.664],[-63.87,-24.167],[-64.356,-24.644],[-64.687,-24.72],[-65.076,-24.254],[-65.158,-23.137],[-64.994,-22.585],[-65.006,-21.566],[-64.612,-19.493],[-64.129,-18.535],[-63.852,-17.596],[-63.998,-15.973],[-63.83,-14.906],[-63.223,-14.507],[-62.332,-14.314],[-61.018,-14.327],[-60.238,-14.633],[-59.597,-15.331],[-58.794,-17.131],[-57.864,-17.912],[-57.272,-18.019],[-54.828,-17.627],[-54.379,-17.819],[-53.021,-19.093],[-51.616,-19.871],[-50.37,-20.032],[-48.258,-19.993],[-47.64,-20.247],[-46.823,-21.406],[-46.415,-22.685],[-45.97,-22.952],[-45.085,-22.476],[-42.761,-21.972],[-41.368,-20.355],[-40.933,-20.111],[-40.187,-20.069],[-40.478,-20.649]]]]}},{"type":"Feature","properties":{"NAME":"Havasu Baaja (Havasupai)","SUBJECTO":"Havasu Baaja (Havasupai)","PARTOF":"Havasu Baaja (Havasupai)","BORDERPRECISION":"1"},"bbox":[-113.302,35.178,-111.33,36.403],"geometry":{"type":"MultiPolygon","coordinates":[[[[-112.773,36.317],[-112.531,36.403],[-112.474,36.248],[-111.978,36.045],[-111.691,36.166],[-111.638,35.947],[-111.33,35.803],[-111.419,35.304],[-112.291,35.178],[-112.731,35.291],[-113.112,35.217],[-113.302,36.116],[-112.773,36.317]]]]}},{"type":"Feature","properties":{"NAME":"Shawi","SUBJECTO":"Shawi","PARTOF":"Shawi","BORDERPRECISION":"1"},"bbox":[-77.382,-6.466,-75.516,-4.18],"geometry":{"type":"MultiPolygon","coordinates":[[[[-75.516,-6.047],[-75.538,-6.358],[-75.999,-6.466],[-77.053,-5.99],[-77.174,-5.844],[-77.128,-5.315],[-77.382,-4.18],[-76.694,-4.435],[-75.952,-5.497],[-75.606,-5.631],[-75.516,-6.047]]]]}},{"type":"Feature","properties":{"NAME":"Nuxalk","SUBJECTO":"Nuxalk","PARTOF":"Nuxalk","BORDERPRECISION":"1"},"bbox":[-128.013,51.808,-125.475,53.199],"geometry":{"type":"MultiPolygon","coordinates":[[[[-128.013,51.808],[-127.037,52.464],[-127.73,52.396],[-127.255,52.862],[-127.189,53.199],[-126.727,53.068],[-126.562,52.836],[-125.475,52.382],[-125.804,51.863],[-128.013,51.808]]]]}},{"type":"Feature","properties":{"NAME":"Matecumbe","SUBJECTO":"Matecumbe","PARTOF":"Matecumbe","BORDERPRECISION":"1"},"bbox":[-80.491,24.996,-80.306,25.344],"geometry":{"type":"MultiPolygon","coordinates":[[[[-80.314,25.244],[-80.491,24.996],[-80.306,25.344],[-80.314,25.244]]]]}},{"type":"Feature","properties":{"NAME":"Killaka Asanajaqi","SUBJECTO":"Killaka Asanajaqi","PARTOF":"Killaka Asanajaqi","BORDERPRECISION":"1"},"bbox":[-68.066,-20.58,-66.084,-18.596],"geometry":{"type":"MultiPolygon","coordinates":[[[[-66.236,-20.58],[-67.025,-20.58],[-67.463,-19.878],[-68.066,-19.653],[-68.005,-19.1],[-67.08,-19.027],[-66.779,-18.596],[-66.581,-18.75],[-66.363,-18.687],[-66.084,-19.151],[-66.236,-20.58]]]]}},{"type":"Feature","properties":{"NAME":"Huu-ay-aht","SUBJECTO":"Huu-ay-aht","PARTOF":"Huu-ay-aht","BORDERPRECISION":"1"},"bbox":[-125.196,48.795,-124.681,49.016],"geometry":{"type":"MultiPolygon","coordinates":[[[[-125.098,48.795],[-125.196,48.874],[-125.105,48.958],[-124.681,49.016],[-124.739,48.805],[-125.098,48.795]]]]}},{"type":"Feature","properties":{"NAME":"Moraughtacund","SUBJECTO":"Moraughtacund","PARTOF":"Moraughtacund","BORDERPRECISION":"1"},"bbox":[-76.672,37.767,-76.408,37.903],"geometry":{"type":"MultiPolygon","coordinates":[[[[-76.672,37.903],[-76.447,37.893],[-76.408,37.767],[-76.672,37.903]]]]}},{"type":"Feature","properties":{"NAME":"Kwikwetlem","SUBJECTO":"Kwikwetlem","PARTOF":"Kwikwetlem","BORDERPRECISION":"1"},"bbox":[-122.984,49.135,-122.449,49.553],"geometry":{"type":"MultiPolygon","coordinates":[[[[-122.984,49.135],[-122.804,49.553],[-122.449,49.551],[-122.556,49.304],[-122.984,49.135]]]]}},{"type":"Feature","properties":{"NAME":"Ikolen","SUBJECTO":"Ikolen","PARTOF":"Ikolen","BORDERPRECISION":"1"},"bbox":[-61.863,-10.97,-61.1,-10.203],"geometry":{"type":"MultiPolygon","coordinates":[[[[-61.213,-10.97],[-61.514,-10.839],[-61.863,-10.207],[-61.578,-10.203],[-61.421,-10.522],[-61.141,-10.686],[-61.1,-10.899],[-61.213,-10.97]]]]}},{"type":"Feature","properties":{"NAME":"Eperara Siapidara","SUBJECTO":"Eperara Siapidara","PARTOF":"Eperara Siapidara","BORDERPRECISION":"1"},"bbox":[-79.062,0.413,-75.724,4.896],"geometry":{"type":"MultiPolygon","coordinates":[[[[-79.062,1.678],[-78.785,1.825],[-78.575,1.774],[-78.492,1.921],[-78.648,2.175],[-78.61,2.365],[-77.987,2.475],[-77.602,2.882],[-77.106,3.792],[-77.422,4.233],[-76.628,4.041],[-76.191,4.831],[-76.022,4.896],[-75.776,4.717],[-75.804,3.971],[-76.044,3.289],[-75.954,2.95],[-75.724,2.704],[-75.872,2.442],[-76.511,1.968],[-76.183,1.542],[-76.287,1.194],[-76.522,1.058],[-76.653,1.374],[-76.992,1.303],[-77.112,0.429],[-77.517,0.413],[-77.659,0.74],[-78.117,0.893],[-79.062,1.678]]]]}},{"type":"Feature","properties":{"NAME":"Iogys","SUBJECTO":"Iogys","PARTOF":"Iogys","BORDERPRECISION":"1"},"bbox":[-64.2,-23.352,-63.244,-22.119],"geometry":{"type":"MultiPolygon","coordinates":[[[[-63.868,-22.119],[-63.447,-22.126],[-63.244,-22.446],[-63.271,-23.065],[-63.576,-23.352],[-64.085,-23.302],[-64.2,-23.09],[-64.112,-22.477],[-63.868,-22.119]]]]}},{"type":"Feature","properties":{"NAME":"Kakataibo","SUBJECTO":"Kakataibo","PARTOF":"Kakataibo","BORDERPRECISION":"1"},"bbox":[-75.777,-9.526,-74.98,-8.525],"geometry":{"type":"MultiPolygon","coordinates":[[[[-75.743,-8.697],[-75.624,-8.533],[-75.436,-8.525],[-75.058,-8.786],[-74.98,-8.94],[-75.092,-9.468],[-75.561,-9.526],[-75.777,-8.988],[-75.743,-8.697]]]]}},{"type":"Feature","properties":{"NAME":"Kathlamet","SUBJECTO":"Kathlamet","PARTOF":"Kathlamet","BORDERPRECISION":"1"},"bbox":[-123.838,45.931,-123.103,46.264],"geometry":{"type":"MultiPolygon","coordinates":[[[[-123.838,46.2],[-123.463,46.264],[-123.103,46.107],[-123.584,45.931],[-123.838,46.2]]]]}},{"type":"Feature","properties":{"NAME":"Angaité","SUBJECTO":"Angaité","PARTOF":"Angaité","BORDERPRECISION":"1"},"bbox":[-59.614,-23.424,-57.766,-22.2],"geometry":{"type":"MultiPolygon","coordinates":[[[[-57.896,-22.264],[-57.766,-22.645],[-57.938,-22.697],[-57.786,-23.029],[-58.681,-23.418],[-59.211,-23.424],[-59.594,-23.217],[-59.614,-22.791],[-59.284,-22.507],[-58.413,-22.2],[-57.896,-22.264]]]]}},{"type":"Feature","properties":{"NAME":"Nadleh Whut'en","SUBJECTO":"Nadleh Whut'en","PARTOF":"Nadleh Whut'en","BORDERPRECISION":"1"},"bbox":[-125.679,53.56,-124.121,54.498],"geometry":{"type":"MultiPolygon","coordinates":[[[[-125.148,54.498],[-124.574,54.42],[-124.121,54.099],[-124.605,53.862],[-124.772,53.568],[-124.952,53.56],[-125.679,54.043],[-125.154,54.216],[-125.366,54.357],[-125.148,54.498]]]]}},{"type":"Feature","properties":{"NAME":"Waiwai","SUBJECTO":"Waiwai","PARTOF":"Waiwai","BORDERPRECISION":"1"},"bbox":[-60.408,-1.928,-56.833,2.512],"geometry":{"type":"MultiPolygon","coordinates":[[[[-57.194,-1.808],[-57.347,-1.928],[-57.7,-1.867],[-58.383,-1.465],[-59.155,-0.45],[-59.264,0.099],[-60.154,0.696],[-60.408,1.108],[-60.305,1.613],[-59.646,1.928],[-58.877,2.512],[-58.144,2.452],[-58.11,2.152],[-58.364,1.779],[-58.31,1.466],[-57.777,0.98],[-57.744,0.273],[-57.537,-0.386],[-56.833,-1.226],[-57.194,-1.808]]]]}},{"type":"Feature","properties":{"NAME":"Ashaninka","SUBJECTO":"Ashaninka","PARTOF":"Ashaninka","BORDERPRECISION":"1"},"bbox":[-75.182,-12.846,-71.16,-8.449],"geometry":{"type":"MultiPolygon","coordinates":[[[[-75.147,-10.746],[-75.036,-10.445],[-75.179,-10.01],[-74.997,-9.06],[-74.353,-8.449],[-73.95,-8.468],[-72.948,-9.009],[-71.42,-9.006],[-71.16,-9.507],[-71.232,-9.968],[-72.24,-10.346],[-72.761,-10.854],[-72.882,-11.342],[-73.089,-11.527],[-73.287,-12.605],[-73.502,-12.846],[-74.587,-12.065],[-74.774,-11.479],[-75.182,-10.906],[-75.147,-10.746]]]]}},{"type":"Feature","properties":{"NAME":"San Carlos Apache","SUBJECTO":"San Carlos Apache","PARTOF":"San Carlos Apache","BORDERPRECISION":"1"},"bbox":[-110.711,32.893,-109.493,33.811],"geometry":{"type":"MultiPolygon","coordinates":[[[[-109.498,33.653],[-109.493,33.097],[-109.591,33.028],[-110.064,33.24],[-110.048,32.9],[-110.387,33.014],[-110.711,32.893],[-110.694,33.504],[-110.53,33.637],[-110.528,33.811],[-109.78,33.476],[-109.498,33.653]]]]}},{"type":"Feature","properties":{"NAME":"Teslin Tlingit Council (BC)","SUBJECTO":"Teslin Tlingit Council (BC)","PARTOF":"Teslin Tlingit Council (BC)","BORDERPRECISION":"1"},"bbox":[-133.432,59.192,-130.331,60.002],"geometry":{"type":"MultiPolygon","coordinates":[[[[-130.595,60],[-130.664,59.815],[-130.331,59.412],[-130.375,59.192],[-132.333,59.373],[-133.432,60.002],[-130.595,60]]]]}},{"type":"Feature","properties":{"NAME":"Sauk Suiattle","SUBJECTO":"Sauk Suiattle","PARTOF":"Sauk Suiattle","BORDERPRECISION":"1"},"bbox":[-122.494,47.993,-120.749,49.004],"geometry":{"type":"MultiPolygon","coordinates":[[[[-122.374,48.266],[-122.494,48.587],[-122.399,48.577],[-122.424,48.694],[-121.807,48.596],[-121.764,48.767],[-121.22,49.004],[-120.891,48.965],[-120.787,48.823],[-120.749,48.579],[-121.056,48.46],[-120.937,48.176],[-121.141,47.993],[-121.454,48.004],[-121.629,48.155],[-121.649,48.427],[-122.374,48.266]]]]}},{"type":"Feature","properties":{"NAME":"Penobscot","SUBJECTO":"Penobscot","PARTOF":"Penobscot","BORDERPRECISION":"1"},"bbox":[-70.419,44.116,-67.649,46.54],"geometry":{"type":"MultiPolygon","coordinates":[[[[-68.052,44.411],[-68.131,44.567],[-68.558,44.483],[-68.504,44.297],[-68.804,44.393],[-68.782,44.627],[-69.121,44.116],[-69.259,45.062],[-69.605,45.346],[-69.296,45.6],[-69.332,45.763],[-69.664,45.951],[-70.338,45.913],[-70.419,46.05],[-69.945,46.325],[-69.776,46.236],[-69.316,46.54],[-68.9,46.345],[-68.496,46.428],[-68.189,46.332],[-67.887,46.03],[-67.852,45.754],[-67.649,45.526],[-68.07,45.342],[-68.052,44.411]]]]}},{"type":"Feature","properties":{"NAME":"[Gáuigú (Kiowa)","SUBJECTO":"[Gáuigú (Kiowa)","PARTOF":"[Gáuigú (Kiowa)","BORDERPRECISION":"1"},"bbox":[-104.687,33.751,-96.734,39],"geometry":{"type":"MultiPolygon","coordinates":[[[[-102.775,34.223],[-104.047,33.751],[-104.45,33.779],[-104.622,33.978],[-104.687,35.301],[-104.098,36.454],[-104.127,37.642],[-103.871,38.186],[-101.437,38.327],[-99.558,39],[-98.301,38.785],[-96.948,37.877],[-96.734,36.994],[-96.854,34.911],[-97.05,34.634],[-98.189,34.415],[-98.553,34.092],[-99.117,33.889],[-100.224,34.201],[-100.503,34.407],[-101.739,34.315],[-101.976,34.674],[-102.216,34.733],[-102.775,34.223]]]]}},{"type":"Feature","properties":{"NAME":"Northeastern Pomo","SUBJECTO":"Northeastern Pomo","PARTOF":"Northeastern Pomo","BORDERPRECISION":"1"},"bbox":[-122.816,39.36,-122.476,39.529],"geometry":{"type":"MultiPolygon","coordinates":[[[[-122.739,39.529],[-122.476,39.445],[-122.816,39.36],[-122.739,39.529]]]]}},{"type":"Feature","properties":{"NAME":"Karkin","SUBJECTO":"Karkin","PARTOF":"Karkin","BORDERPRECISION":"1"},"bbox":[-122.406,37.917,-122.044,38.108],"geometry":{"type":"MultiPolygon","coordinates":[[[[-122.406,38.054],[-122.044,38.108],[-122.13,37.917],[-122.406,38.054]]]]}},{"type":"Feature","properties":{"NAME":"Ayahuacas","SUBJECTO":"Ayahuacas","PARTOF":"Ayahuacas","BORDERPRECISION":"1"},"bbox":[-79.965,-4.831,-79.523,-4.437],"geometry":{"type":"MultiPolygon","coordinates":[[[[-79.605,-4.831],[-79.965,-4.645],[-79.907,-4.437],[-79.523,-4.533],[-79.605,-4.831]]]]}},{"type":"Feature","properties":{"NAME":"Mi'kma'ki","SUBJECTO":"Mi'kma'ki","PARTOF":"Mi'kma'ki","BORDERPRECISION":"1"},"bbox":[-69.417,43.518,-53.914,49.233],"geometry":{"type":"MultiPolygon","coordinates":[[[[-53.914,46.996],[-54.082,46.99],[-54.072,47.183],[-53.914,46.996]]],[[[-54.74,47.431],[-55.408,46.948],[-55.904,47.064],[-55.277,47.313],[-54.899,47.644],[-54.74,47.431]]],[[[-55.097,47.769],[-55.368,47.795],[-55.513,47.586],[-55.698,47.579],[-55.739,47.872],[-56.079,47.865],[-56.33,47.636],[-58.091,47.763],[-59.157,47.67],[-59.319,47.963],[-58.139,48.599],[-58.68,48.703],[-58.285,49.085],[-55.503,48.662],[-54.992,47.75],[-55.097,47.769]]],[[[-59.997,45.854],[-60.507,45.664],[-61.025,45.67],[-61.409,46.046],[-61.381,46.331],[-60.627,47.133],[-60.26,46.938],[-60.584,46.385],[-60.963,46.189],[-61.072,45.988],[-60.761,45.891],[-60.169,46.314],[-59.807,46.081],[-59.997,45.854]]],[[[-69.254,48.12],[-68.341,48.546],[-66.03,49.166],[-65.367,49.233],[-64.55,49.077],[-64.32,48.947],[-64.194,48.653],[-64.398,48.456],[-65.213,48.121],[-65.855,48.205],[-66.472,48.099],[-65.837,47.961],[-65.612,47.663],[-65.028,47.882],[-65.04,47.785],[-64.658,47.779],[-64.924,47.56],[-64.98,47.33],[-65.39,47.13],[-64.842,47.124],[-64.851,46.719],[-64.69,46.695],[-64.535,46.272],[-63.749,46.169],[-64.08,46.054],[-63.276,45.783],[-62.633,45.771],[-62.726,45.68],[-61.94,45.922],[-61.893,45.759],[-61.481,45.741],[-61.262,45.554],[-61.403,45.391],[-60.958,45.301],[-61.683,45.216],[-61.634,45.144],[-63.053,44.711],[-63.107,44.831],[-63.303,44.663],[-63.388,44.747],[-63.559,44.513],[-63.902,44.573],[-63.888,44.729],[-64.088,44.513],[-64.306,44.615],[-64.391,44.489],[-64.236,44.357],[-64.706,44.129],[-64.649,44.057],[-64.908,43.937],[-64.871,43.86],[-65.031,43.872],[-64.988,43.758],[-65.319,43.752],[-65.467,43.518],[-65.558,43.62],[-65.713,43.56],[-65.939,43.86],[-66.001,43.752],[-66.189,44.141],[-65.841,44.615],[-66.193,44.489],[-64.458,45.391],[-64.307,45.349],[-64.337,45.156],[-64.141,45.054],[-64.168,45.222],[-63.378,45.385],[-64.559,45.457],[-64.92,45.367],[-64.26,45.843],[-64.283,45.922],[-64.519,45.795],[-64.701,46.084],[-64.562,45.885],[-64.724,45.668],[-65.888,45.258],[-66.153,45.379],[-66.049,45.288],[-66.182,45.221],[-66.357,45.768],[-68.049,46.21],[-68.115,46.845],[-68.401,47.458],[-69.324,47.828],[-69.417,48.003],[-69.254,48.12]]]]}},{"type":"Feature","properties":{"NAME":"Kaingang","SUBJECTO":"Kaingang","PARTOF":"Kaingang","BORDERPRECISION":"1"},"bbox":[-53.735,-29.88,-48.229,-21.935],"geometry":{"type":"MultiPolygon","coordinates":[[[[-53.01,-24.297],[-52.882,-23.595],[-52.113,-22.535],[-51.132,-22.061],[-50.406,-21.935],[-49.51,-22.021],[-48.755,-22.456],[-48.229,-23.595],[-48.4,-24.595],[-48.912,-25.844],[-50.406,-28.839],[-51.196,-29.657],[-51.985,-29.88],[-52.726,-29.794],[-53.437,-29.398],[-53.735,-27.862],[-53.693,-25.767],[-53.01,-24.297]]]]}},{"type":"Feature","properties":{"NAME":"Kawashkar","SUBJECTO":"Kawashkar","PARTOF":"Kawashkar","BORDERPRECISION":"1"},"bbox":[-74.545,-53.882,-70.78,-47.447],"geometry":{"type":"MultiPolygon","coordinates":[[[[-73.243,-52.574],[-73.626,-52.608],[-73.658,-52.442],[-73.56,-52.283],[-72.869,-52.281],[-72.845,-52.646],[-73.08,-53.032],[-73.281,-52.953],[-73.243,-52.574]]],[[[-70.854,-53.081],[-70.998,-53.821],[-71.442,-53.882],[-71.872,-53.696],[-71.152,-52.962],[-71.443,-52.829],[-72.051,-53.07],[-72.751,-53.138],[-72.784,-52.898],[-71.678,-52.644],[-72.559,-52.573],[-72.449,-52.161],[-72.65,-52.128],[-72.81,-51.93],[-73.107,-52.103],[-73.408,-52.024],[-73.258,-51.706],[-73.591,-51.792],[-73.875,-51.562],[-73.638,-51.356],[-73.703,-51.198],[-74.269,-50.994],[-73.889,-50.908],[-73.722,-50.695],[-72.877,-51.772],[-71.978,-52.363],[-70.896,-52.819],[-70.78,-52.91],[-70.854,-53.081]]],[[[-73.818,-50.46],[-74.075,-50.473],[-74.19,-50.171],[-73.932,-49.993],[-74.187,-49.823],[-74.24,-49.634],[-73.972,-49.473],[-73.818,-50.46]]],[[[-74.272,-49.431],[-74.312,-48.745],[-74.133,-48.477],[-74.21,-48.008],[-73.943,-48.014],[-73.74,-48.126],[-73.977,-49.249],[-74.272,-49.431]]],[[[-73.764,-47.773],[-74.154,-47.839],[-74.538,-47.787],[-74.545,-47.683],[-74.381,-47.447],[-73.921,-47.514],[-73.65,-47.711],[-73.673,-47.818],[-73.764,-47.773]]]]}},{"type":"Feature","properties":{"NAME":"Passamaquoddy","SUBJECTO":"Passamaquoddy","PARTOF":"Passamaquoddy","BORDERPRECISION":"1"},"bbox":[-68.804,44.297,-66.222,45.967],"geometry":{"type":"MultiPolygon","coordinates":[[[[-66.404,45.108],[-67.187,45.252],[-67.03,45.03],[-67.15,44.903],[-66.939,44.879],[-67.169,44.711],[-67.532,44.723],[-67.6,44.579],[-67.738,44.663],[-68.052,44.411],[-68.131,44.567],[-68.558,44.483],[-68.504,44.297],[-68.804,44.393],[-68.667,44.517],[-68.586,44.439],[-68.646,44.626],[-68.325,44.936],[-68.379,45.122],[-68.103,45.022],[-68.088,45.346],[-67.694,45.524],[-67.869,45.7],[-67.874,45.933],[-67.777,45.967],[-67.643,45.761],[-67.549,45.859],[-67.309,45.746],[-67.22,45.874],[-67.012,45.764],[-67.042,45.522],[-66.834,45.574],[-66.608,45.363],[-66.478,45.457],[-66.308,45.378],[-66.222,45.2],[-66.404,45.108]]]]}},{"type":"Feature","properties":{"NAME":"Magüta/Ticuna","SUBJECTO":"Magüta/Ticuna","PARTOF":"Magüta/Ticuna","BORDERPRECISION":"1"},"bbox":[-72.115,-4.681,-67.336,-2.407],"geometry":{"type":"MultiPolygon","coordinates":[[[[-67.593,-2.407],[-67.336,-2.711],[-67.558,-3.212],[-68.116,-3.655],[-68.737,-3.939],[-68.959,-4.264],[-69.833,-4.681],[-70.978,-4.314],[-71.799,-4.328],[-72.115,-3.875],[-71.874,-3.129],[-71.368,-2.703],[-69.952,-2.577],[-69.333,-2.754],[-68.898,-2.738],[-67.593,-2.407]]]]}},{"type":"Feature","properties":{"NAME":"səl̓ilwətaɁɬ təməxʷ (Tsleil-Waututh)","SUBJECTO":"səl̓ilwətaɁɬ təməxʷ (Tsleil-Waututh)","PARTOF":"səl̓ilwətaɁɬ təməxʷ (Tsleil-Waututh)","BORDERPRECISION":"1"},"bbox":[-123.24,49.225,-122.804,49.881],"geometry":{"type":"MultiPolygon","coordinates":[[[[-123.213,49.272],[-123.24,49.437],[-122.997,49.845],[-122.806,49.881],[-122.804,49.225],[-123.213,49.272]]]]}},{"type":"Feature","properties":{"NAME":"Aucocisco","SUBJECTO":"Aucocisco","PARTOF":"Aucocisco","BORDERPRECISION":"1"},"bbox":[-70.42,43.638,-70.187,43.85],"geometry":{"type":"MultiPolygon","coordinates":[[[[-70.216,43.8],[-70.187,43.638],[-70.42,43.688],[-70.365,43.85],[-70.216,43.8]]]]}},{"type":"Feature","properties":{"NAME":"Zoró/Pangyjej","SUBJECTO":"Zoró/Pangyjej","PARTOF":"Zoró/Pangyjej","BORDERPRECISION":"1"},"bbox":[-61.146,-10.978,-60.517,-10.204],"geometry":{"type":"MultiPolygon","coordinates":[[[[-61.137,-10.735],[-61.146,-10.546],[-60.911,-10.204],[-60.517,-10.476],[-60.534,-10.764],[-60.82,-10.978],[-60.921,-10.965],[-60.946,-10.742],[-61.137,-10.735]]]]}},{"type":"Feature","properties":{"NAME":"Bostos","SUBJECTO":"Bostos","PARTOF":"Bostos","BORDERPRECISION":"1"},"bbox":[-85.346,10.325,-83.962,11.127],"geometry":{"type":"MultiPolygon","coordinates":[[[[-85.346,11.075],[-84.718,11.127],[-83.962,10.783],[-84.028,10.325],[-84.976,10.344],[-85.317,10.794],[-85.346,11.075]]]]}},{"type":"Feature","properties":{"NAME":"Achagua","SUBJECTO":"Achagua","PARTOF":"Achagua","BORDERPRECISION":"1"},"bbox":[-74.018,2.87,-71.804,4.576],"geometry":{"type":"MultiPolygon","coordinates":[[[[-72.975,4.576],[-72.58,4.307],[-71.884,4.255],[-71.804,4.111],[-71.897,3.367],[-72.529,2.87],[-73.539,2.915],[-73.833,3.108],[-74.018,3.467],[-73.889,4.021],[-73.206,4.341],[-72.975,4.576]]]]}},{"type":"Feature","properties":{"NAME":"Lingít Aaní (Tlingit)","SUBJECTO":"Lingít Aaní (Tlingit)","PARTOF":"Lingít Aaní (Tlingit)","BORDERPRECISION":"1"},"bbox":[-142.148,54.91,-130.003,60.583],"geometry":{"type":"MultiPolygon","coordinates":[[[[-130.003,55.289],[-130.111,55.095],[-130.546,54.91],[-130.773,55.066],[-130.695,55.465],[-131.191,56.035],[-132.256,55.85],[-132.279,56.132],[-132.101,56.349],[-132.871,57.016],[-133.4,57.219],[-133.341,57.377],[-133.641,57.739],[-133.505,57.897],[-134.83,58.561],[-135.309,59.347],[-135.469,59.34],[-135.515,58.973],[-135.3,58.374],[-135.738,58.47],[-136.148,58.903],[-136.939,58.943],[-136.356,58.524],[-137.085,58.447],[-137.577,58.604],[-138.446,59.162],[-139.2,59.277],[-139.785,59.518],[-139.307,59.706],[-139.573,59.9],[-140.428,59.76],[-141.385,59.897],[-141.439,60.091],[-141.586,60.14],[-142.148,60.033],[-142.1,60.583],[-141.364,60.487],[-139.425,60.582],[-138.574,60.411],[-137.186,59.806],[-135.394,59.804],[-134.265,58.898],[-133.452,58.447],[-131.836,56.897],[-130.957,56.365],[-130.034,56.048],[-130.003,55.289]]],[[[-133.281,56.232],[-132.633,55.9],[-132.688,55.649],[-132.584,55.497],[-133.065,55.419],[-133.271,55.621],[-133.266,55.831],[-133.518,56.211],[-133.281,56.232]]],[[[-135.147,57.599],[-135.822,57.756],[-135.816,57.454],[-136.596,57.905],[-136.3,58.18],[-135.325,58.093],[-135.147,57.599]]],[[[-135.002,57.326],[-134.764,56.794],[-134.946,56.454],[-135.484,57.332],[-135.441,57.428],[-135.002,57.326]]]]}},{"type":"Feature","properties":{"NAME":"Mayangna","SUBJECTO":"Mayangna","PARTOF":"Mayangna","BORDERPRECISION":"1"},"bbox":[-85.368,12.729,-83.493,15.177],"geometry":{"type":"MultiPolygon","coordinates":[[[[-83.662,13.705],[-83.723,12.802],[-84.228,12.729],[-84.504,12.977],[-84.697,13.629],[-85.368,14.124],[-85.208,14.296],[-85.193,14.931],[-84.682,15.177],[-84.56,14.683],[-83.892,14.434],[-83.493,13.957],[-83.662,13.705]]]]}},{"type":"Feature","properties":{"NAME":"Canela Ramkokamekrá","SUBJECTO":"Canela Ramkokamekrá","PARTOF":"Canela Ramkokamekrá","BORDERPRECISION":"1"},"bbox":[-45.462,-6.425,-44.892,-5.817],"geometry":{"type":"MultiPolygon","coordinates":[[[[-44.892,-6.209],[-44.98,-6.348],[-45.462,-6.425],[-45.443,-6.101],[-45.26,-5.817],[-44.948,-5.826],[-44.892,-6.209]]]]}},{"type":"Feature","properties":{"NAME":"Julimes","SUBJECTO":"Julimes","PARTOF":"Julimes","BORDERPRECISION":"1"},"bbox":[-106.125,27.713,-104.667,28.845],"geometry":{"type":"MultiPolygon","coordinates":[[[[-104.667,28.478],[-105.194,27.713],[-105.952,28.266],[-106.125,28.643],[-105.826,28.83],[-105.447,28.845],[-105.293,28.671],[-104.667,28.478]]]]}},{"type":"Feature","properties":{"NAME":"We Wai Kai","SUBJECTO":"We Wai Kai","PARTOF":"We Wai Kai","BORDERPRECISION":"1"},"bbox":[-126.663,49.245,-123.663,52.045],"geometry":{"type":"MultiPolygon","coordinates":[[[[-124.939,50.596],[-125.412,50.549],[-125.824,50.662],[-125.339,50.941],[-126.031,51.754],[-125.987,52.045],[-125.395,51.873],[-125.252,52.034],[-125.152,51.223],[-123.663,50.931],[-123.793,50.697],[-124.788,50.289],[-124.939,50.596]]],[[[-124.881,49.576],[-124.514,49.422],[-124.787,49.245],[-125.093,49.481],[-125.717,49.522],[-125.675,49.633],[-125.918,49.756],[-125.962,49.988],[-126.172,49.931],[-126.2,50.202],[-126.633,50.269],[-126.663,50.475],[-125.719,50.409],[-124.881,49.576]]]]}},{"type":"Feature","properties":{"NAME":"Awá","SUBJECTO":"Awá","PARTOF":"Awá","BORDERPRECISION":"1"},"bbox":[-47.142,-4.811,-46.168,-2.571],"geometry":{"type":"MultiPolygon","coordinates":[[[[-46.794,-2.578],[-46.502,-2.571],[-46.168,-3.094],[-46.276,-4.472],[-46.521,-4.791],[-46.705,-4.811],[-46.963,-4.635],[-47.142,-3.831],[-47.067,-2.969],[-46.794,-2.578]]]]}},{"type":"Feature","properties":{"NAME":"Xakriabá","SUBJECTO":"Xakriabá","PARTOF":"Xakriabá","BORDERPRECISION":"1"},"bbox":[-44.528,-16.132,-42.507,-14.307],"geometry":{"type":"MultiPolygon","coordinates":[[[[-44.324,-14.545],[-44.016,-14.307],[-42.995,-14.45],[-42.699,-14.749],[-42.507,-15.304],[-42.74,-16.049],[-43.28,-16.132],[-44.068,-15.774],[-44.528,-15.042],[-44.324,-14.545]]]]}},{"type":"Feature","properties":{"NAME":"Nukini","SUBJECTO":"Nukini","PARTOF":"Nukini","BORDERPRECISION":"1"},"bbox":[-73.651,-7.438,-73.277,-7.284],"geometry":{"type":"MultiPolygon","coordinates":[[[[-73.47,-7.438],[-73.651,-7.284],[-73.277,-7.413],[-73.47,-7.438]]]]}},{"type":"Feature","properties":{"NAME":"Enenlhet-Toba","SUBJECTO":"Enenlhet-Toba","PARTOF":"Enenlhet-Toba","BORDERPRECISION":"1"},"bbox":[-59.575,-22.601,-57.683,-22.231],"geometry":{"type":"MultiPolygon","coordinates":[[[[-57.727,-22.54],[-59.18,-22.601],[-59.575,-22.493],[-59.392,-22.231],[-57.839,-22.231],[-57.683,-22.354],[-57.727,-22.54]]]]}},{"type":"Feature","properties":{"NAME":"Yoko T’aan (Chontal)","SUBJECTO":"Yoko T’aan (Chontal)","PARTOF":"Yoko T’aan (Chontal)","BORDERPRECISION":"1"},"bbox":[-93.147,17.678,-92.225,18.624],"geometry":{"type":"MultiPolygon","coordinates":[[[[-93.036,18.451],[-92.51,18.624],[-92.225,17.733],[-92.45,17.678],[-93.106,17.857],[-93.147,18.267],[-93.036,18.451]]]]}},{"type":"Feature","properties":{"NAME":"Mánekenk/Haush","SUBJECTO":"Mánekenk/Haush","PARTOF":"Mánekenk/Haush","BORDERPRECISION":"1"},"bbox":[-66.806,-55.07,-65.259,-54.642],"geometry":{"type":"MultiPolygon","coordinates":[[[[-65.9,-54.713],[-65.259,-54.719],[-65.262,-54.819],[-66.458,-55.07],[-66.806,-54.983],[-66.112,-54.642],[-65.9,-54.713]]]]}},{"type":"Feature","properties":{"NAME":"Manahoac","SUBJECTO":"Manahoac","PARTOF":"Manahoac","BORDERPRECISION":"1"},"bbox":[-79.639,37.789,-77.179,39.393],"geometry":{"type":"MultiPolygon","coordinates":[[[[-77.362,39.247],[-77.179,38.975],[-77.5,37.843],[-77.953,37.789],[-78.739,37.92],[-79.513,38.245],[-79.639,38.429],[-79.622,38.537],[-78.75,38.917],[-78.349,39.393],[-77.362,39.247]]]]}},{"type":"Feature","properties":{"NAME":"Sinkyone","SUBJECTO":"Sinkyone","PARTOF":"Sinkyone","BORDERPRECISION":"1"},"bbox":[-124.273,39.851,-123.684,40.514],"geometry":{"type":"MultiPolygon","coordinates":[[[[-124.033,39.982],[-124.273,40.237],[-124.135,40.514],[-123.684,40.296],[-123.772,39.884],[-123.937,39.851],[-124.033,39.982]]]]}},{"type":"Feature","properties":{"NAME":"Kamëntsá","SUBJECTO":"Kamëntsá","PARTOF":"Kamëntsá","BORDERPRECISION":"1"},"bbox":[-77.197,0.931,-76.719,1.488],"geometry":{"type":"MultiPolygon","coordinates":[[[[-77.176,1.138],[-77.197,1.276],[-76.964,1.488],[-76.719,1.37],[-76.793,1.053],[-77.114,0.931],[-77.176,1.138]]]]}},{"type":"Feature","properties":{"NAME":"Tastil","SUBJECTO":"Tastil","PARTOF":"Tastil","BORDERPRECISION":"1"},"bbox":[-66.514,-25.431,-65.123,-24.063],"geometry":{"type":"MultiPolygon","coordinates":[[[[-66.514,-24.342],[-66.469,-24.147],[-66.117,-24.063],[-65.713,-24.237],[-65.157,-24.749],[-65.123,-25.189],[-65.597,-25.431],[-66.058,-25.324],[-66.415,-24.933],[-66.514,-24.342]]]]}},{"type":"Feature","properties":{"NAME":"Odǫhwęja:deˀ (Cayuga)","SUBJECTO":"Odǫhwęja:deˀ (Cayuga)","PARTOF":"Odǫhwęja:deˀ (Cayuga)","BORDERPRECISION":"1"},"bbox":[-77.029,42.119,-76.368,43.317],"geometry":{"type":"MultiPolygon","coordinates":[[[[-76.937,43.237],[-76.704,43.317],[-76.391,42.627],[-76.368,42.119],[-76.625,42.128],[-76.619,42.374],[-77.029,43.238],[-76.937,43.237]]]]}},{"type":"Feature","properties":{"NAME":"Chapra","SUBJECTO":"Chapra","PARTOF":"Chapra","BORDERPRECISION":"1"},"bbox":[-77.368,-4.321,-76.53,-3.426],"geometry":{"type":"MultiPolygon","coordinates":[[[[-76.53,-4.187],[-76.897,-4.321],[-77.23,-4.255],[-77.368,-3.439],[-77.042,-3.426],[-76.855,-3.557],[-76.53,-4.187]]]]}},{"type":"Feature","properties":{"NAME":"Fernandeño Tataviam","SUBJECTO":"Fernandeño Tataviam","PARTOF":"Fernandeño Tataviam","BORDERPRECISION":"1"},"bbox":[-118.87,34.096,-117.676,34.829],"geometry":{"type":"MultiPolygon","coordinates":[[[[-118.604,34.096],[-118.87,34.426],[-118.704,34.829],[-117.676,34.624],[-117.786,34.406],[-118.604,34.096]]]]}},{"type":"Feature","properties":{"NAME":"Ocloya","SUBJECTO":"Ocloya","PARTOF":"Ocloya","BORDERPRECISION":"1"},"bbox":[-65.526,-24.385,-64.784,-23.248],"geometry":{"type":"MultiPolygon","coordinates":[[[[-65.031,-24.385],[-65.377,-24.257],[-65.526,-23.785],[-65.413,-23.462],[-65.052,-23.248],[-64.784,-23.546],[-64.925,-24.334],[-65.031,-24.385]]]]}},{"type":"Feature","properties":{"NAME":"Kelly Lake Metis Settlement Society","SUBJECTO":"Kelly Lake Metis Settlement Society","PARTOF":"Kelly Lake Metis Settlement Society","BORDERPRECISION":"1"},"bbox":[-123.75,53.381,-114.212,56.28],"geometry":{"type":"MultiPolygon","coordinates":[[[[-122.366,55.863],[-121.377,56.219],[-119.905,56.121],[-119.399,56.28],[-118.894,56.231],[-118.85,56.023],[-118.301,55.925],[-117.356,56.17],[-117.642,55.529],[-118.081,55.267],[-117.532,55.104],[-116.697,54.419],[-114.236,53.723],[-114.212,53.57],[-116.991,53.555],[-117.695,53.381],[-118.698,53.934],[-120.357,53.862],[-122.893,54.877],[-123.75,56.035],[-122.585,56.023],[-122.366,55.863]]]]}},{"type":"Feature","properties":{"NAME":"Nunatsiavut","SUBJECTO":"Nunatsiavut","PARTOF":"Nunatsiavut","BORDERPRECISION":"1"},"bbox":[-64.819,53.662,-57.433,60.181],"geometry":{"type":"MultiPolygon","coordinates":[[[[-64.671,60.181],[-63.006,58.815],[-62.887,58.656],[-63.042,58.525],[-62.999,58.374],[-62.741,58.389],[-62.495,57.957],[-61.888,57.725],[-61.828,57.554],[-62.186,57.437],[-61.351,57.002],[-61.335,56.811],[-61.545,56.729],[-62.326,56.769],[-61.928,56.273],[-61.25,56.077],[-60.464,55.653],[-63.149,55.653],[-63.765,55.801],[-63.984,56.268],[-63.853,57.374],[-64.775,58.309],[-64.819,59.266],[-64.644,59.734],[-64.749,60.079],[-64.671,60.181]]],[[[-60.575,55.071],[-59.694,55.154],[-58.557,54.772],[-57.433,54.58],[-57.515,54.466],[-60.129,53.691],[-60.029,53.891],[-59.7,53.943],[-59.524,54.111],[-60.754,54.355],[-61.633,54.265],[-60.519,55.169],[-60.575,55.071]]],[[[-58.64,53.868],[-58.077,54.083],[-57.434,54.085],[-58.959,53.662],[-58.64,53.868]]]]}},{"type":"Feature","properties":{"NAME":"Western Nehântick","SUBJECTO":"Western Nehântick","PARTOF":"Western Nehântick","BORDERPRECISION":"1"},"bbox":[-72.468,41.34,-72.092,41.465],"geometry":{"type":"MultiPolygon","coordinates":[[[[-72.092,41.365],[-72.363,41.34],[-72.468,41.465],[-72.092,41.365]]]]}},{"type":"Feature","properties":{"NAME":"Nansemond","SUBJECTO":"Nansemond","PARTOF":"Nansemond","BORDERPRECISION":"1"},"bbox":[-76.796,36.635,-76.325,37.03],"geometry":{"type":"MultiPolygon","coordinates":[[[[-76.524,36.922],[-76.325,36.888],[-76.455,36.635],[-76.753,36.646],[-76.796,36.891],[-76.586,37.03],[-76.524,36.922]]]]}},{"type":"Feature","properties":{"NAME":"Waxhaw","SUBJECTO":"Waxhaw","PARTOF":"Waxhaw","BORDERPRECISION":"1"},"bbox":[-81.271,34.413,-80.084,35.251],"geometry":{"type":"MultiPolygon","coordinates":[[[[-80.931,35.066],[-80.544,35.251],[-80.306,35.154],[-80.133,35.063],[-80.084,34.668],[-80.441,34.467],[-81.02,34.413],[-81.222,34.535],[-81.271,34.741],[-80.931,35.066]]]]}},{"type":"Feature","properties":{"NAME":"Puyallup","SUBJECTO":"Puyallup","PARTOF":"Puyallup","BORDERPRECISION":"1"},"bbox":[-122.697,46.79,-121.375,47.404],"geometry":{"type":"MultiPolygon","coordinates":[[[[-122.335,47.404],[-122.077,47.2],[-121.375,47.026],[-121.85,46.79],[-122.408,46.979],[-122.697,47.321],[-122.335,47.404]]]]}},{"type":"Feature","properties":{"NAME":"Nitaskinan (Atikamekw / Nehirowisi Aski)","SUBJECTO":"Nitaskinan (Atikamekw / Nehirowisi Aski)","PARTOF":"Nitaskinan (Atikamekw / Nehirowisi Aski)","BORDERPRECISION":"1"},"bbox":[-76.264,46.16,-71.941,49.588],"geometry":{"type":"MultiPolygon","coordinates":[[[[-76.187,48.639],[-75.328,49.392],[-74.884,49.588],[-73.817,49.292],[-72.172,48.173],[-71.941,47.871],[-72.051,47.251],[-72.222,46.962],[-72.439,46.862],[-72.417,46.56],[-72.272,46.464],[-73.019,46.16],[-73.469,46.175],[-75.313,46.785],[-75.697,47.399],[-75.996,47.594],[-76.264,48.217],[-76.187,48.639]]]]}},{"type":"Feature","properties":{"NAME":"Me-Wuk (Coast Miwok)","SUBJECTO":"Me-Wuk (Coast Miwok)","PARTOF":"Me-Wuk (Coast Miwok)","BORDERPRECISION":"1"},"bbox":[-123.106,37.896,-122.366,38.376],"geometry":{"type":"MultiPolygon","coordinates":[[[[-122.467,38.01],[-122.548,38.162],[-122.531,37.896],[-122.759,37.957],[-123.106,38.376],[-122.366,38.342],[-122.467,38.01]]]]}},{"type":"Feature","properties":{"NAME":"Moqoit","SUBJECTO":"Moqoit","PARTOF":"Moqoit","BORDERPRECISION":"1"},"bbox":[-62.32,-34.091,-59.06,-25.922],"geometry":{"type":"MultiPolygon","coordinates":[[[[-60.762,-25.922],[-60.035,-26.066],[-59.522,-26.454],[-59.107,-27.299],[-59.06,-27.947],[-59.797,-31.09],[-60.623,-32.132],[-60.721,-33.388],[-60.859,-33.667],[-61.095,-33.961],[-61.409,-34.091],[-62.203,-33.726],[-62.32,-33.508],[-62.165,-32.533],[-62.276,-31.589],[-62.183,-30.362],[-61.976,-28.437],[-61.661,-27.352],[-61.363,-26.506],[-60.762,-25.922]]]]}},{"type":"Feature","properties":{"NAME":"Jamamadi","SUBJECTO":"Jamamadi","PARTOF":"Jamamadi","BORDERPRECISION":"1"},"bbox":[-68.828,-8.991,-64.572,-6.023],"geometry":{"type":"MultiPolygon","coordinates":[[[[-67.965,-8.613],[-67.892,-8.94],[-68.418,-8.991],[-68.656,-8.06],[-68.828,-7.953],[-68.532,-7.434],[-68.658,-7.089],[-68.225,-6.705],[-67.814,-6.023],[-67.201,-6.489],[-66.291,-6.579],[-66.804,-7.142],[-66.815,-7.321],[-67.384,-7.54],[-67.54,-8.168],[-67.842,-8.319],[-67.97,-8.603],[-65.426,-7.451],[-65.81,-7.296],[-65.792,-7.09],[-65.094,-6.763],[-64.572,-7.677],[-64.62,-8.362],[-64.981,-8.032],[-64.781,-7.24],[-64.85,-7.148],[-67.965,-8.613]]]]}},{"type":"Feature","properties":{"NAME":"Uru","SUBJECTO":"Uru","PARTOF":"Uru","BORDERPRECISION":"1"},"bbox":[-71.03,-23.715,-64.09,-15.218],"geometry":{"type":"MultiPolygon","coordinates":[[[[-70.112,-20.693],[-70.296,-18.629],[-70.454,-18.223],[-70.809,-17.985],[-70.928,-17.722],[-71.03,-16.786],[-70.858,-16.12],[-70.222,-15.269],[-69.409,-15.218],[-68.914,-15.355],[-68.313,-15.716],[-66.515,-18.009],[-64.205,-21.821],[-64.09,-22.514],[-64.395,-23.262],[-65.761,-23.715],[-68.268,-23.232],[-68.995,-22.917],[-69.63,-22.253],[-69.998,-21.571],[-70.112,-20.693]]]]}},{"type":"Feature","properties":{"NAME":"Shíshálh","SUBJECTO":"Shíshálh","PARTOF":"Shíshálh","BORDERPRECISION":"1"},"bbox":[-124.36,49.525,-123.305,50.337],"geometry":{"type":"MultiPolygon","coordinates":[[[[-123.699,49.525],[-123.976,49.971],[-124.253,49.839],[-124.36,49.916],[-124.099,50.024],[-124.118,50.337],[-123.604,50.186],[-123.596,49.882],[-123.305,49.831],[-123.352,49.671],[-123.699,49.525]]]]}},{"type":"Feature","properties":{"NAME":"Luckiamute","SUBJECTO":"Luckiamute","PARTOF":"Luckiamute","BORDERPRECISION":"1"},"bbox":[-123.746,44.723,-123.135,44.948],"geometry":{"type":"MultiPolygon","coordinates":[[[[-123.144,44.75],[-123.468,44.723],[-123.717,44.821],[-123.746,44.948],[-123.135,44.946],[-123.144,44.75]]]]}},{"type":"Feature","properties":{"NAME":"Ijku (Arhuaco)","SUBJECTO":"Ijku (Arhuaco)","PARTOF":"Ijku (Arhuaco)","BORDERPRECISION":"1"},"bbox":[-74.338,9.886,-73.291,10.859],"geometry":{"type":"MultiPolygon","coordinates":[[[[-73.96,10.11],[-74.338,10.859],[-73.291,10.79],[-73.356,10.267],[-73.805,9.886],[-73.96,10.11]]]]}},{"type":"Feature","properties":{"NAME":"Nanrantsouak","SUBJECTO":"Nanrantsouak","PARTOF":"Nanrantsouak","BORDERPRECISION":"1"},"bbox":[-72.089,43.796,-69.033,46.893],"geometry":{"type":"MultiPolygon","coordinates":[[[[-71.039,46.736],[-70.879,46.893],[-70.307,46.62],[-70.103,46.043],[-69.597,46.018],[-69.154,45.671],[-69.593,45.431],[-69.655,45.225],[-69.15,45.112],[-69.033,44.924],[-69.102,44.134],[-69.249,43.991],[-69.395,44.093],[-69.507,43.896],[-69.662,43.931],[-69.608,44.069],[-69.793,43.796],[-70.172,44.598],[-71.4,45.697],[-72.089,46.562],[-70.969,46.868],[-71.039,46.736]]]]}},{"type":"Feature","properties":{"NAME":"Garífuna","SUBJECTO":"Garífuna","PARTOF":"Garífuna","BORDERPRECISION":"1"},"bbox":[-89.234,12.41,-83.774,17.723],"geometry":{"type":"MultiPolygon","coordinates":[[[[-88.3,17.635],[-88.283,16.835],[-88.445,16.441],[-88.742,16.269],[-88.941,15.905],[-88.664,15.726],[-88.631,15.983],[-88.274,15.747],[-87.571,15.908],[-86.372,15.803],[-85.887,15.994],[-85.632,15.874],[-84.746,15.933],[-84.911,15.625],[-83.774,12.565],[-83.809,12.41],[-83.777,12.564],[-84.912,15.624],[-85.888,15.74],[-86.521,15.649],[-87.675,15.713],[-88.663,15.533],[-89.068,15.689],[-89.234,16.051],[-89.106,16.491],[-88.709,17.263],[-88.271,17.723],[-88.3,17.635]]]]}},{"type":"Feature","properties":{"NAME":"Kichwa (Amazónico)","SUBJECTO":"Kichwa (Amazónico)","PARTOF":"Kichwa (Amazónico)","BORDERPRECISION":"1"},"bbox":[-78.048,-2.155,-75.26,0.311],"geometry":{"type":"MultiPolygon","coordinates":[[[[-75.26,-0.121],[-75.933,0.017],[-76.105,-0.08],[-76.052,-0.291],[-75.769,-0.33],[-75.739,-0.575],[-75.434,-0.789],[-75.394,-1.006],[-76.178,-0.895],[-76.356,-0.716],[-77.484,-1.112],[-77.483,-1.421],[-77.165,-1.415],[-76.981,-1.257],[-76.765,-1.36],[-76.783,-1.627],[-77.254,-1.612],[-76.862,-1.871],[-76.927,-2.155],[-77.677,-1.878],[-78.007,-1.618],[-78.048,-1.05],[-77.15,0.296],[-76.758,0.165],[-76.091,0.311],[-75.26,-0.121]]]]}},{"type":"Feature","properties":{"NAME":"Kambeba/Omagua","SUBJECTO":"Kambeba/Omagua","PARTOF":"Kambeba/Omagua","BORDERPRECISION":"1"},"bbox":[-73.441,-4.656,-60.396,-1.686],"geometry":{"type":"MultiPolygon","coordinates":[[[[-60.532,-2.803],[-60.396,-2.781],[-60.487,-2.856],[-64.765,-2.183],[-64.847,-2.53],[-65.283,-2.599],[-65.523,-2.416],[-65.617,-2.056],[-72.641,-4.174],[-72.674,-4.479],[-72.993,-4.656],[-73.344,-4.585],[-73.441,-4.307],[-73.069,-3.986],[-72.764,-4.016],[-72.644,-4.166],[-65.618,-2.049],[-65.535,-1.827],[-65.279,-1.686],[-64.889,-1.84],[-64.764,-2.174],[-60.532,-2.803]]]]}},{"type":"Feature","properties":{"NAME":"Kogui/Kaggabba","SUBJECTO":"Kogui/Kaggabba","PARTOF":"Kogui/Kaggabba","BORDERPRECISION":"1"},"bbox":[-74.367,10.686,-72.641,11.568],"geometry":{"type":"MultiPolygon","coordinates":[[[[-74.323,10.922],[-74.147,11.374],[-73.502,11.293],[-72.893,11.568],[-72.641,11.427],[-73.056,11.01],[-73.785,10.686],[-74.25,10.709],[-74.367,10.774],[-74.323,10.922]]]]}},{"type":"Feature","properties":{"NAME":"Tutelo","SUBJECTO":"Tutelo","PARTOF":"Tutelo","BORDERPRECISION":"1"},"bbox":[-82.684,35.848,-79.572,38.317],"geometry":{"type":"MultiPolygon","coordinates":[[[[-80.726,37.616],[-79.814,37.395],[-79.63,37.179],[-79.572,36.815],[-79.688,36.52],[-80.117,35.98],[-80.828,35.848],[-81.621,35.881],[-81.425,36.907],[-82.684,38.152],[-82.591,38.317],[-81.391,38.31],[-80.998,38.078],[-80.726,37.616]]]]}},{"type":"Feature","properties":{"NAME":"Kallawaya","SUBJECTO":"Kallawaya","PARTOF":"Kallawaya","BORDERPRECISION":"1"},"bbox":[-70.112,-15.637,-68.561,-13.901],"geometry":{"type":"MultiPolygon","coordinates":[[[[-68.888,-15.63],[-69.096,-15.637],[-69.162,-15.197],[-69.624,-14.871],[-70.076,-14.297],[-70.112,-14.132],[-69.897,-13.901],[-69.403,-13.905],[-68.96,-14.208],[-68.561,-15.189],[-68.605,-15.482],[-68.888,-15.63]]]]}},{"type":"Feature","properties":{"NAME":"Tagé Cho Hudän (Little Salmon/Carmacks)","SUBJECTO":"Tagé Cho Hudän (Little Salmon/Carmacks)","PARTOF":"Tagé Cho Hudän (Little Salmon/Carmacks)","BORDERPRECISION":"1"},"bbox":[-137.68,61.122,-133.835,62.59],"geometry":{"type":"MultiPolygon","coordinates":[[[[-137.637,62.052],[-137.68,62.129],[-136.876,62.59],[-134.648,62.553],[-133.945,62.155],[-133.835,61.929],[-134.355,61.395],[-135.262,61.407],[-136.099,61.122],[-137.584,61.861],[-137.637,62.052]]]]}},{"type":"Feature","properties":{"NAME":"Atakapa-Ishak","SUBJECTO":"Atakapa-Ishak","PARTOF":"Atakapa-Ishak","BORDERPRECISION":"1"},"bbox":[-95.525,29.141,-91.883,31.145],"geometry":{"type":"MultiPolygon","coordinates":[[[[-92.228,29.802],[-92.115,29.542],[-93.446,29.768],[-94.797,29.563],[-94.857,29.784],[-95.007,29.758],[-94.845,29.346],[-95.125,29.141],[-95.525,29.873],[-95.476,30.107],[-95.255,30.277],[-94.566,30.553],[-92.93,30.667],[-92.523,31.145],[-91.883,30.765],[-92.179,30.32],[-92.144,29.811],[-92.228,29.802]]]]}},{"type":"Feature","properties":{"NAME":"Jococobas","SUBJECTO":"Jococobas","PARTOF":"Jococobas","BORDERPRECISION":"1"},"bbox":[-107.402,28.643,-105.826,29.879],"geometry":{"type":"MultiPolygon","coordinates":[[[[-106.919,28.926],[-107.402,29.698],[-106.801,29.879],[-106.529,29.291],[-105.897,29.32],[-105.826,28.83],[-106.125,28.643],[-106.293,28.859],[-106.919,28.926]]]]}},{"type":"Feature","properties":{"NAME":"Doeg","SUBJECTO":"Doeg","PARTOF":"Doeg","BORDERPRECISION":"1"},"bbox":[-77.401,38.401,-77.049,38.819],"geometry":{"type":"MultiPolygon","coordinates":[[[[-77.246,38.699],[-77.292,38.401],[-77.401,38.416],[-77.294,38.723],[-77.049,38.819],[-77.246,38.699]]]]}},{"type":"Feature","properties":{"NAME":"Amahuaca","SUBJECTO":"Amahuaca","PARTOF":"Amahuaca","BORDERPRECISION":"1"},"bbox":[-73.498,-10.816,-72.119,-9.441],"geometry":{"type":"MultiPolygon","coordinates":[[[[-72.247,-9.63],[-72.119,-9.937],[-72.264,-10.526],[-72.905,-10.816],[-73.419,-10.589],[-73.498,-9.913],[-73.218,-9.546],[-72.715,-9.441],[-72.247,-9.63]]]]}},{"type":"Feature","properties":{"NAME":"Bodéwadmiakiwen (Potawatomi)","SUBJECTO":"Bodéwadmiakiwen (Potawatomi)","PARTOF":"Bodéwadmiakiwen (Potawatomi)","BORDERPRECISION":"1"},"bbox":[-91.527,39.171,-82.47,44.862],"geometry":{"type":"MultiPolygon","coordinates":[[[[-87.943,44.565],[-87.544,44.862],[-87.343,44.818],[-87.908,43.192],[-87.783,42.204],[-87.375,41.634],[-86.842,41.766],[-86.518,42.035],[-86.276,42.442],[-86.236,42.937],[-85.552,42.814],[-84.573,42.342],[-83.194,42.73],[-82.576,42.816],[-82.47,42.737],[-82.832,42.366],[-83.09,42.293],[-83.157,42.055],[-83.796,41.441],[-84.465,41.259],[-84.814,40.914],[-85.693,40.681],[-86.66,40.246],[-86.836,39.91],[-87.913,40.296],[-88.066,40.775],[-88.758,41.264],[-89.357,41.287],[-89.535,40.736],[-90.547,39.915],[-90.605,39.171],[-90.716,39.186],[-91.348,39.709],[-91.527,40.1],[-91.404,40.583],[-91.131,40.649],[-90.94,41.004],[-91.114,41.243],[-91.056,41.403],[-90.045,41.595],[-89.429,41.853],[-88.748,43.005],[-88.55,43.66],[-88.352,43.739],[-88.11,44.449],[-87.943,44.565]]]]}},{"type":"Feature","properties":{"NAME":"Klamath","SUBJECTO":"Klamath","PARTOF":"Klamath","BORDERPRECISION":"1"},"bbox":[-122.27,41.886,-120.638,43.993],"geometry":{"type":"MultiPolygon","coordinates":[[[[-121.376,43.251],[-120.801,43.014],[-120.638,42.397],[-121.202,42.35],[-121.794,41.902],[-122.256,41.886],[-122.27,42.792],[-122.108,43.116],[-122.177,43.522],[-121.888,43.993],[-121.382,43.989],[-121.376,43.251]]]]}},{"type":"Feature","properties":{"NAME":"'Amuwu","SUBJECTO":"'Amuwu","PARTOF":"'Amuwu","BORDERPRECISION":"1"},"bbox":[-120.691,34.581,-120.329,35.162],"geometry":{"type":"MultiPolygon","coordinates":[[[[-120.583,34.591],[-120.691,34.634],[-120.691,35.141],[-120.387,35.162],[-120.329,34.581],[-120.583,34.591]]]]}},{"type":"Feature","properties":{"NAME":"Payómkawichum (Luiseño)","SUBJECTO":"Payómkawichum (Luiseño)","PARTOF":"Payómkawichum (Luiseño)","BORDERPRECISION":"1"},"bbox":[-117.647,33.112,-116.653,34.019],"geometry":{"type":"MultiPolygon","coordinates":[[[[-117.497,33.325],[-117.613,33.436],[-117.466,33.546],[-117.647,33.93],[-117.252,34.019],[-116.754,33.729],[-116.84,33.5],[-116.653,33.275],[-116.845,33.121],[-117.38,33.112],[-117.497,33.325]]]]}},{"type":"Feature","properties":{"NAME":"Me-Wuk (Bay Miwok)","SUBJECTO":"Me-Wuk (Bay Miwok)","PARTOF":"Me-Wuk (Bay Miwok)","BORDERPRECISION":"1"},"bbox":[-122.19,37.755,-121.454,38.161],"geometry":{"type":"MultiPolygon","coordinates":[[[[-122.135,38.023],[-121.858,38.161],[-121.454,38.031],[-121.815,37.755],[-122.19,37.862],[-122.135,38.023]]]]}},{"type":"Feature","properties":{"NAME":"Mvskoke (Muscogee / Creek)","SUBJECTO":"Mvskoke (Muscogee / Creek)","PARTOF":"Mvskoke (Muscogee / Creek)","BORDERPRECISION":"1"},"bbox":[-88.096,29.664,-80.89,34.479],"geometry":{"type":"MultiPolygon","coordinates":[[[[-81.182,31.64],[-81.486,30.572],[-81.744,30.32],[-84.317,30.092],[-84.764,29.799],[-85.305,29.664],[-85.6,30.153],[-86.058,30.235],[-86.389,30.473],[-87.089,30.359],[-87.383,30.442],[-87.404,30.307],[-87.775,30.263],[-87.948,30.54],[-87.902,31.542],[-88.048,31.582],[-88.096,32.036],[-88.031,32.437],[-87.824,32.56],[-87.839,32.849],[-87.495,33.321],[-87.297,34.071],[-86.924,34.125],[-85.891,33.797],[-85.583,33.998],[-84.924,33.87],[-84.463,34.071],[-84.089,34.034],[-83.218,34.276],[-82.9,34.479],[-81.499,32.968],[-80.89,32.046],[-81.182,31.64]]]]}},{"type":"Feature","properties":{"NAME":"Paipai (Akwa'ala)","SUBJECTO":"Paipai (Akwa'ala)","PARTOF":"Paipai (Akwa'ala)","BORDERPRECISION":"1"},"bbox":[-116.643,30.934,-114.862,32.013],"geometry":{"type":"MultiPolygon","coordinates":[[[[-114.915,31.547],[-116.225,30.934],[-116.643,31.494],[-115.578,32.013],[-114.862,31.734],[-114.915,31.547]]]]}},{"type":"Feature","properties":{"NAME":"Hia-Ced O'odham","SUBJECTO":"Hia-Ced O'odham","PARTOF":"Hia-Ced O'odham","BORDERPRECISION":"1"},"bbox":[-114.602,29.334,-111.997,32.891],"geometry":{"type":"MultiPolygon","coordinates":[[[[-112.323,29.436],[-113.017,30.566],[-113.052,31.139],[-113.662,31.335],[-113.746,31.608],[-113.952,31.69],[-114.195,31.524],[-114.602,31.824],[-114.551,31.981],[-113.997,32.137],[-114.223,32.571],[-113.074,32.891],[-112.838,32.52],[-112.018,30.031],[-111.997,29.808],[-112.244,29.334],[-112.323,29.436]]]]}},{"type":"Feature","properties":{"NAME":"Tepehuán","SUBJECTO":"Tepehuán","PARTOF":"Tepehuán","BORDERPRECISION":"1"},"bbox":[-108.003,22.074,-103.877,27.476],"geometry":{"type":"MultiPolygon","coordinates":[[[[-105.508,22.164],[-105.962,22.71],[-105.787,23.893],[-106.001,24.669],[-106.485,25.388],[-107.45,25.742],[-108.003,26.245],[-107.78,26.602],[-106.93,26.333],[-106.599,26.411],[-106.288,26.866],[-106.259,27.318],[-105.922,27.476],[-105.147,27.2],[-104.798,26.757],[-104.333,26.635],[-103.997,25.744],[-103.877,23.625],[-103.981,22.777],[-104.329,22.441],[-104.65,22.411],[-105.07,22.074],[-105.508,22.164]]]]}},{"type":"Feature","properties":{"NAME":"Mississaugas of the Credit First Nation","SUBJECTO":"Mississaugas of the Credit First Nation","PARTOF":"Mississaugas of the Credit First Nation","BORDERPRECISION":"1"},"bbox":[-81.078,42.547,-78.95,44.309],"geometry":{"type":"MultiPolygon","coordinates":[[[[-78.95,42.887],[-80.023,42.807],[-80.395,42.657],[-80.058,42.547],[-80.631,42.589],[-80.738,42.739],[-80.59,42.97],[-80.77,43.047],[-80.689,43.185],[-81.078,43.545],[-81.078,43.864],[-80.447,44.309],[-80.031,43.951],[-79.359,44.079],[-79.065,43.795],[-79.896,43.282],[-79.05,43.246],[-78.95,42.887]]]]}},{"type":"Feature","properties":{"NAME":"Jarawara","SUBJECTO":"Jarawara","PARTOF":"Jarawara","BORDERPRECISION":"1"},"bbox":[-65.857,-7.459,-64.869,-6.792],"geometry":{"type":"MultiPolygon","coordinates":[[[[-65.095,-6.792],[-64.869,-7.113],[-65.091,-7.304],[-65.445,-7.459],[-65.815,-7.319],[-65.857,-7.173],[-65.602,-6.946],[-65.259,-6.944],[-65.095,-6.792]]]]}},{"type":"Feature","properties":{"NAME":"Somi Se'k (Esto’k Gna)","SUBJECTO":"Somi Se'k (Esto’k Gna)","PARTOF":"Somi Se'k (Esto’k Gna)","BORDERPRECISION":"1"},"bbox":[-99.79,25.703,-97.285,27.292],"geometry":{"type":"MultiPolygon","coordinates":[[[[-97.451,26.218],[-97.285,25.756],[-98.504,25.703],[-99.287,25.881],[-99.57,26.122],[-99.79,26.548],[-99.686,27.038],[-99.417,27.292],[-99.235,27.292],[-98.788,26.945],[-98.538,26.544],[-97.451,26.218]]]]}},{"type":"Feature","properties":{"NAME":"Kisêdjê","SUBJECTO":"Kisêdjê","PARTOF":"Kisêdjê","BORDERPRECISION":"1"},"bbox":[-53.478,-12.072,-52.87,-11.117],"geometry":{"type":"MultiPolygon","coordinates":[[[[-53.375,-11.174],[-53.211,-11.117],[-52.907,-11.371],[-52.87,-12.037],[-53.149,-12.072],[-53.405,-11.825],[-53.478,-11.452],[-53.375,-11.174]]]]}},{"type":"Feature","properties":{"NAME":"Nawa","SUBJECTO":"Nawa","PARTOF":"Nawa","BORDERPRECISION":"1"},"bbox":[-73.143,-12.157,-71.28,-7.51],"geometry":{"type":"MultiPolygon","coordinates":[[[[-72.254,-12.073],[-72.658,-12.157],[-72.815,-11.95],[-72.773,-7.842],[-73.143,-7.704],[-72.898,-7.51],[-72.587,-7.56],[-72.518,-7.728],[-72.762,-7.842],[-72.728,-11.35],[-72.495,-11.238],[-72.273,-10.432],[-71.613,-10.375],[-71.28,-10.508],[-71.509,-11.57],[-71.75,-11.86],[-72.254,-12.073]]]]}},{"type":"Feature","properties":{"NAME":"Jaqaru","SUBJECTO":"Jaqaru","PARTOF":"Jaqaru","BORDERPRECISION":"1"},"bbox":[-75.924,-12.865,-75.433,-12.633],"geometry":{"type":"MultiPolygon","coordinates":[[[[-75.924,-12.762],[-75.762,-12.633],[-75.433,-12.683],[-75.714,-12.865],[-75.924,-12.762]]]]}},{"type":"Feature","properties":{"NAME":"Gunadule (Kuna-Tule)","SUBJECTO":"Gunadule (Kuna-Tule)","PARTOF":"Gunadule (Kuna-Tule)","BORDERPRECISION":"1"},"bbox":[-77.416,6.965,-76.494,8.644],"geometry":{"type":"MultiPolygon","coordinates":[[[[-77.242,8.476],[-76.955,8.011],[-77.18,8.074],[-77.416,8.616],[-77.242,8.476]]],[[[-76.734,8.062],[-76.736,7.579],[-76.494,7.212],[-76.604,6.965],[-76.931,7.08],[-76.976,7.218],[-76.743,7.58],[-76.734,8.062]]],[[[-76.851,8.464],[-76.792,8.644],[-76.596,8.409],[-76.723,8.162],[-76.851,8.464]]]]}},{"type":"Feature","properties":{"NAME":"Warekena","SUBJECTO":"Warekena","PARTOF":"Warekena","BORDERPRECISION":"1"},"bbox":[-67.546,0.862,-67.07,2.812],"geometry":{"type":"MultiPolygon","coordinates":[[[[-67.546,2.75],[-67.293,2.812],[-67.07,2.633],[-67.09,2.468],[-67.317,2.479],[-67.436,1.857],[-67.197,1.755],[-67.112,0.862],[-67.281,0.98],[-67.463,1.787],[-67.318,2.479],[-67.546,2.75]]]]}},{"type":"Feature","properties":{"NAME":"Xetá","SUBJECTO":"Xetá","PARTOF":"Xetá","BORDERPRECISION":"1"},"bbox":[-54.037,-23.831,-52.808,-23.209],"geometry":{"type":"MultiPolygon","coordinates":[[[[-52.999,-23.831],[-53.844,-23.789],[-54.037,-23.645],[-53.605,-23.212],[-52.957,-23.209],[-52.808,-23.642],[-52.999,-23.831]]]]}},{"type":"Feature","properties":{"NAME":"Yaminawá","SUBJECTO":"Yaminawá","PARTOF":"Yaminawá","BORDERPRECISION":"1"},"bbox":[-73.383,-11.633,-68.918,-7.957],"geometry":{"type":"MultiPolygon","coordinates":[[[[-73.203,-11.332],[-73.383,-9.858],[-73.254,-9.416],[-73.242,-8.289],[-72.914,-7.957],[-72.75,-8.023],[-72.246,-8.969],[-71.314,-9.465],[-69.955,-9.225],[-68.918,-11.136],[-69.068,-11.633],[-71.18,-11.331],[-72.774,-11.421],[-73.203,-11.332]]]]}},{"type":"Feature","properties":{"NAME":"Guanahatabey","SUBJECTO":"Guanahatabey","PARTOF":"Guanahatabey","BORDERPRECISION":"1"},"bbox":[-84.706,21.77,-81.818,23.124],"geometry":{"type":"MultiPolygon","coordinates":[[[[-82.177,22.366],[-81.869,22.44],[-81.936,22.267],[-82.177,22.366]]],[[[-81.88,22.672],[-82.853,22.638],[-83.39,22.223],[-83.945,22.159],[-84.209,21.828],[-84.706,21.77],[-84.377,22.056],[-84.435,22.323],[-84.308,22.495],[-83.69,22.814],[-82.959,23.025],[-81.818,23.124],[-81.88,22.672]]]]}},{"type":"Feature","properties":{"NAME":"Dokapuara (Tuyuca)","SUBJECTO":"Dokapuara (Tuyuca)","PARTOF":"Dokapuara (Tuyuca)","BORDERPRECISION":"1"},"bbox":[-70.303,0.219,-70.002,0.634],"geometry":{"type":"MultiPolygon","coordinates":[[[[-70.212,0.631],[-70.033,0.634],[-70.002,0.219],[-70.303,0.237],[-70.212,0.631]]]]}},{"type":"Feature","properties":{"NAME":"Chontal de Guerrero – Tuxteco","SUBJECTO":"Chontal de Guerrero – Tuxteco","PARTOF":"Chontal de Guerrero – Tuxteco","BORDERPRECISION":"1"},"bbox":[-100.063,18.313,-99.685,18.562],"geometry":{"type":"MultiPolygon","coordinates":[[[[-99.878,18.313],[-100.063,18.415],[-99.914,18.56],[-99.685,18.562],[-99.878,18.313]]]]}},{"type":"Feature","properties":{"NAME":"Maijuna","SUBJECTO":"Maijuna","PARTOF":"Maijuna","BORDERPRECISION":"1"},"bbox":[-73.413,-3.272,-72.458,-2.399],"geometry":{"type":"MultiPolygon","coordinates":[[[[-73.309,-2.399],[-73.17,-2.588],[-72.482,-2.71],[-72.458,-2.915],[-72.81,-3.016],[-72.842,-3.26],[-72.982,-3.272],[-73.413,-2.729],[-73.413,-2.46],[-73.309,-2.399]]]]}},{"type":"Feature","properties":{"NAME":"Shigom","SUBJECTO":"Shigom","PARTOF":"Shigom","BORDERPRECISION":"1"},"bbox":[-122.888,39.036,-122.773,39.145],"geometry":{"type":"MultiPolygon","coordinates":[[[[-122.773,39.036],[-122.888,39.108],[-122.78,39.145],[-122.773,39.036]]]]}},{"type":"Feature","properties":{"NAME":"Quillacinga","SUBJECTO":"Quillacinga","PARTOF":"Quillacinga","BORDERPRECISION":"1"},"bbox":[-77.471,0.788,-76.857,1.663],"geometry":{"type":"MultiPolygon","coordinates":[[[[-77.444,1.585],[-77.019,1.663],[-76.857,1.047],[-77.044,0.788],[-77.471,0.996],[-77.444,1.585]]]]}},{"type":"Feature","properties":{"NAME":"Slijuala Xanuc (Chontal)","SUBJECTO":"Slijuala Xanuc (Chontal)","PARTOF":"Slijuala Xanuc (Chontal)","BORDERPRECISION":"1"},"bbox":[-96.044,15.876,-95.172,16.455],"geometry":{"type":"MultiPolygon","coordinates":[[[[-95.498,16.121],[-95.972,15.876],[-96.044,16.168],[-95.772,16.45],[-95.402,16.455],[-95.172,16.279],[-95.498,16.121]]]]}},{"type":"Feature","properties":{"NAME":"Caddo","SUBJECTO":"Caddo","PARTOF":"Caddo","BORDERPRECISION":"1"},"bbox":[-96.429,31.172,-92.456,36.929],"geometry":{"type":"MultiPolygon","coordinates":[[[[-94.467,36.793],[-94.007,36.929],[-93.522,36.793],[-93.11,36.618],[-92.747,36.15],[-92.626,35.817],[-92.819,35.403],[-92.819,34.928],[-92.456,33.546],[-92.456,32.816],[-92.868,31.751],[-94.176,31.172],[-95.291,31.359],[-95.678,31.957],[-96.163,33.888],[-96.211,35.106],[-96.429,35.6],[-96.357,35.876],[-95.848,36.443],[-95.048,36.793],[-94.467,36.793]]]]}},{"type":"Feature","properties":{"NAME":"Erie","SUBJECTO":"Erie","PARTOF":"Erie","BORDERPRECISION":"1"},"bbox":[-83.108,40.979,-78.233,42.764],"geometry":{"type":"MultiPolygon","coordinates":[[[[-82.908,41.533],[-82.748,41.534],[-83.027,41.444],[-81.811,41.495],[-80.073,42.153],[-78.916,42.764],[-78.398,42.582],[-78.233,42.295],[-78.573,41.743],[-79.045,41.376],[-80.623,41.027],[-82.673,40.979],[-82.877,41.053],[-83.108,41.372],[-82.908,41.533]]]]}},{"type":"Feature","properties":{"NAME":"Acho Dene Koe","SUBJECTO":"Acho Dene Koe","PARTOF":"Acho Dene Koe","BORDERPRECISION":"1"},"bbox":[-126.914,59.266,-121.333,61.207],"geometry":{"type":"MultiPolygon","coordinates":[[[[-126.606,60.021],[-126.914,60.305],[-126.606,61.016],[-126.211,61.164],[-125.244,61.207],[-124.146,61.037],[-122.036,60.973],[-121.641,60.781],[-121.685,60.218],[-121.333,60.087],[-121.421,59.756],[-121.641,59.557],[-124.321,59.49],[-124.98,59.288],[-125.684,59.266],[-126.431,59.668],[-126.606,60.021]]]]}},{"type":"Feature","properties":{"NAME":"Tocobaga","SUBJECTO":"Tocobaga","PARTOF":"Tocobaga","BORDERPRECISION":"1"},"bbox":[-82.841,27.398,-81.458,28.647],"geometry":{"type":"MultiPolygon","coordinates":[[[[-82.753,27.528],[-82.62,27.528],[-82.429,27.826],[-82.505,27.928],[-82.717,27.745],[-82.841,27.838],[-82.634,28.647],[-82.068,28.527],[-81.936,28.241],[-81.733,28.14],[-81.458,28.15],[-81.497,27.742],[-82.652,27.398],[-82.753,27.528]]]]}},{"type":"Feature","properties":{"NAME":"Sanapaná","SUBJECTO":"Sanapaná","PARTOF":"Sanapaná","BORDERPRECISION":"1"},"bbox":[-59.664,-22.969,-57.672,-22.5],"geometry":{"type":"MultiPolygon","coordinates":[[[[-57.672,-22.798],[-58.883,-22.969],[-59.581,-22.928],[-59.664,-22.739],[-59.488,-22.534],[-57.885,-22.5],[-57.74,-22.557],[-57.672,-22.798]]]]}},{"type":"Feature","properties":{"NAME":"Awajún","SUBJECTO":"Awajún","PARTOF":"Awajún","BORDERPRECISION":"1"},"bbox":[-78.896,-5.95,-76.574,-3.583],"geometry":{"type":"MultiPolygon","coordinates":[[[[-78.351,-3.624],[-78.156,-3.583],[-77.58,-4.132],[-76.652,-4.505],[-76.574,-4.782],[-76.724,-5.166],[-76.76,-5.914],[-77.362,-5.95],[-77.48,-5.883],[-77.573,-5.458],[-78.38,-5.494],[-78.802,-5.197],[-78.896,-4.757],[-78.54,-4.382],[-78.351,-3.624]]]]}},{"type":"Feature","properties":{"NAME":"Kusso","SUBJECTO":"Kusso","PARTOF":"Kusso","BORDERPRECISION":"1"},"bbox":[-81.414,32.286,-79.564,33.039],"geometry":{"type":"MultiPolygon","coordinates":[[[[-79.717,32.797],[-80.222,32.536],[-80.581,32.497],[-80.708,32.286],[-81.169,32.307],[-81.414,32.672],[-81.05,32.905],[-80.054,33.039],[-79.564,32.927],[-79.717,32.797]]]]}},{"type":"Feature","properties":{"NAME":"Osage (Oklahoma)","SUBJECTO":"Osage (Oklahoma)","PARTOF":"Osage (Oklahoma)","BORDERPRECISION":"1"},"bbox":[-97.065,36.161,-96.001,36.999],"geometry":{"type":"MultiPolygon","coordinates":[[[[-96.002,36.161],[-96.549,36.299],[-96.769,36.565],[-96.975,36.463],[-96.888,36.575],[-97.065,36.681],[-96.752,36.782],[-96.75,36.999],[-96.001,36.999],[-96.002,36.161]]]]}},{"type":"Feature","properties":{"NAME":"Wôpanâak (Wampanoag)","SUBJECTO":"Wôpanâak (Wampanoag)","PARTOF":"Wôpanâak (Wampanoag)","BORDERPRECISION":"1"},"bbox":[-71.741,41.527,-69.922,42.336],"geometry":{"type":"MultiPolygon","coordinates":[[[[-70.506,41.986],[-70.482,41.807],[-70.302,41.759],[-69.991,41.867],[-70.226,42.135],[-70.133,42.133],[-69.922,41.724],[-70.642,41.592],[-70.712,41.795],[-71.173,41.527],[-71.104,41.825],[-71.529,41.716],[-71.741,41.914],[-71.319,42.271],[-70.954,42.336],[-70.506,41.986]]]]}},{"type":"Feature","properties":{"NAME":"Abitibiwinni Aki","SUBJECTO":"Abitibiwinni Aki","PARTOF":"Abitibiwinni Aki","BORDERPRECISION":"1"},"bbox":[-81.649,47.963,-77.738,50.763],"geometry":{"type":"MultiPolygon","coordinates":[[[[-79.539,48.165],[-80.917,47.963],[-81.392,48.985],[-81.649,49.98],[-81.629,50.298],[-81.413,50.5],[-80.956,50.658],[-79.005,50.763],[-78.568,50.735],[-78.158,50.407],[-78.032,49.913],[-78.176,49.426],[-77.819,49.314],[-77.738,48.191],[-78.201,47.968],[-79.066,47.992],[-79.267,48.165],[-79.539,48.165]]]]}},{"type":"Feature","properties":{"NAME":"Kulina Pano","SUBJECTO":"Kulina Pano","PARTOF":"Kulina Pano","BORDERPRECISION":"1"},"bbox":[-72.063,-5.552,-71.555,-5.078],"geometry":{"type":"MultiPolygon","coordinates":[[[[-72.012,-5.239],[-71.666,-5.078],[-71.555,-5.436],[-71.908,-5.552],[-72.063,-5.447],[-72.012,-5.239]]]]}},{"type":"Feature","properties":{"NAME":"Ye\"pâ-masa","SUBJECTO":"Ye\"pâ-masa","PARTOF":"Ye\"pâ-masa","BORDERPRECISION":"1"},"bbox":[-69.926,-0.099,-67.951,0.941],"geometry":{"type":"MultiPolygon","coordinates":[[[[-69.926,0.561],[-69.65,0.889],[-69.172,0.941],[-68.896,0.561],[-67.984,0.311],[-67.951,0.083],[-68.232,-0.099],[-68.825,-0.05],[-69.757,0.219],[-69.926,0.561]]]]}},{"type":"Feature","properties":{"NAME":"Lower Tohono O’odham (Lower Pima)","SUBJECTO":"Lower Tohono O’odham (Lower Pima)","PARTOF":"Lower Tohono O’odham (Lower Pima)","BORDERPRECISION":"1"},"bbox":[-111.867,27.807,-108.271,29.75],"geometry":{"type":"MultiPolygon","coordinates":[[[[-111.867,29.361],[-111.156,29.75],[-110.899,29.538],[-110.591,29.523],[-110.255,29.044],[-109.793,28.948],[-109.52,28.577],[-108.869,28.68],[-108.67,29.069],[-108.375,28.853],[-108.271,28.167],[-108.718,28.254],[-109.014,28.164],[-109.295,27.807],[-111.018,28.665],[-111.867,29.361]]]]}},{"type":"Feature","properties":{"NAME":"Tsnungwe","SUBJECTO":"Tsnungwe","PARTOF":"Tsnungwe","BORDERPRECISION":"1"},"bbox":[-123.448,40.154,-122.591,41.199],"geometry":{"type":"MultiPolygon","coordinates":[[[[-122.803,40.878],[-122.591,40.718],[-122.816,40.685],[-122.986,40.81],[-122.778,40.168],[-122.967,40.154],[-123.448,40.631],[-123.445,41.199],[-122.964,41.086],[-122.803,40.878]]]]}},{"type":"Feature","properties":{"NAME":"Sana","SUBJECTO":"Sana","PARTOF":"Sana","BORDERPRECISION":"1"},"bbox":[-98.234,28.866,-95.056,31.395],"geometry":{"type":"MultiPolygon","coordinates":[[[[-95.056,29.679],[-95.583,29.625],[-96.799,29.19],[-97.065,28.866],[-97.333,29.107],[-97.348,29.426],[-98.012,29.577],[-98.234,29.935],[-97.628,30.33],[-97.32,30.12],[-96.219,31.395],[-95.817,30.532],[-95.056,29.679]]]]}},{"type":"Feature","properties":{"NAME":"Charka","SUBJECTO":"Charka","PARTOF":"Charka","BORDERPRECISION":"1"},"bbox":[-66.786,-18.986,-65.125,-17.83],"geometry":{"type":"MultiPolygon","coordinates":[[[[-65.188,-18.593],[-65.125,-18.78],[-65.257,-18.884],[-65.864,-18.986],[-66.468,-18.924],[-66.765,-18.694],[-66.786,-18.19],[-66.083,-17.83],[-65.188,-18.593]]]]}},{"type":"Feature","properties":{"NAME":"Mundurukânia (Wuy jugu)","SUBJECTO":"Mundurukânia (Wuy jugu)","PARTOF":"Mundurukânia (Wuy jugu)","BORDERPRECISION":"1"},"bbox":[-58.741,-8.255,-54.717,-2.782],"geometry":{"type":"MultiPolygon","coordinates":[[[[-56.831,-7.952],[-57.086,-8.168],[-58.085,-8.255],[-58.471,-7.865],[-58.741,-7.222],[-58.661,-6.651],[-58.501,-6.27],[-55.708,-3.583],[-55.3,-2.899],[-55.015,-2.782],[-54.738,-3.081],[-54.717,-3.663],[-55.05,-4.174],[-55.634,-4.561],[-56.844,-6.346],[-57.048,-7.526],[-56.831,-7.952]]]]}},{"type":"Feature","properties":{"NAME":"Ãwa","SUBJECTO":"Ãwa","PARTOF":"Ãwa","BORDERPRECISION":"1"},"bbox":[-50.737,-14.698,-47.86,-10.047],"geometry":{"type":"MultiPolygon","coordinates":[[[[-48.044,-14.488],[-48.614,-14.698],[-49.12,-14.636],[-50.102,-13.971],[-50.349,-13.592],[-50.51,-12.852],[-50.68,-12.635],[-50.737,-11.489],[-50.59,-10.644],[-50.303,-10.047],[-48.986,-10.194],[-48.444,-10.8],[-48.472,-11.36],[-48.623,-11.653],[-48.515,-12.035],[-47.982,-12.873],[-47.86,-14.247],[-48.044,-14.488]]]]}},{"type":"Feature","properties":{"NAME":"Siuslaw","SUBJECTO":"Siuslaw","PARTOF":"Siuslaw","BORDERPRECISION":"1"},"bbox":[-124.221,43.812,-123.161,44.262],"geometry":{"type":"MultiPolygon","coordinates":[[[[-124.08,44.261],[-123.448,44.262],[-123.551,44.012],[-123.161,43.812],[-124.221,43.837],[-124.08,44.261]]]]}},{"type":"Feature","properties":{"NAME":"NunatuKavut","SUBJECTO":"NunatuKavut","PARTOF":"NunatuKavut","BORDERPRECISION":"1"},"bbox":[-67.811,51.213,-55.659,55.359],"geometry":{"type":"MultiPolygon","coordinates":[[[[-60.047,55.119],[-59.694,55.154],[-58.557,54.772],[-57.433,54.58],[-59.399,53.866],[-59.992,53.805],[-60.246,53.277],[-59.181,53.519],[-58.077,54.083],[-57.561,54.131],[-57.106,53.871],[-57.285,53.67],[-57.131,53.483],[-56.649,53.658],[-55.881,53.352],[-55.77,53.159],[-56.11,52.605],[-55.659,52.187],[-56.964,51.488],[-58.524,51.379],[-58.7,51.213],[-59.374,51.994],[-63.806,51.994],[-63.815,52.084],[-63.656,52.042],[-63.737,52.216],[-64.074,52.497],[-63.384,52.669],[-63.605,52.863],[-64.107,52.719],[-64.181,52.117],[-64.331,51.96],[-64.269,51.734],[-64.633,51.58],[-65.333,51.812],[-65.469,52.031],[-65.995,52.069],[-66.241,52.297],[-66.356,52.148],[-66.486,52.345],[-66.362,52.349],[-66.439,52.639],[-66.287,52.618],[-66.361,53.008],[-66.633,52.898],[-66.766,52.669],[-67.262,52.857],[-67.398,53.099],[-67.274,53.175],[-67.005,53.083],[-66.931,53.427],[-67.357,53.592],[-67.811,54.014],[-67.642,54.204],[-67.761,54.441],[-67.493,54.584],[-67.241,54.499],[-67.282,54.577],[-67.078,54.68],[-67.45,55.073],[-66.674,54.717],[-66.811,55.359],[-65.858,54.908],[-65.69,54.714],[-65.082,54.967],[-64.574,54.716],[-62.514,55.194],[-61.811,55.104],[-61.414,54.69],[-61.192,54.642],[-60.047,55.119]]]]}},{"type":"Feature","properties":{"NAME":"Qhara Qhara","SUBJECTO":"Qhara Qhara","PARTOF":"Qhara Qhara","BORDERPRECISION":"1"},"bbox":[-66.638,-20.735,-64.732,-18.423],"geometry":{"type":"MultiPolygon","coordinates":[[[[-66.447,-18.77],[-66.274,-18.538],[-65.67,-18.423],[-65.463,-18.538],[-65.246,-19.114],[-64.732,-19.676],[-64.917,-20.1],[-65.223,-20.123],[-65.893,-20.735],[-66.393,-20.665],[-66.638,-20.146],[-66.447,-18.77]]]]}},{"type":"Feature","properties":{"NAME":"Kichwa","SUBJECTO":"Kichwa","PARTOF":"Kichwa","BORDERPRECISION":"1"},"bbox":[-79.836,-4.148,-77.835,0.599],"geometry":{"type":"MultiPolygon","coordinates":[[[[-79.827,-3.875],[-79.504,-3.639],[-79.394,-2.704],[-79.192,-2.296],[-79.373,-1.273],[-79.296,-0.908],[-78.624,-0.191],[-78.701,0.141],[-78.989,0.273],[-78.454,0.538],[-77.835,0.599],[-77.846,0.236],[-78.415,-0.777],[-78.433,-0.962],[-78.103,-1.264],[-78.462,-1.599],[-78.604,-2.735],[-79.196,-4.036],[-79.705,-4.148],[-79.836,-4.071],[-79.827,-3.875]]]]}},{"type":"Feature","properties":{"NAME":"Kojomk'awi (Konkow)","SUBJECTO":"Kojomk'awi (Konkow)","PARTOF":"Kojomk'awi (Konkow)","BORDERPRECISION":"1"},"bbox":[-122.19,39.256,-120.911,40.136],"geometry":{"type":"MultiPolygon","coordinates":[[[[-121.924,39.821],[-121.349,40.136],[-120.911,39.727],[-121.456,39.287],[-121.688,39.256],[-121.87,39.597],[-121.954,39.444],[-122.11,39.464],[-122.19,39.876],[-121.924,39.821]]]]}},{"type":"Feature","properties":{"NAME":"Ka'apor","SUBJECTO":"Ka'apor","PARTOF":"Ka'apor","BORDERPRECISION":"1"},"bbox":[-46.992,-3.229,-45.807,-1.758],"geometry":{"type":"MultiPolygon","coordinates":[[[[-46.519,-3.052],[-46.724,-2.812],[-46.992,-1.758],[-46.412,-2.472],[-46.118,-2.503],[-45.807,-2.997],[-45.961,-3.229],[-46.519,-3.052]]]]}},{"type":"Feature","properties":{"NAME":"Akimel O'odham (Upper Pima)","SUBJECTO":"Akimel O'odham (Upper Pima)","PARTOF":"Akimel O'odham (Upper Pima)","BORDERPRECISION":"1"},"bbox":[-113.478,32.46,-110.915,34.003],"geometry":{"type":"MultiPolygon","coordinates":[[[[-113.427,33.765],[-113.478,33.944],[-113.207,34.003],[-111.816,33.842],[-111.687,33.546],[-111.17,33.382],[-111.089,33.155],[-110.915,33.121],[-110.92,32.52],[-111.213,32.46],[-111.493,32.611],[-112.338,32.681],[-112.44,32.829],[-112.366,33.176],[-112.487,33.31],[-113.255,33.285],[-113.427,33.765]]]]}},{"type":"Feature","properties":{"NAME":"Nimiipuu (Nez Perce)","SUBJECTO":"Nimiipuu (Nez Perce)","PARTOF":"Nimiipuu (Nez Perce)","BORDERPRECISION":"1"},"bbox":[-118.163,44.614,-114.302,46.95],"geometry":{"type":"MultiPolygon","coordinates":[[[[-116.999,46.785],[-116.84,46.883],[-116.027,46.687],[-115.005,46.95],[-114.324,46.619],[-114.5,46.134],[-114.357,45.882],[-114.565,45.645],[-114.302,45.506],[-114.324,45.089],[-114.642,44.949],[-114.598,44.817],[-114.774,44.692],[-115.181,44.809],[-116.982,44.614],[-117.367,44.856],[-117.466,45.097],[-117.598,45.058],[-117.68,45.445],[-117.905,45.695],[-117.642,46.156],[-118.163,46.51],[-117.312,46.495],[-116.999,46.785]]]]}},{"type":"Feature","properties":{"NAME":"Tonkawa (Oklahoma)","SUBJECTO":"Tonkawa (Oklahoma)","PARTOF":"Tonkawa (Oklahoma)","BORDERPRECISION":"1"},"bbox":[-97.462,36.593,-97.247,36.768],"geometry":{"type":"MultiPolygon","coordinates":[[[[-97.247,36.681],[-97.247,36.594],[-97.462,36.593],[-97.462,36.767],[-97.247,36.768],[-97.247,36.681]]]]}},{"type":"Feature","properties":{"NAME":"Confederated Tribes of Grand Ronde","SUBJECTO":"Confederated Tribes of Grand Ronde","PARTOF":"Confederated Tribes of Grand Ronde","BORDERPRECISION":"1"},"bbox":[-124.194,41.784,-121.017,46.417],"geometry":{"type":"MultiPolygon","coordinates":[[[[-124.194,43.755],[-124.006,45.523],[-124.043,46.269],[-123.787,46.298],[-123.992,46.317],[-123.906,46.417],[-123.332,46.294],[-122.788,46.392],[-122.266,46.201],[-122.307,45.981],[-122.027,45.797],[-121.246,45.757],[-121.017,45.595],[-121.485,45.371],[-121.475,45.217],[-121.054,44.872],[-121.247,44.735],[-121.335,44.463],[-121.246,44.231],[-121.504,43.689],[-121.879,43.467],[-121.787,43.277],[-121.862,42.885],[-121.985,42.791],[-122.037,42.251],[-122.206,41.969],[-123.068,41.784],[-123.924,41.897],[-124.087,42.873],[-123.863,43.029],[-123.818,43.279],[-124.005,43.407],[-124.005,43.699],[-124.194,43.755]]]]}},{"type":"Feature","properties":{"NAME":"Southeastern Pomo","SUBJECTO":"Southeastern Pomo","PARTOF":"Southeastern Pomo","BORDERPRECISION":"1"},"bbox":[-122.805,38.959,-122.585,39.147],"geometry":{"type":"MultiPolygon","coordinates":[[[[-122.717,39.147],[-122.585,38.959],[-122.805,38.959],[-122.717,39.147]]]]}},{"type":"Feature","properties":{"NAME":"Kañari","SUBJECTO":"Kañari","PARTOF":"Kañari","BORDERPRECISION":"1"},"bbox":[-79.737,-6.289,-78.513,-2.185],"geometry":{"type":"MultiPolygon","coordinates":[[[[-78.991,-2.185],[-78.624,-2.371],[-78.513,-2.681],[-78.813,-3.328],[-79.215,-3.608],[-79.396,-3.455],[-79.38,-5.915],[-79.172,-6.124],[-79.353,-6.289],[-79.487,-6.083],[-79.385,-5.914],[-79.399,-3.454],[-79.737,-3.234],[-79.439,-2.389],[-78.991,-2.185]]]]}},{"type":"Feature","properties":{"NAME":"A'uwe","SUBJECTO":"A'uwe","PARTOF":"A'uwe","BORDERPRECISION":"1"},"bbox":[-54.195,-15.727,-50.877,-11.521],"geometry":{"type":"MultiPolygon","coordinates":[[[[-54.084,-13.788],[-52.723,-13.109],[-52.042,-11.594],[-51.817,-11.521],[-51.372,-11.702],[-50.877,-13.304],[-51.812,-14.839],[-52.147,-15.129],[-52.487,-15.39],[-53.182,-15.404],[-53.616,-15.727],[-54.021,-15.65],[-54.195,-14.55],[-54.084,-13.788]]]]}},{"type":"Feature","properties":{"NAME":"Ohlone","SUBJECTO":"Ohlone","PARTOF":"Ohlone","BORDERPRECISION":"1"},"bbox":[-122.529,36.29,-120.892,38.015],"geometry":{"type":"MultiPolygon","coordinates":[[[[-121.927,36.338],[-121.998,36.636],[-121.838,36.896],[-122.494,37.301],[-122.529,37.794],[-122.119,37.536],[-122.378,38.015],[-121.886,37.862],[-121.464,37.243],[-121.224,37.104],[-120.892,36.451],[-120.973,36.29],[-121.216,36.491],[-121.72,36.597],[-121.927,36.338]]]]}},{"type":"Feature","properties":{"NAME":"Chickahominy","SUBJECTO":"Chickahominy","PARTOF":"Chickahominy","BORDERPRECISION":"1"},"bbox":[-77.416,37.361,-76.914,37.619],"geometry":{"type":"MultiPolygon","coordinates":[[[[-76.914,37.364],[-77.217,37.361],[-77.416,37.583],[-77.116,37.619],[-76.914,37.364]]]]}},{"type":"Feature","properties":{"NAME":"Chinantla (Tsa ju jmí’)","SUBJECTO":"Chinantla (Tsa ju jmí’)","PARTOF":"Chinantla (Tsa ju jmí’)","BORDERPRECISION":"1"},"bbox":[-97.049,17.018,-93.98,18.506],"geometry":{"type":"MultiPolygon","coordinates":[[[[-96.432,18.506],[-95.498,18.178],[-95.017,17.372],[-94.31,17.474],[-93.98,17.134],[-94.51,17.018],[-95.461,17.232],[-96.028,17.119],[-96.613,17.425],[-97.002,17.48],[-97.049,17.73],[-96.921,17.925],[-96.381,18.188],[-96.432,18.506]]]]}},{"type":"Feature","properties":{"NAME":"Zacateco ","SUBJECTO":"Zacateco ","PARTOF":"Zacateco ","BORDERPRECISION":"1"},"bbox":[-104.743,21.119,-101.574,25.405],"geometry":{"type":"MultiPolygon","coordinates":[[[[-102.363,21.765],[-102.781,21.863],[-102.9,22.072],[-103.101,21.996],[-103.062,22.283],[-103.188,22.412],[-104.48,22.963],[-104.743,23.582],[-104.316,24.145],[-104.088,24.81],[-103.18,25.405],[-102.713,25.24],[-102.067,24.611],[-101.984,23.876],[-102.453,23.542],[-102.042,22.119],[-101.574,21.453],[-101.631,21.242],[-101.813,21.119],[-101.975,21.195],[-102.363,21.765]]]]}},{"type":"Feature","properties":{"NAME":"Nahua (Michoacan)","SUBJECTO":"Nahua (Michoacan)","PARTOF":"Nahua (Michoacan)","BORDERPRECISION":"1"},"bbox":[-103.724,18.054,-102.467,18.856],"geometry":{"type":"MultiPolygon","coordinates":[[[[-102.668,18.095],[-103.494,18.354],[-103.722,18.57],[-103.724,18.733],[-103.404,18.856],[-102.878,18.732],[-102.518,18.402],[-102.467,18.054],[-102.668,18.095]]]]}},{"type":"Feature","properties":{"NAME":"Yazne","SUBJECTO":"Yazne","PARTOF":"Yazne","BORDERPRECISION":"1"},"bbox":[-80.201,-3.838,-79.705,-3.585],"geometry":{"type":"MultiPolygon","coordinates":[[[[-79.705,-3.693],[-79.796,-3.838],[-80.201,-3.827],[-80.031,-3.585],[-79.705,-3.693]]]]}},{"type":"Feature","properties":{"NAME":"Suquamish","SUBJECTO":"Suquamish","PARTOF":"Suquamish","BORDERPRECISION":"1"},"bbox":[-123.06,47.377,-122.259,48.04],"geometry":{"type":"MultiPolygon","coordinates":[[[[-122.808,47.828],[-123.06,47.592],[-122.996,47.781],[-122.808,47.828]]],[[[-122.663,47.469],[-122.486,47.606],[-122.353,48.04],[-122.259,47.997],[-122.26,47.534],[-122.727,47.377],[-122.663,47.469]]]]}},{"type":"Feature","properties":{"NAME":"Marubo","SUBJECTO":"Marubo","PARTOF":"Marubo","BORDERPRECISION":"1"},"bbox":[-72.88,-6.993,-71.976,-6.413],"geometry":{"type":"MultiPolygon","coordinates":[[[[-72.598,-6.413],[-72.078,-6.483],[-71.976,-6.606],[-72.025,-6.859],[-72.354,-6.993],[-72.789,-6.942],[-72.88,-6.613],[-72.598,-6.413]]]]}},{"type":"Feature","properties":{"NAME":"Odawa","SUBJECTO":"Odawa","PARTOF":"Odawa","BORDERPRECISION":"1"},"bbox":[-87.718,42.495,-80.344,46.258],"geometry":{"type":"MultiPolygon","coordinates":[[[[-85.631,44.899],[-85.609,44.789],[-85.5,44.934],[-85.538,44.751],[-85.369,45.203],[-84.952,45.408],[-85.104,45.547],[-84.996,45.751],[-84.784,45.772],[-84.818,45.882],[-85.551,46.062],[-86.295,45.905],[-86.64,45.62],[-86.593,45.878],[-86.256,46.136],[-85.817,46.258],[-85.299,46.25],[-84.782,46.043],[-84.747,45.854],[-84.519,45.719],[-84.633,45.705],[-84.644,43.614],[-84.213,43.212],[-84.07,42.516],[-84.845,42.495],[-86.226,42.683],[-86.514,43.681],[-86.494,43.999],[-86.214,44.704],[-85.543,45.212],[-85.631,44.899]]],[[[-87.718,44.695],[-87.544,44.862],[-87.343,44.818],[-87.478,44.46],[-87.718,44.695]]],[[[-81.752,43.892],[-81.719,44.139],[-81.297,44.713],[-81.385,44.993],[-81.698,45.246],[-81.302,45.219],[-81.189,44.943],[-80.991,44.94],[-81.095,44.799],[-80.914,44.736],[-80.907,44.602],[-80.684,44.717],[-80.431,44.562],[-80.344,43.637],[-81.742,43.61],[-81.752,43.892]]]]}},{"type":"Feature","properties":{"NAME":"Nauset","SUBJECTO":"Nauset","PARTOF":"Nauset","BORDERPRECISION":"1"},"bbox":[-70.642,41.592,-69.922,42.136],"geometry":{"type":"MultiPolygon","coordinates":[[[[-70.302,41.759],[-69.991,41.867],[-70.226,42.136],[-70.034,42.076],[-69.922,41.724],[-70.642,41.592],[-70.513,41.797],[-70.302,41.759]]]]}},{"type":"Feature","properties":{"NAME":"Nuwuvi (Southern Paiute)","SUBJECTO":"Nuwuvi (Southern Paiute)","PARTOF":"Nuwuvi (Southern Paiute)","BORDERPRECISION":"1"},"bbox":[-116.875,33.275,-110.115,39.598],"geometry":{"type":"MultiPolygon","coordinates":[[[[-111.805,36.22],[-111.995,36.056],[-112.626,36.384],[-113.31,36.097],[-113.308,35.86],[-113.446,35.754],[-113.977,36.188],[-114.135,36.025],[-114.743,36.118],[-114.548,35.194],[-114.645,34.923],[-114.119,34.295],[-114.491,33.984],[-114.524,33.569],[-114.695,33.275],[-115.193,33.297],[-115.709,33.567],[-115.657,33.829],[-115.473,33.865],[-115.768,34.474],[-116.314,34.703],[-116.465,34.92],[-116.047,35.202],[-116.147,35.373],[-116.835,35.586],[-116.575,35.761],[-116.572,36.155],[-116.875,36.757],[-116.551,36.803],[-116.305,37.286],[-115.38,37.221],[-115.557,37.676],[-115.253,38.08],[-114.784,38.383],[-113.99,38.681],[-113.174,38.72],[-113.113,38.981],[-112.821,39.247],[-111.982,39.598],[-111.362,39.269],[-111.15,38.785],[-110.516,38.301],[-110.37,37.954],[-110.903,37.203],[-110.303,37.302],[-110.115,36.784],[-110.81,36.43],[-110.872,36.102],[-111.216,36.07],[-111.135,35.719],[-111.226,35.595],[-111.805,36.22]]]]}},{"type":"Feature","properties":{"NAME":"Miluk Coos","SUBJECTO":"Miluk Coos","PARTOF":"Miluk Coos","BORDERPRECISION":"1"},"bbox":[-124.477,42.942,-124.197,43.352],"geometry":{"type":"MultiPolygon","coordinates":[[[[-124.302,43.343],[-124.203,43.352],[-124.197,42.942],[-124.477,43.022],[-124.302,43.343]]]]}},{"type":"Feature","properties":{"NAME":"Cayuse, Umatilla and Walla Walla","SUBJECTO":"Cayuse, Umatilla and Walla Walla","PARTOF":"Cayuse, Umatilla and Walla Walla","BORDERPRECISION":"1"},"bbox":[-120.135,43.949,-116.51,46.706],"geometry":{"type":"MultiPolygon","coordinates":[[[[-119.751,45.882],[-119.526,46.199],[-119.487,46.706],[-119.081,46.275],[-118.515,46.608],[-117.378,46.672],[-116.971,46.26],[-116.867,45.924],[-116.51,45.668],[-117.213,44.324],[-116.903,44.168],[-116.911,44.017],[-117.268,43.949],[-118.521,44.245],[-118.971,44.088],[-119.971,44.387],[-119.806,44.676],[-119.883,45.004],[-119.465,45.159],[-120.037,45.383],[-120.135,45.798],[-119.751,45.882]]]]}},{"type":"Feature","properties":{"NAME":"Copuces","SUBJECTO":"Copuces","PARTOF":"Copuces","BORDERPRECISION":"1"},"bbox":[-101.356,21.477,-100.435,21.961],"geometry":{"type":"MultiPolygon","coordinates":[[[[-101.356,21.836],[-100.714,21.961],[-100.52,21.867],[-100.435,21.629],[-100.688,21.477],[-101.356,21.836]]]]}},{"type":"Feature","properties":{"NAME":"Quinault","SUBJECTO":"Quinault","PARTOF":"Quinault","BORDERPRECISION":"1"},"bbox":[-124.437,47.024,-123.219,47.847],"geometry":{"type":"MultiPolygon","coordinates":[[[[-124.132,47.114],[-124.25,47.024],[-124.437,47.662],[-123.466,47.847],[-123.414,47.736],[-123.219,47.753],[-124.132,47.114]]]]}},{"type":"Feature","properties":{"NAME":"Pakajaqi","SUBJECTO":"Pakajaqi","PARTOF":"Pakajaqi","BORDERPRECISION":"1"},"bbox":[-69.7,-17.877,-67.272,-16.342],"geometry":{"type":"MultiPolygon","coordinates":[[[[-69.131,-16.446],[-67.848,-16.342],[-67.272,-16.917],[-67.339,-17.417],[-67.532,-17.692],[-67.766,-17.77],[-68.288,-17.659],[-68.811,-17.877],[-69.177,-17.865],[-69.7,-17.124],[-69.626,-16.77],[-69.131,-16.446]]]]}},{"type":"Feature","properties":{"NAME":"Southern Pomo","SUBJECTO":"Southern Pomo","PARTOF":"Southern Pomo","BORDERPRECISION":"1"},"bbox":[-123.585,38.393,-122.673,38.848],"geometry":{"type":"MultiPolygon","coordinates":[[[[-122.805,38.831],[-122.992,38.763],[-122.673,38.428],[-123.025,38.393],[-123.091,38.694],[-123.585,38.848],[-122.805,38.831]]]]}},{"type":"Feature","properties":{"NAME":"Tinigua","SUBJECTO":"Tinigua","PARTOF":"Tinigua","BORDERPRECISION":"1"},"bbox":[-74.49,0.942,-73.661,2.893],"geometry":{"type":"MultiPolygon","coordinates":[[[[-74.284,2.893],[-73.944,2.82],[-73.765,2.437],[-73.661,1.124],[-73.9,0.942],[-74.351,1.063],[-74.49,2.554],[-74.284,2.893]]]]}},{"type":"Feature","properties":{"NAME":"Obispeño","SUBJECTO":"Obispeño","PARTOF":"Obispeño","BORDERPRECISION":"1"},"bbox":[-120.949,35.139,-120.388,35.479],"geometry":{"type":"MultiPolygon","coordinates":[[[[-120.677,35.189],[-120.949,35.289],[-120.936,35.479],[-120.405,35.326],[-120.388,35.139],[-120.677,35.189]]]]}},{"type":"Feature","properties":{"NAME":"Guató","SUBJECTO":"Guató","PARTOF":"Guató","BORDERPRECISION":"1"},"bbox":[-58.141,-18.175,-54.76,-15.87],"geometry":{"type":"MultiPolygon","coordinates":[[[[-57.477,-18.175],[-57.83,-18.101],[-58.117,-17.752],[-58.141,-16.579],[-57.848,-16.234],[-56.788,-15.875],[-56.321,-15.87],[-55.664,-15.949],[-54.846,-16.273],[-54.76,-16.56],[-54.912,-16.99],[-55.477,-17.54],[-56.556,-18.05],[-57.477,-18.175]]]]}},{"type":"Feature","properties":{"NAME":"Skagit","SUBJECTO":"Skagit","PARTOF":"Skagit","BORDERPRECISION":"1"},"bbox":[-122.504,48.063,-121.245,48.618],"geometry":{"type":"MultiPolygon","coordinates":[[[[-122.374,48.266],[-122.504,48.616],[-121.245,48.618],[-121.608,48.063],[-122.359,48.169],[-122.374,48.266]]]]}},{"type":"Feature","properties":{"NAME":"Pech","SUBJECTO":"Pech","PARTOF":"Pech","BORDERPRECISION":"1"},"bbox":[-86.259,14.185,-83.423,15.707],"geometry":{"type":"MultiPolygon","coordinates":[[[[-84.188,15.604],[-84.132,15.375],[-83.527,15.237],[-83.423,15.014],[-83.763,14.824],[-84.221,14.801],[-84.483,14.922],[-84.481,15.175],[-85.109,15.202],[-85.635,14.19],[-85.952,14.185],[-86.184,14.44],[-86.259,14.835],[-86.06,15.437],[-85.377,15.681],[-85.119,15.588],[-85.111,15.204],[-84.481,15.176],[-84.342,15.575],[-84.177,15.707],[-84.188,15.604]]]]}},{"type":"Feature","properties":{"NAME":"Tłı̨chǫ Ndè","SUBJECTO":"Tłı̨chǫ Ndè","PARTOF":"Tłı̨chǫ Ndè","BORDERPRECISION":"1"},"bbox":[-121.765,61.548,-107.638,66.718],"geometry":{"type":"MultiPolygon","coordinates":[[[[-116.019,66.29],[-114.212,66.718],[-112.664,66.205],[-111.342,65.925],[-108.238,64.388],[-107.755,63.911],[-107.638,63.609],[-107.733,63.291],[-108.434,62.877],[-108.867,62.766],[-109.863,62.935],[-110.698,62.895],[-111.577,62.634],[-111.973,62.329],[-113.555,61.711],[-114.817,61.548],[-120.719,62.453],[-121.5,62.871],[-121.765,63.431],[-121.465,64.187],[-120.498,64.942],[-119.751,65.22],[-119.355,65.238],[-119.256,65.41],[-118.608,65.658],[-116.019,66.29]]]]}},{"type":"Feature","properties":{"NAME":"Chahta Yakni (Choctaw)","SUBJECTO":"Chahta Yakni (Choctaw)","PARTOF":"Chahta Yakni (Choctaw)","BORDERPRECISION":"1"},"bbox":[-91.643,29.081,-87.429,34.454],"geometry":{"type":"MultiPolygon","coordinates":[[[[-88.035,30.679],[-88.142,30.328],[-89.233,30.406],[-89.711,30.183],[-90.267,30.38],[-90.431,30.142],[-90.34,30.039],[-89.867,30.132],[-89.38,29.873],[-89.686,29.706],[-89.677,29.591],[-89.032,29.119],[-89.181,29.081],[-89.938,29.635],[-90.022,29.759],[-89.909,29.897],[-90.501,30.039],[-90.826,29.987],[-91.151,30.183],[-91.374,30.749],[-91.581,30.737],[-91.643,31.249],[-91.47,31.38],[-91.345,31.829],[-90.906,32.328],[-91.114,32.47],[-91.1,33.412],[-91.219,33.524],[-91.074,33.989],[-90.747,34.383],[-90.557,34.454],[-88.405,33.641],[-87.794,33.544],[-87.429,33.671],[-87.662,33.226],[-87.609,33.061],[-87.824,32.861],[-87.743,32.592],[-88.028,32.433],[-87.937,32.296],[-88.156,31.823],[-87.875,31.382],[-87.982,30.594],[-88.035,30.679]]]]}},{"type":"Feature","properties":{"NAME":"Kurâ","SUBJECTO":"Kurâ","PARTOF":"Kurâ","BORDERPRECISION":"1"},"bbox":[-56.061,-14.544,-54.32,-12.033],"geometry":{"type":"MultiPolygon","coordinates":[[[[-55.761,-12.033],[-55.593,-12.071],[-55.515,-12.274],[-55.673,-12.898],[-55.62,-13.913],[-55.038,-13.875],[-54.44,-14.068],[-54.32,-14.336],[-54.474,-14.499],[-54.926,-14.544],[-55.647,-14.287],[-55.675,-12.897],[-56.061,-12.609],[-56.001,-12.234],[-55.761,-12.033]]]]}},{"type":"Feature","properties":{"NAME":"Cholulteca","SUBJECTO":"Cholulteca","PARTOF":"Cholulteca","BORDERPRECISION":"1"},"bbox":[-98.586,18.773,-98.01,19.255],"geometry":{"type":"MultiPolygon","coordinates":[[[[-98.111,19.119],[-98.01,19.073],[-98.045,18.845],[-98.288,18.773],[-98.586,18.872],[-98.524,19.255],[-98.111,19.119]]]]}},{"type":"Feature","properties":{"NAME":"Kuyam","SUBJECTO":"Kuyam","PARTOF":"Kuyam","BORDERPRECISION":"1"},"bbox":[-120.364,34.673,-119.162,35.445],"geometry":{"type":"MultiPolygon","coordinates":[[[[-120.332,34.872],[-120.364,35.312],[-119.953,35.445],[-119.162,34.809],[-119.275,34.673],[-120.332,34.872]]]]}},{"type":"Feature","properties":{"NAME":"Tecuexe","SUBJECTO":"Tecuexe","PARTOF":"Tecuexe","BORDERPRECISION":"1"},"bbox":[-104.05,20.505,-102.253,21.264],"geometry":{"type":"MultiPolygon","coordinates":[[[[-103.373,20.938],[-103.104,21.013],[-102.884,21.264],[-102.253,21.263],[-102.446,20.815],[-102.799,20.505],[-103.747,20.623],[-104.05,20.85],[-103.373,20.938]]]]}},{"type":"Feature","properties":{"NAME":"Kiskiack","SUBJECTO":"Kiskiack","PARTOF":"Kiskiack","BORDERPRECISION":"1"},"bbox":[-76.831,37.2,-76.515,37.475],"geometry":{"type":"MultiPolygon","coordinates":[[[[-76.639,37.269],[-76.831,37.475],[-76.515,37.2],[-76.639,37.269]]]]}},{"type":"Feature","properties":{"NAME":"Podunks","SUBJECTO":"Podunks","PARTOF":"Podunks","BORDERPRECISION":"1"},"bbox":[-72.664,41.816,-72.378,41.976],"geometry":{"type":"MultiPolygon","coordinates":[[[[-72.455,41.976],[-72.378,41.833],[-72.664,41.816],[-72.62,41.968],[-72.455,41.976]]]]}},{"type":"Feature","properties":{"NAME":"Madija","SUBJECTO":"Madija","PARTOF":"Madija","BORDERPRECISION":"1"},"bbox":[-71.925,-10.111,-69.844,-6.817],"geometry":{"type":"MultiPolygon","coordinates":[[[[-71.243,-7.024],[-70.863,-6.817],[-70.312,-6.831],[-69.844,-7.25],[-69.888,-8.446],[-70.095,-9.514],[-70.691,-10.111],[-71.303,-9.9],[-71.734,-9.559],[-71.925,-8.805],[-71.706,-7.688],[-71.243,-7.024]]]]}},{"type":"Feature","properties":{"NAME":"Aónikenk (Tehuelche)","SUBJECTO":"Aónikenk (Tehuelche)","PARTOF":"Aónikenk (Tehuelche)","BORDERPRECISION":"1"},"bbox":[-74.447,-52.849,-64.403,-41.519],"geometry":{"type":"MultiPolygon","coordinates":[[[[-73.243,-52.574],[-73.626,-52.608],[-73.658,-52.442],[-73.56,-52.283],[-72.869,-52.281],[-72.845,-52.646],[-72.986,-52.842],[-73.27,-52.849],[-73.243,-52.574]]],[[[-64.688,-42.649],[-65.085,-42.784],[-64.403,-42.998],[-65.047,-43.331],[-65.307,-43.601],[-65.27,-44.258],[-65.637,-44.626],[-65.436,-44.89],[-66.695,-45.131],[-67.225,-45.553],[-67.472,-45.922],[-67.469,-46.266],[-67.112,-46.732],[-66.376,-47.127],[-65.776,-47.23],[-65.713,-47.354],[-65.993,-48.077],[-67.257,-48.744],[-67.578,-49.059],[-67.65,-49.621],[-67.833,-49.968],[-68.706,-50.285],[-69.041,-50.562],[-69.167,-51.149],[-69.077,-51.499],[-68.411,-52.405],[-68.995,-52.426],[-69.343,-52.288],[-69.882,-52.622],[-72.541,-52.831],[-71.678,-52.644],[-72.559,-52.573],[-72.449,-52.161],[-72.65,-52.128],[-72.81,-51.93],[-73.107,-52.103],[-73.408,-52.024],[-73.258,-51.706],[-73.591,-51.792],[-73.875,-51.562],[-73.638,-51.356],[-73.703,-51.198],[-74.269,-50.994],[-73.776,-50.835],[-73.53,-50.433],[-74.075,-50.473],[-74.19,-50.171],[-73.932,-49.993],[-74.187,-49.823],[-74.24,-49.634],[-73.9,-49.43],[-73.963,-49.241],[-74.272,-49.431],[-74.312,-48.745],[-74.133,-48.477],[-74.21,-48.008],[-73.439,-48.156],[-73.36,-47.974],[-73.764,-47.773],[-74.447,-47.777],[-74.132,-47.68],[-74.138,-47.363],[-73.885,-47.038],[-72.395,-45.815],[-72.194,-45.25],[-72.303,-44.905],[-72.247,-44.431],[-72.613,-43.968],[-72.982,-43.752],[-72.999,-43.334],[-72.53,-43.063],[-72.724,-42.8],[-72.747,-42.446],[-72.438,-42.305],[-72.414,-42.163],[-72.731,-41.907],[-72.621,-41.741],[-71.705,-41.519],[-69.992,-41.591],[-69.486,-41.868],[-66.361,-41.97],[-66.063,-42.186],[-65.038,-42.348],[-64.52,-42.637],[-64.688,-42.649]]]]}},{"type":"Feature","properties":{"NAME":"Eastern Mono/Monache","SUBJECTO":"Eastern Mono/Monache","PARTOF":"Eastern Mono/Monache","BORDERPRECISION":"1"},"bbox":[-119.298,36.495,-117.837,38.09],"geometry":{"type":"MultiPolygon","coordinates":[[[[-118.399,37.834],[-117.837,38.09],[-117.885,37.611],[-118.083,37.274],[-117.889,36.598],[-118.076,36.495],[-118.743,36.65],[-118.87,37.13],[-119.298,37.607],[-118.399,37.834]]]]}},{"type":"Feature","properties":{"NAME":"Sataré-Mawé","SUBJECTO":"Sataré-Mawé","PARTOF":"Sataré-Mawé","BORDERPRECISION":"1"},"bbox":[-60.602,-6.789,-54.935,-1.909],"geometry":{"type":"MultiPolygon","coordinates":[[[[-58.478,-6.688],[-58.965,-6.789],[-59.622,-6.66],[-60.212,-6.305],[-60.467,-5.927],[-60.602,-5.301],[-60.222,-4.91],[-59.938,-4.853],[-59.763,-4.37],[-59.418,-4.243],[-59.299,-3.968],[-59.069,-3.842],[-59.07,-3.67],[-58.521,-3.177],[-58.258,-3.143],[-58.077,-2.863],[-57.805,-2.785],[-57.549,-2.402],[-56.696,-2.615],[-56.088,-2.051],[-55.62,-1.909],[-54.997,-2.167],[-54.935,-2.266],[-55.251,-3.421],[-55.61,-4.039],[-56.216,-4.371],[-56.449,-4.741],[-56.699,-4.774],[-56.996,-5.414],[-57.653,-5.956],[-57.773,-6.317],[-58.217,-6.434],[-58.478,-6.688]]]]}},{"type":"Feature","properties":{"NAME":"Guahibo/Hiwi","SUBJECTO":"Guahibo/Hiwi","PARTOF":"Guahibo/Hiwi","BORDERPRECISION":"1"},"bbox":[-72.154,2.673,-66.934,7.327],"geometry":{"type":"MultiPolygon","coordinates":[[[[-66.966,7.206],[-66.934,7.045],[-67.383,6.011],[-67.639,5.59],[-68.094,5.29],[-68.291,3.635],[-68.438,3.439],[-68.963,3.237],[-69.761,3.195],[-70.35,2.673],[-71.479,2.913],[-71.92,3.189],[-72.154,4.151],[-71.989,4.59],[-71.321,4.954],[-70.894,5.435],[-70.421,5.696],[-71.65,6.152],[-71.678,6.547],[-71.487,6.85],[-71.658,7.176],[-71.017,7.327],[-70.101,7.122],[-69.557,7.149],[-69.22,6.917],[-69.24,6.602],[-68.428,6.445],[-67.748,6.534],[-67.447,7.234],[-66.966,7.206]]]]}},{"type":"Feature","properties":{"NAME":"Takla","SUBJECTO":"Takla","PARTOF":"Takla","BORDERPRECISION":"1"},"bbox":[-127.862,54.254,-122.43,57.418],"geometry":{"type":"MultiPolygon","coordinates":[[[[-127.545,55.205],[-127.862,56.519],[-127.636,57.026],[-126.5,57.414],[-125.987,57.418],[-124.354,57.09],[-123.096,56.353],[-122.598,55.681],[-122.43,55.195],[-122.814,54.591],[-123.272,54.356],[-125.285,54.254],[-126.935,54.419],[-127.434,54.875],[-127.545,55.205]]]]}},{"type":"Feature","properties":{"NAME":"Aché","SUBJECTO":"Aché","PARTOF":"Aché","BORDERPRECISION":"1"},"bbox":[-56.23,-26.12,-54.695,-24.03],"geometry":{"type":"MultiPolygon","coordinates":[[[[-54.695,-26.006],[-55.764,-26.12],[-56.23,-25.929],[-56.207,-25.165],[-55.805,-24.711],[-55.641,-24.03],[-54.813,-24.165],[-54.742,-24.363],[-54.936,-25.283],[-54.695,-26.006]]]]}},{"type":"Feature","properties":{"NAME":"Unangam Tanangin (Unangax̂ /Aleut)","SUBJECTO":"Unangam Tanangin (Unangax̂ /Aleut)","PARTOF":"Unangam Tanangin (Unangax̂ /Aleut)","BORDERPRECISION":"1"},"bbox":[-168.514,53.295,-159.976,56.168],"geometry":{"type":"MultiPolygon","coordinates":[[[[-160.169,55.807],[-160.607,56.043],[-160.488,56.168],[-159.976,55.835],[-160.169,55.807]]],[[[-162.59,55.253],[-162.585,55.389],[-161.609,55.845],[-160.356,55.657],[-160.391,55.562],[-161.575,55.479],[-162.218,55.132],[-162.546,55.145],[-162.59,55.253]]],[[[-163.2,55.043],[-163.262,55.171],[-163.091,55.273],[-162.746,55.064],[-162.968,54.949],[-163.2,55.043]]],[[[-168.514,53.295],[-168.507,53.429],[-168.223,53.59],[-167.865,53.323],[-168.514,53.295]]],[[[-163.36,54.921],[-163.206,54.737],[-164.072,54.657],[-164.564,54.334],[-165.01,54.528],[-164.561,54.831],[-163.743,55.062],[-163.36,54.921]]],[[[-166.927,53.459],[-167.148,53.94],[-166.771,54.001],[-166.383,53.855],[-166.927,53.459]]]]}},{"type":"Feature","properties":{"NAME":"Ofaié","SUBJECTO":"Ofaié","PARTOF":"Ofaié","BORDERPRECISION":"1"},"bbox":[-54.957,-22.99,-51.49,-20.113],"geometry":{"type":"MultiPolygon","coordinates":[[[[-54.957,-21.043],[-54.694,-20.81],[-52.428,-20.113],[-52.119,-20.128],[-51.997,-20.467],[-51.49,-20.809],[-51.755,-21.584],[-52.27,-22.34],[-53.272,-22.96],[-53.51,-22.99],[-53.646,-22.931],[-53.75,-22.237],[-54.116,-21.904],[-54.628,-21.783],[-54.899,-21.539],[-54.957,-21.043]]]]}},{"type":"Feature","properties":{"NAME":"Ts’uubaa-asatx","SUBJECTO":"Ts’uubaa-asatx","PARTOF":"Ts’uubaa-asatx","BORDERPRECISION":"1"},"bbox":[-124.503,48.679,-123.645,49],"geometry":{"type":"MultiPolygon","coordinates":[[[[-123.645,48.818],[-124.058,48.679],[-124.503,48.849],[-124.503,49],[-123.645,48.818]]]]}},{"type":"Feature","properties":{"NAME":"Wappo","SUBJECTO":"Wappo","PARTOF":"Wappo","BORDERPRECISION":"1"},"bbox":[-122.999,38.314,-122.241,39.034],"geometry":{"type":"MultiPolygon","coordinates":[[[[-122.56,38.787],[-122.249,38.498],[-122.241,38.314],[-122.687,38.421],[-122.999,38.727],[-122.857,39.034],[-122.758,39.006],[-122.904,38.816],[-122.56,38.787]]]]}},{"type":"Feature","properties":{"NAME":"Sobaipuri","SUBJECTO":"Sobaipuri","PARTOF":"Sobaipuri","BORDERPRECISION":"1"},"bbox":[-111.824,30.822,-110.141,33.099],"geometry":{"type":"MultiPolygon","coordinates":[[[[-111.786,33.099],[-110.716,33.029],[-110.326,32.683],[-110.182,32.335],[-110.141,31.071],[-110.832,30.822],[-111.04,31.611],[-110.942,32.038],[-111.029,32.31],[-111.824,32.85],[-111.786,33.099]]]]}},{"type":"Feature","properties":{"NAME":"Mojeño","SUBJECTO":"Mojeño","PARTOF":"Mojeño","BORDERPRECISION":"1"},"bbox":[-66.497,-16.127,-63.829,-13.886],"geometry":{"type":"MultiPolygon","coordinates":[[[[-66.373,-15.805],[-66.497,-15.258],[-66.318,-14.722],[-65.259,-14.325],[-64.926,-13.886],[-64.541,-13.944],[-64.183,-14.87],[-63.829,-15.389],[-63.864,-15.659],[-65.845,-16.127],[-66.097,-16.11],[-66.373,-15.805]]]]}},{"type":"Feature","properties":{"NAME":"Mattaponi","SUBJECTO":"Mattaponi","PARTOF":"Mattaponi","BORDERPRECISION":"1"},"bbox":[-77.439,37.746,-76.999,38.092],"geometry":{"type":"MultiPolygon","coordinates":[[[[-77.086,37.746],[-77.412,37.884],[-77.439,38.092],[-76.999,37.88],[-77.086,37.746]]]]}},{"type":"Feature","properties":{"NAME":"Piscataway","SUBJECTO":"Piscataway","PARTOF":"Piscataway","BORDERPRECISION":"1"},"bbox":[-77.734,38.109,-75.936,39.703],"geometry":{"type":"MultiPolygon","coordinates":[[[[-76.044,38.293],[-76.326,38.539],[-76.008,38.667],[-76.279,38.809],[-76.353,38.735],[-76.305,38.88],[-76.112,38.845],[-76.344,39.026],[-76.063,39.195],[-76.26,39.201],[-76.151,39.367],[-75.936,39.417],[-76.044,38.293]]],[[[-76.109,39.545],[-76.201,39.424],[-76.259,39.501],[-76.272,39.361],[-76.339,39.462],[-76.385,39.275],[-76.587,39.311],[-76.405,39.085],[-76.538,38.785],[-76.408,38.397],[-76.663,38.634],[-76.652,38.542],[-76.384,38.337],[-76.324,38.109],[-76.82,38.42],[-76.861,38.331],[-77.253,38.459],[-77.054,38.735],[-77.195,38.709],[-77.256,39.014],[-77.734,39.356],[-77.448,39.589],[-77.031,39.69],[-76.218,39.703],[-76.109,39.545]]]]}},{"type":"Feature","properties":{"NAME":"Dehcho Dene","SUBJECTO":"Dehcho Dene","PARTOF":"Dehcho Dene","BORDERPRECISION":"1"},"bbox":[-129.419,59.955,-114.17,64.264],"geometry":{"type":"MultiPolygon","coordinates":[[[[-120.015,59.955],[-123.794,59.977],[-124.189,60.185],[-124.277,60.414],[-124.563,60.598],[-124.497,60.716],[-124.783,60.823],[-126.76,60.748],[-126.98,60.888],[-127.244,61.386],[-128.254,61.877],[-129.177,62.155],[-129.177,62.329],[-129.419,62.563],[-127.727,62.805],[-124.915,64.034],[-122.937,64.091],[-121.729,64.264],[-121.135,63.928],[-120.608,62.725],[-119.312,62.186],[-114.324,61.877],[-114.412,61.732],[-114.785,61.69],[-114.741,60.866],[-114.17,60.695],[-114.521,60.544],[-115.708,60.587],[-115.664,60.043],[-120.015,59.955]]]]}},{"type":"Feature","properties":{"NAME":"Monqui","SUBJECTO":"Monqui","PARTOF":"Monqui","BORDERPRECISION":"1"},"bbox":[-111.637,25.575,-111.2,26.155],"geometry":{"type":"MultiPolygon","coordinates":[[[[-111.329,25.896],[-111.2,25.639],[-111.376,25.575],[-111.637,25.989],[-111.389,26.155],[-111.329,25.896]]]]}},{"type":"Feature","properties":{"NAME":"Chankas","SUBJECTO":"Chankas","PARTOF":"Chankas","BORDERPRECISION":"1"},"bbox":[-75.411,-14.706,-72.112,-12.145],"geometry":{"type":"MultiPolygon","coordinates":[[[[-73.037,-13.39],[-72.618,-13.474],[-72.165,-13.759],[-72.112,-14.152],[-72.485,-14.61],[-73.622,-14.706],[-74.786,-14.172],[-75.198,-13.584],[-75.411,-12.178],[-74.693,-12.145],[-73.894,-12.846],[-73.037,-13.39]]]]}},{"type":"Feature","properties":{"NAME":"Nasa","SUBJECTO":"Nasa","PARTOF":"Nasa","BORDERPRECISION":"1"},"bbox":[-76.933,0.973,-74.984,3.827],"geometry":{"type":"MultiPolygon","coordinates":[[[[-75.865,3.458],[-75.432,3.515],[-75.111,3.389],[-74.984,3.161],[-75.787,1.764],[-75.936,1.202],[-76.131,0.973],[-76.589,0.984],[-76.933,1.683],[-76.818,3.573],[-76.624,3.827],[-76.303,3.779],[-75.865,3.458]]]]}},{"type":"Feature","properties":{"NAME":"Cuitlatec","SUBJECTO":"Cuitlatec","PARTOF":"Cuitlatec","BORDERPRECISION":"1"},"bbox":[-101.488,16.993,-100.17,18.419],"geometry":{"type":"MultiPolygon","coordinates":[[[[-100.413,17.057],[-101.488,17.577],[-101.468,18.209],[-100.221,18.419],[-100.17,17.444],[-100.243,16.993],[-100.413,17.057]]]]}},{"type":"Feature","properties":{"NAME":"Shmuwich (Barbareño)","SUBJECTO":"Shmuwich (Barbareño)","PARTOF":"Shmuwich (Barbareño)","BORDERPRECISION":"1"},"bbox":[-120.532,34.369,-119.415,34.626],"geometry":{"type":"MultiPolygon","coordinates":[[[[-119.42,34.369],[-119.613,34.478],[-120.532,34.527],[-120.137,34.626],[-119.415,34.506],[-119.42,34.369]]]]}},{"type":"Feature","properties":{"NAME":"Asheninka","SUBJECTO":"Asheninka","PARTOF":"Asheninka","BORDERPRECISION":"1"},"bbox":[-74.565,-11.113,-72.159,-8.832],"geometry":{"type":"MultiPolygon","coordinates":[[[[-73.871,-11.113],[-74.565,-10.981],[-74.562,-10.793],[-74.284,-10.413],[-74.396,-9.898],[-73.875,-9.127],[-73.56,-8.932],[-73.012,-8.832],[-72.21,-9.475],[-72.159,-9.786],[-72.32,-10.278],[-73.477,-10.728],[-73.871,-11.113]]]]}},{"type":"Feature","properties":{"NAME":"Wanano/Kotiria","SUBJECTO":"Wanano/Kotiria","PARTOF":"Wanano/Kotiria","BORDERPRECISION":"1"},"bbox":[-70.588,0.302,-68.736,1.771],"geometry":{"type":"MultiPolygon","coordinates":[[[[-70.563,1.771],[-69.965,1.754],[-69.776,1.139],[-69.272,1.052],[-68.771,0.665],[-68.736,0.401],[-69.113,0.302],[-69.457,0.614],[-70.364,0.896],[-70.588,1.211],[-70.563,1.771]]]]}},{"type":"Feature","properties":{"NAME":"Miccosukee","SUBJECTO":"Miccosukee","PARTOF":"Miccosukee","BORDERPRECISION":"1"},"bbox":[-80.88,25.748,-80.745,26.259],"geometry":{"type":"MultiPolygon","coordinates":[[[[-80.88,26.258],[-80.75,26.259],[-80.745,25.748],[-80.88,26.258]]]]}},{"type":"Feature","properties":{"NAME":"Kumeyaay","SUBJECTO":"Kumeyaay","PARTOF":"Kumeyaay","BORDERPRECISION":"1"},"bbox":[-117.445,31.335,-114.928,33.386],"geometry":{"type":"MultiPolygon","coordinates":[[[[-116.693,31.572],[-116.611,31.877],[-117.075,32.302],[-117.445,33.232],[-117.032,33.386],[-116.334,33.197],[-115.598,33.216],[-114.928,32.482],[-115.032,32.334],[-115.554,32.296],[-115.686,31.859],[-116.224,31.616],[-116.494,31.335],[-116.693,31.572]]]]}},{"type":"Feature","properties":{"NAME":"Willapa","SUBJECTO":"Willapa","PARTOF":"Willapa","BORDERPRECISION":"1"},"bbox":[-124.131,46.41,-123.347,46.804],"geometry":{"type":"MultiPolygon","coordinates":[[[[-124.131,46.669],[-124.101,46.804],[-123.719,46.789],[-123.376,46.688],[-123.347,46.557],[-123.458,46.452],[-124.07,46.41],[-124.131,46.669]]]]}},{"type":"Feature","properties":{"NAME":"nuučaan̓uuɫɁatḥ nism̓a (Nuu-chah-nulth)","SUBJECTO":"nuučaan̓uuɫɁatḥ nism̓a (Nuu-chah-nulth)","PARTOF":"nuučaan̓uuɫɁatḥ nism̓a (Nuu-chah-nulth)","BORDERPRECISION":"1"},"bbox":[-126.919,48.874,-124.568,50.165],"geometry":{"type":"MultiPolygon","coordinates":[[[[-125.196,48.874],[-125.116,49.024],[-125.008,48.998],[-125.196,48.874]]],[[[-124.999,49.169],[-125.78,49.089],[-125.967,49.174],[-125.892,49.377],[-126.112,49.527],[-126.563,49.572],[-126.665,49.69],[-126.522,49.822],[-126.919,50.035],[-126.73,50.165],[-126.464,49.926],[-125.706,49.948],[-125.467,49.543],[-125.544,49.334],[-125.219,49.243],[-124.821,49.33],[-124.568,49.142],[-124.755,48.977],[-124.928,48.995],[-124.999,49.169]]]]}},{"type":"Feature","properties":{"NAME":"Acjachemen (Juaneño)","SUBJECTO":"Acjachemen (Juaneño)","PARTOF":"Acjachemen (Juaneño)","BORDERPRECISION":"1"},"bbox":[-118.146,33.21,-117.233,33.941],"geometry":{"type":"MultiPolygon","coordinates":[[[[-117.497,33.325],[-118.146,33.786],[-117.984,33.941],[-117.549,33.882],[-117.233,33.585],[-117.378,33.21],[-117.497,33.325]]]]}},{"type":"Feature","properties":{"NAME":"Clatskanie","SUBJECTO":"Clatskanie","PARTOF":"Clatskanie","BORDERPRECISION":"1"},"bbox":[-123.68,45.679,-123.008,46.062],"geometry":{"type":"MultiPolygon","coordinates":[[[[-123.221,46.062],[-123.008,45.95],[-123.223,45.679],[-123.68,45.907],[-123.565,46.049],[-123.221,46.062]]]]}},{"type":"Feature","properties":{"NAME":"Squaxin","SUBJECTO":"Squaxin","PARTOF":"Squaxin","BORDERPRECISION":"1"},"bbox":[-123.264,47.007,-122.769,47.338],"geometry":{"type":"MultiPolygon","coordinates":[[[[-122.861,47.338],[-122.769,47.276],[-122.834,47.007],[-123.264,47.147],[-123.211,47.267],[-122.861,47.338]]]]}},{"type":"Feature","properties":{"NAME":"Yoncalla","SUBJECTO":"Yoncalla","PARTOF":"Yoncalla","BORDERPRECISION":"1"},"bbox":[-123.728,43.262,-121.958,44.083],"geometry":{"type":"MultiPolygon","coordinates":[[[[-123.728,43.64],[-123.165,43.758],[-123.121,44.012],[-122.939,44.072],[-121.958,44.083],[-122.165,43.574],[-122.507,43.381],[-123.539,43.262],[-123.728,43.64]]]]}},{"type":"Feature","properties":{"NAME":"Moratok","SUBJECTO":"Moratok","PARTOF":"Moratok","BORDERPRECISION":"1"},"bbox":[-77.534,35.619,-76.686,36.297],"geometry":{"type":"MultiPolygon","coordinates":[[[[-76.686,35.964],[-77.166,35.619],[-77.372,35.623],[-77.534,35.793],[-77.52,36.165],[-77.365,36.297],[-76.977,36.003],[-76.686,35.964]]]]}},{"type":"Feature","properties":{"NAME":"Wiyot","SUBJECTO":"Wiyot","PARTOF":"Wiyot","BORDERPRECISION":"1"},"bbox":[-124.407,40.334,-123.88,41.019],"geometry":{"type":"MultiPolygon","coordinates":[[[[-124.365,40.334],[-124.407,40.498],[-124.126,41.019],[-123.88,40.968],[-123.979,40.648],[-124.365,40.334]]]]}},{"type":"Feature","properties":{"NAME":"Yankton","SUBJECTO":"Yankton","PARTOF":"Yankton","BORDERPRECISION":"1"},"bbox":[-99.975,41.396,-94.052,44.43],"geometry":{"type":"MultiPolygon","coordinates":[[[[-99.975,44.168],[-99.891,44.385],[-99.56,44.43],[-97.764,44.425],[-96.589,44.289],[-95.729,44.421],[-94.778,44.338],[-94.372,43.858],[-94.567,43.431],[-94.461,43.062],[-94.052,42.574],[-94.136,42.22],[-94.496,41.823],[-95.524,41.396],[-96.045,41.401],[-96.488,42.439],[-97.305,42.807],[-97.995,42.75],[-98.502,42.874],[-99.187,43.348],[-99.975,44.168]]]]}},{"type":"Feature","properties":{"NAME":"Lenca","SUBJECTO":"Lenca","PARTOF":"Lenca","BORDERPRECISION":"1"},"bbox":[-88.801,13.172,-87.065,14.992],"geometry":{"type":"MultiPolygon","coordinates":[[[[-87.771,13.501],[-87.949,13.172],[-88.801,13.304],[-88.49,13.882],[-88.721,14.064],[-88.699,14.464],[-88.321,14.992],[-87.165,14.979],[-87.065,14.795],[-87.175,14.017],[-87.631,13.413],[-87.771,13.501]]]]}},{"type":"Feature","properties":{"NAME":"Sahtú Got’ine","SUBJECTO":"Sahtú Got’ine","PARTOF":"Sahtú Got’ine","BORDERPRECISION":"1"},"bbox":[-128.081,63.731,-116.851,67.461],"geometry":{"type":"MultiPolygon","coordinates":[[[[-120.32,63.99],[-121.22,63.731],[-122.23,63.882],[-123.195,64.304],[-126.373,65.238],[-127.704,65.853],[-128.081,66.294],[-127.704,66.613],[-122.357,67.368],[-120.87,67.461],[-118.918,67.413],[-116.851,66.737],[-116.851,66.326],[-117.7,65.68],[-118.734,65.328],[-120.32,63.99]]]]}},{"type":"Feature","properties":{"NAME":"Umukomasã/Desana","SUBJECTO":"Umukomasã/Desana","PARTOF":"Umukomasã/Desana","BORDERPRECISION":"1"},"bbox":[-69.794,0.158,-69.123,0.741],"geometry":{"type":"MultiPolygon","coordinates":[[[[-69.584,0.158],[-69.794,0.358],[-69.744,0.683],[-69.428,0.741],[-69.123,0.564],[-69.219,0.239],[-69.584,0.158]]]]}},{"type":"Feature","properties":{"NAME":"Chehalis","SUBJECTO":"Chehalis","PARTOF":"Chehalis","BORDERPRECISION":"1"},"bbox":[-124.17,46.476,-122.058,47.539],"geometry":{"type":"MultiPolygon","coordinates":[[[[-124.131,46.669],[-124.17,46.941],[-123.905,47.042],[-124.163,47.114],[-124.003,47.346],[-123.519,47.539],[-123.091,46.995],[-122.058,46.672],[-122.245,46.544],[-122.948,46.476],[-123.08,46.589],[-124.131,46.669]]]]}},{"type":"Feature","properties":{"NAME":"Appamattuck","SUBJECTO":"Appamattuck","PARTOF":"Appamattuck","BORDERPRECISION":"1"},"bbox":[-77.627,37.006,-77.199,37.308],"geometry":{"type":"MultiPolygon","coordinates":[[[[-77.349,37.308],[-77.199,37.245],[-77.298,37.006],[-77.621,37.165],[-77.627,37.273],[-77.349,37.308]]]]}},{"type":"Feature","properties":{"NAME":"Vilela","SUBJECTO":"Vilela","PARTOF":"Vilela","BORDERPRECISION":"1"},"bbox":[-64.313,-28.495,-61.936,-25.117],"geometry":{"type":"MultiPolygon","coordinates":[[[[-64.313,-25.445],[-64.193,-25.246],[-63.353,-25.117],[-62.691,-25.246],[-62.063,-25.588],[-61.952,-25.788],[-61.936,-27.516],[-62.063,-28.048],[-62.317,-28.383],[-62.76,-28.495],[-63.442,-28.258],[-63.648,-27.992],[-64.044,-27.051],[-64.313,-25.445]]]]}},{"type":"Feature","properties":{"NAME":"U'wa","SUBJECTO":"U'wa","PARTOF":"U'wa","BORDERPRECISION":"1"},"bbox":[-72.758,5.819,-71.603,7.587],"geometry":{"type":"MultiPolygon","coordinates":[[[[-72.2,5.819],[-72.729,6.187],[-72.758,6.56],[-72.57,7.226],[-72.314,7.525],[-72.07,7.587],[-71.66,7.288],[-71.603,6.921],[-71.819,6.062],[-72.2,5.819]]]]}},{"type":"Feature","properties":{"NAME":"Onawmanient","SUBJECTO":"Onawmanient","PARTOF":"Onawmanient","BORDERPRECISION":"1"},"bbox":[-76.861,37.994,-76.56,38.14],"geometry":{"type":"MultiPolygon","coordinates":[[[[-76.56,38.132],[-76.619,37.994],[-76.861,38.14],[-76.56,38.132]]]]}},{"type":"Feature","properties":{"NAME":"Clackamas","SUBJECTO":"Clackamas","PARTOF":"Clackamas","BORDERPRECISION":"1"},"bbox":[-122.747,45.186,-122.011,45.576],"geometry":{"type":"MultiPolygon","coordinates":[[[[-122.249,45.413],[-122.011,45.186],[-122.441,45.228],[-122.747,45.576],[-122.249,45.413]]]]}},{"type":"Feature","properties":{"NAME":"Cuica","SUBJECTO":"Cuica","PARTOF":"Cuica","BORDERPRECISION":"1"},"bbox":[-71.031,8.956,-69.926,9.938],"geometry":{"type":"MultiPolygon","coordinates":[[[[-71.031,9.496],[-70.587,9.938],[-70.102,9.79],[-69.926,9.469],[-70.038,9.13],[-70.54,8.956],[-70.952,9.151],[-71.031,9.496]]]]}},{"type":"Feature","properties":{"NAME":"Tomabela","SUBJECTO":"Tomabela","PARTOF":"Tomabela","BORDERPRECISION":"1"},"bbox":[-78.834,-1.313,-78.747,-1.135],"geometry":{"type":"MultiPolygon","coordinates":[[[[-78.753,-1.313],[-78.834,-1.188],[-78.747,-1.135],[-78.753,-1.313]]]]}},{"type":"Feature","properties":{"NAME":"Parkatejê","SUBJECTO":"Parkatejê","PARTOF":"Parkatejê","BORDERPRECISION":"1"},"bbox":[-49.024,-5.331,-48.742,-4.644],"geometry":{"type":"MultiPolygon","coordinates":[[[[-49.012,-4.644],[-48.742,-4.708],[-48.83,-5.331],[-49.024,-5.186],[-49.012,-4.644]]]]}},{"type":"Feature","properties":{"NAME":"Menominee","SUBJECTO":"Menominee","PARTOF":"Menominee","BORDERPRECISION":"1"},"bbox":[-91.747,42.924,-86.601,45.997],"geometry":{"type":"MultiPolygon","coordinates":[[[[-86.606,45.628],[-86.692,45.659],[-86.601,45.747],[-86.606,45.628]]],[[[-86.72,45.867],[-86.935,45.681],[-86.995,45.864],[-87.991,44.671],[-87.943,44.565],[-87.544,44.862],[-87.343,44.818],[-87.715,43.876],[-87.891,42.924],[-88.176,43.053],[-88.704,43.723],[-89.802,43.437],[-90.077,43.485],[-91.747,44.731],[-91.571,44.965],[-90.626,45.151],[-89.407,44.973],[-88.605,45.058],[-88.594,45.768],[-88.154,45.997],[-86.99,45.989],[-86.72,45.867]]]]}},{"type":"Feature","properties":{"NAME":"Chalon","SUBJECTO":"Chalon","PARTOF":"Chalon","BORDERPRECISION":"1"},"bbox":[-121.399,36.28,-120.553,36.704],"geometry":{"type":"MultiPolygon","coordinates":[[[[-120.894,36.704],[-120.894,36.527],[-120.553,36.359],[-120.619,36.28],[-121.146,36.289],[-121.399,36.465],[-121.179,36.501],[-121.179,36.677],[-120.894,36.704]]]]}},{"type":"Feature","properties":{"NAME":"Neusiok","SUBJECTO":"Neusiok","PARTOF":"Neusiok","BORDERPRECISION":"1"},"bbox":[-77.66,34.528,-76.306,35.328],"geometry":{"type":"MultiPolygon","coordinates":[[[[-76.953,35.029],[-76.788,34.948],[-76.439,35.093],[-76.306,34.979],[-76.504,34.795],[-77.551,34.528],[-77.66,34.777],[-77.587,35.229],[-77.334,35.328],[-76.953,35.029]]]]}},{"type":"Feature","properties":{"NAME":"Vanyumé","SUBJECTO":"Vanyumé","PARTOF":"Vanyumé","BORDERPRECISION":"1"},"bbox":[-117.437,34.482,-116.051,35.268],"geometry":{"type":"MultiPolygon","coordinates":[[[[-116.08,35.268],[-116.051,35.009],[-117.395,34.482],[-117.437,34.595],[-117.2,34.96],[-116.562,35.045],[-116.08,35.268]]]]}},{"type":"Feature","properties":{"NAME":"Matsigenka","SUBJECTO":"Matsigenka","PARTOF":"Matsigenka","BORDERPRECISION":"1"},"bbox":[-73.713,-13.2,-69.288,-10.886],"geometry":{"type":"MultiPolygon","coordinates":[[[[-72.21,-11.341],[-70.609,-12.082],[-69.554,-12.236],[-69.288,-12.528],[-69.33,-12.698],[-69.616,-12.85],[-70.948,-12.83],[-72.91,-13.2],[-73.432,-13.112],[-73.713,-12.609],[-73.358,-12.078],[-73.472,-11.691],[-73.412,-11.416],[-73.084,-11.304],[-73.275,-11.005],[-73.214,-10.886],[-72.978,-10.893],[-72.833,-11.184],[-72.407,-11.192],[-72.21,-11.341]]]]}},{"type":"Feature","properties":{"NAME":"Tanacross","SUBJECTO":"Tanacross","PARTOF":"Tanacross","BORDERPRECISION":"1"},"bbox":[-146,62.924,-141.925,64.648],"geometry":{"type":"MultiPolygon","coordinates":[[[[-144.478,64.465],[-144.071,64.648],[-143.171,64.498],[-141.925,64.073],[-142.721,63.36],[-143.66,62.924],[-146,63.427],[-144.972,63.99],[-144.478,64.465]]]]}},{"type":"Feature","properties":{"NAME":"Cherokee (Oklahoma)","SUBJECTO":"Cherokee (Oklahoma)","PARTOF":"Cherokee (Oklahoma)","BORDERPRECISION":"1"},"bbox":[-96.002,35.266,-94.431,36.999],"geometry":{"type":"MultiPolygon","coordinates":[[[[-95.008,36.999],[-94.753,36.792],[-94.791,36.629],[-94.618,36.625],[-94.431,35.395],[-94.664,35.293],[-95.073,35.445],[-95.231,35.266],[-95.51,35.292],[-95.307,35.799],[-95.337,36.161],[-96.002,36.161],[-96.001,36.999],[-95.008,36.999]]]]}},{"type":"Feature","properties":{"NAME":"Salmon River","SUBJECTO":"Salmon River","PARTOF":"Salmon River","BORDERPRECISION":"1"},"bbox":[-124.026,44.99,-123.691,45.114],"geometry":{"type":"MultiPolygon","coordinates":[[[[-123.986,45.108],[-123.691,45.114],[-123.702,45.001],[-124.026,44.99],[-123.986,45.108]]]]}},{"type":"Feature","properties":{"NAME":"Cahto","SUBJECTO":"Cahto","PARTOF":"Cahto","BORDERPRECISION":"1"},"bbox":[-123.904,39.648,-123.442,39.935],"geometry":{"type":"MultiPolygon","coordinates":[[[[-123.717,39.935],[-123.497,39.876],[-123.442,39.724],[-123.596,39.648],[-123.904,39.825],[-123.717,39.935]]]]}},{"type":"Feature","properties":{"NAME":"Kayambi","SUBJECTO":"Kayambi","PARTOF":"Kayambi","BORDERPRECISION":"1"},"bbox":[-78.416,-0.188,-77.973,0.216],"geometry":{"type":"MultiPolygon","coordinates":[[[[-78.213,0.216],[-77.973,0.153],[-78.089,-0.188],[-78.265,-0.172],[-78.416,0.026],[-78.213,0.216]]]]}},{"type":"Feature","properties":{"NAME":"Croatan","SUBJECTO":"Croatan","PARTOF":"Croatan","BORDERPRECISION":"1"},"bbox":[-75.813,35.666,-75.729,35.938],"geometry":{"type":"MultiPolygon","coordinates":[[[[-75.729,35.882],[-75.763,35.666],[-75.813,35.938],[-75.729,35.882]]]]}},{"type":"Feature","properties":{"NAME":"Enawenê-nawê","SUBJECTO":"Enawenê-nawê","PARTOF":"Enawenê-nawê","BORDERPRECISION":"1"},"bbox":[-59.913,-12.675,-58.446,-11.697],"geometry":{"type":"MultiPolygon","coordinates":[[[[-59.913,-12.675],[-59.698,-12.334],[-59.733,-12.14],[-59.469,-12.03],[-59.233,-11.697],[-58.92,-11.969],[-58.611,-12.021],[-58.446,-11.921],[-58.512,-12.42],[-58.77,-12.647],[-58.94,-12.656],[-58.898,-12.216],[-59.913,-12.675]]]]}},{"type":"Feature","properties":{"NAME":"Quw'utsun","SUBJECTO":"Quw'utsun","PARTOF":"Quw'utsun","BORDERPRECISION":"1"},"bbox":[-124.606,48.56,-123.645,49.135],"geometry":{"type":"MultiPolygon","coordinates":[[[[-123.645,48.818],[-123.653,48.56],[-123.841,48.575],[-124.606,48.959],[-124.535,49.129],[-123.847,49.135],[-123.645,48.818]]]]}},{"type":"Feature","properties":{"NAME":"Rikbaktsá","SUBJECTO":"Rikbaktsá","PARTOF":"Rikbaktsá","BORDERPRECISION":"1"},"bbox":[-59.57,-12.234,-57.52,-8.53],"geometry":{"type":"MultiPolygon","coordinates":[[[[-58.526,-11.98],[-58.948,-11.773],[-59.1,-11.302],[-59.57,-10.765],[-59.564,-9.539],[-59.097,-8.53],[-58.198,-9.264],[-57.744,-10.224],[-57.882,-10.677],[-57.641,-11.083],[-57.52,-11.921],[-57.881,-12.234],[-58.526,-11.98]]]]}},{"type":"Feature","properties":{"NAME":"Pueblos","SUBJECTO":"Pueblos","PARTOF":"Pueblos","BORDERPRECISION":"1"},"bbox":[-113.985,33.087,-104.118,38.389],"geometry":{"type":"MultiPolygon","coordinates":[[[[-111.199,37.989],[-109.969,38.155],[-109.415,38.389],[-108.396,38.121],[-107.604,38.151],[-106.141,37.592],[-105.854,37.364],[-104.473,37.136],[-104.22,37.021],[-104.118,36.742],[-104.263,36.391],[-105.544,35.063],[-105.758,34.318],[-106.093,33.803],[-106.952,33.326],[-108.18,33.087],[-110.285,33.167],[-111.24,33.427],[-111.909,34.26],[-112.1,35.629],[-113.747,36.555],[-113.985,37.066],[-113.985,37.225],[-113.528,37.475],[-111.199,37.989]]]]}},{"type":"Feature","properties":{"NAME":"Nambikwara","SUBJECTO":"Nambikwara","PARTOF":"Nambikwara","BORDERPRECISION":"1"},"bbox":[-61.396,-14.967,-58.872,-11.248],"geometry":{"type":"MultiPolygon","coordinates":[[[[-60.1,-12.59],[-59.754,-12.628],[-58.872,-12.216],[-58.931,-12.636],[-59.328,-13.353],[-59.471,-14.967],[-60.001,-14.86],[-60.996,-12.066],[-61.396,-11.367],[-61.045,-11.248],[-60.511,-11.285],[-60.323,-12.194],[-60.1,-12.59]]]]}},{"type":"Feature","properties":{"NAME":"Wasco and Wishram","SUBJECTO":"Wasco and Wishram","PARTOF":"Wasco and Wishram","BORDERPRECISION":"1"},"bbox":[-121.63,45.286,-120.901,45.903],"geometry":{"type":"MultiPolygon","coordinates":[[[[-121.409,45.903],[-121.008,45.852],[-120.901,45.709],[-120.945,45.392],[-121.291,45.286],[-121.63,45.37],[-121.589,45.823],[-121.409,45.903]]]]}},{"type":"Feature","properties":{"NAME":"Kaimbé","SUBJECTO":"Kaimbé","PARTOF":"Kaimbé","BORDERPRECISION":"1"},"bbox":[-38.852,-10.49,-38.734,-10.374],"geometry":{"type":"MultiPolygon","coordinates":[[[[-38.852,-10.401],[-38.749,-10.374],[-38.734,-10.49],[-38.852,-10.401]]]]}},{"type":"Feature","properties":{"NAME":"Pamlico (Pomouik)","SUBJECTO":"Pamlico (Pomouik)","PARTOF":"Pamlico (Pomouik)","BORDERPRECISION":"1"},"bbox":[-77.514,34.948,-76.524,35.604],"geometry":{"type":"MultiPolygon","coordinates":[[[[-76.524,35.35],[-76.779,35.038],[-77.063,35.207],[-76.954,35.029],[-77.514,35.448],[-77.408,35.604],[-77.193,35.604],[-76.524,35.35]]],[[[-76.76,34.955],[-76.59,35.029],[-76.768,34.948],[-76.953,35.029],[-76.76,34.955]]]]}},{"type":"Feature","properties":{"NAME":"Tāłtān Konelīne (Tahltan)","SUBJECTO":"Tāłtān Konelīne (Tahltan)","PARTOF":"Tāłtān Konelīne (Tahltan)","BORDERPRECISION":"1"},"bbox":[-133.412,56.363,-126.636,60.239],"geometry":{"type":"MultiPolygon","coordinates":[[[[-132.043,57.046],[-132.363,57.093],[-132.249,57.21],[-132.362,57.348],[-133.412,58.335],[-131.375,59.745],[-130.592,60.078],[-129.818,60.239],[-129.178,60.214],[-130.362,59.388],[-130.386,59.221],[-130.034,58.961],[-129.155,58.711],[-128.276,58.723],[-128.21,58.574],[-127.859,58.494],[-127.595,58.089],[-127.24,57.861],[-126.795,57.83],[-127.002,57.638],[-126.636,57.3],[-126.93,57.147],[-126.862,56.994],[-126.982,56.871],[-127.308,56.787],[-128.678,56.729],[-128.845,56.874],[-129.168,56.754],[-129.395,56.431],[-130.204,56.582],[-130.78,56.363],[-131.835,56.601],[-131.881,56.808],[-132.118,56.876],[-132.043,57.046]]]]}},{"type":"Feature","properties":{"NAME":"Canela Apanyekrá","SUBJECTO":"Canela Apanyekrá","PARTOF":"Canela Apanyekrá","BORDERPRECISION":"1"},"bbox":[-45.916,-6.599,-45.27,-6.013],"geometry":{"type":"MultiPolygon","coordinates":[[[[-45.776,-6.013],[-45.27,-6.018],[-45.45,-6.423],[-45.809,-6.599],[-45.916,-6.271],[-45.776,-6.013]]]]}},{"type":"Feature","properties":{"NAME":"Kitasoo/Xai'xais","SUBJECTO":"Kitasoo/Xai'xais","PARTOF":"Kitasoo/Xai'xais","BORDERPRECISION":"1"},"bbox":[-128.716,52.696,-127.72,53.237],"geometry":{"type":"MultiPolygon","coordinates":[[[[-128.077,52.939],[-128.432,52.939],[-128.716,53.237],[-128.212,53.229],[-128.174,53.067],[-127.72,52.717],[-128.067,52.696],[-128.077,52.939]]]]}},{"type":"Feature","properties":{"NAME":"Nükak Makü","SUBJECTO":"Nükak Makü","PARTOF":"Nükak Makü","BORDERPRECISION":"1"},"bbox":[-72.507,2.109,-70.505,2.916],"geometry":{"type":"MultiPolygon","coordinates":[[[[-70.505,2.245],[-71.202,2.175],[-71.314,2.303],[-71.569,2.132],[-71.785,2.259],[-72.38,2.109],[-72.507,2.248],[-72.258,2.632],[-71.775,2.656],[-71.227,2.916],[-70.538,2.831],[-70.505,2.245]]]]}},{"type":"Feature","properties":{"NAME":"Tetlit Gwich’in","SUBJECTO":"Tetlit Gwich’in","PARTOF":"Tetlit Gwich’in","BORDERPRECISION":"1"},"bbox":[-137.944,65.449,-132.231,67.942],"geometry":{"type":"MultiPolygon","coordinates":[[[[-137.175,67.942],[-136.252,67.601],[-136.099,67.238],[-136.208,67.025],[-133.967,66.999],[-134.033,66.913],[-133.528,66.557],[-133.813,66.355],[-133.55,66.196],[-133.66,66.054],[-133.594,65.973],[-132.451,66.018],[-132.495,65.866],[-132.231,65.54],[-137.747,65.449],[-137.944,65.866],[-137.307,66.134],[-137.219,66.364],[-137.373,66.852],[-137.285,67.016],[-137.483,67.247],[-137.329,67.643],[-137.747,67.801],[-137.175,67.942]]]]}},{"type":"Feature","properties":{"NAME":"Chelamela","SUBJECTO":"Chelamela","PARTOF":"Chelamela","BORDERPRECISION":"1"},"bbox":[-123.579,44.016,-122.926,44.49],"geometry":{"type":"MultiPolygon","coordinates":[[[[-122.926,44.016],[-123.49,44.053],[-123.579,44.19],[-123.211,44.49],[-123.09,44.061],[-122.926,44.016]]]]}},{"type":"Feature","properties":{"NAME":"Anambé","SUBJECTO":"Anambé","PARTOF":"Anambé","BORDERPRECISION":"1"},"bbox":[-50.311,-3.462,-49.245,-2.824],"geometry":{"type":"MultiPolygon","coordinates":[[[[-50.311,-3.195],[-49.245,-2.824],[-50.076,-3.099],[-50.051,-3.462],[-50.295,-3.438],[-50.311,-3.195]]]]}},{"type":"Feature","properties":{"NAME":"Halíti","SUBJECTO":"Halíti","PARTOF":"Halíti","BORDERPRECISION":"1"},"bbox":[-59.312,-15.132,-56.29,-12.93],"geometry":{"type":"MultiPolygon","coordinates":[[[[-57.227,-15.097],[-58.158,-15.132],[-58.56,-15.018],[-59.312,-14.504],[-59.044,-13.997],[-58.649,-13.968],[-58.478,-13.722],[-58.285,-12.93],[-57.881,-13.735],[-56.916,-13.508],[-56.406,-13.643],[-56.29,-14.066],[-56.382,-14.342],[-57.008,-15.059],[-57.227,-15.097]]]]}},{"type":"Feature","properties":{"NAME":"Xinca","SUBJECTO":"Xinca","PARTOF":"Xinca","BORDERPRECISION":"1"},"bbox":[-90.961,13.699,-89.528,14.463],"geometry":{"type":"MultiPolygon","coordinates":[[[[-90.105,13.753],[-90.621,13.952],[-90.961,13.94],[-90.917,14.393],[-90.144,14.463],[-89.573,14.344],[-89.528,14.223],[-89.927,14.013],[-90.014,13.699],[-90.105,13.753]]]]}},{"type":"Feature","properties":{"NAME":"Tulalip","SUBJECTO":"Tulalip","PARTOF":"Tulalip","BORDERPRECISION":"1"},"bbox":[-122.544,47.391,-121.051,48.463],"geometry":{"type":"MultiPolygon","coordinates":[[[[-122.5,47.596],[-122.374,48.262],[-121.865,48.463],[-121.598,48.421],[-121.595,48.184],[-121.13,47.98],[-121.051,47.813],[-121.126,47.542],[-121.474,47.391],[-121.912,47.584],[-122.141,47.921],[-122.307,47.95],[-122.399,47.516],[-122.544,47.524],[-122.5,47.596]]]]}},{"type":"Feature","properties":{"NAME":"Waípinõmakã (Bará)","SUBJECTO":"Waípinõmakã (Bará)","PARTOF":"Waípinõmakã (Bará)","BORDERPRECISION":"1"},"bbox":[-70.456,-0.148,-69.49,0.844],"geometry":{"type":"MultiPolygon","coordinates":[[[[-70.36,0.082],[-70.456,0.386],[-70.353,0.594],[-69.963,0.844],[-69.701,0.808],[-69.49,0.231],[-69.595,0.046],[-70.159,-0.148],[-70.36,0.082]]]]}},{"type":"Feature","properties":{"NAME":"Matetamãe/Cinta Larga","SUBJECTO":"Matetamãe/Cinta Larga","PARTOF":"Matetamãe/Cinta Larga","BORDERPRECISION":"1"},"bbox":[-60.529,-11.834,-58.335,-10.412],"geometry":{"type":"MultiPolygon","coordinates":[[[[-58.355,-10.749],[-58.335,-11.401],[-59.389,-11.826],[-59.838,-11.834],[-60.367,-11.502],[-60.529,-11.106],[-60.517,-10.612],[-60.257,-10.45],[-59.859,-10.412],[-58.355,-10.749]]]]}},{"type":"Feature","properties":{"NAME":"Cow Creek Umpqua","SUBJECTO":"Cow Creek Umpqua","PARTOF":"Cow Creek Umpqua","BORDERPRECISION":"1"},"bbox":[-124.197,41.855,-121.979,43.847],"geometry":{"type":"MultiPolygon","coordinates":[[[[-123.897,42.817],[-123.821,43.075],[-123.562,43.285],[-123.864,43.535],[-123.886,43.66],[-123.747,43.725],[-123.137,43.847],[-121.979,43.276],[-122.165,42.953],[-122.229,42.255],[-122.78,42.067],[-122.847,41.925],[-123.29,42.008],[-123.565,41.855],[-123.778,41.992],[-123.881,42.324],[-124.197,42.398],[-124.07,42.554],[-124.156,42.682],[-123.897,42.817]]]]}},{"type":"Feature","properties":{"NAME":"Arara of Volta Grande","SUBJECTO":"Arara of Volta Grande","PARTOF":"Arara of Volta Grande","BORDERPRECISION":"1"},"bbox":[-51.76,-3.663,-51.569,-3.526],"geometry":{"type":"MultiPolygon","coordinates":[[[[-51.569,-3.659],[-51.746,-3.663],[-51.76,-3.526],[-51.569,-3.659]]]]}},{"type":"Feature","properties":{"NAME":"Wateree","SUBJECTO":"Wateree","PARTOF":"Wateree","BORDERPRECISION":"1"},"bbox":[-80.825,33.684,-79.956,34.228],"geometry":{"type":"MultiPolygon","coordinates":[[[[-80.625,34.228],[-80.071,34.207],[-79.956,33.684],[-80.778,33.752],[-80.825,34.2],[-80.625,34.228]]]]}},{"type":"Feature","properties":{"NAME":"Tillamook","SUBJECTO":"Tillamook","PARTOF":"Tillamook","BORDERPRECISION":"1"},"bbox":[-123.981,45.303,-123.269,45.691],"geometry":{"type":"MultiPolygon","coordinates":[[[[-123.981,45.362],[-123.96,45.691],[-123.269,45.607],[-123.355,45.303],[-123.981,45.362]]]]}},{"type":"Feature","properties":{"NAME":"Kitanemuk","SUBJECTO":"Kitanemuk","PARTOF":"Kitanemuk","BORDERPRECISION":"1"},"bbox":[-118.894,34.832,-117.751,35.398],"geometry":{"type":"MultiPolygon","coordinates":[[[[-118.674,35.398],[-118.455,35.129],[-117.751,35.021],[-117.817,34.832],[-118.411,34.859],[-118.894,35.048],[-118.839,35.317],[-118.674,35.398]]]]}},{"type":"Feature","properties":{"NAME":"Taos Pueblo","SUBJECTO":"Taos Pueblo","PARTOF":"Taos Pueblo","BORDERPRECISION":"1"},"bbox":[-105.731,36.338,-105.323,36.529],"geometry":{"type":"MultiPolygon","coordinates":[[[[-105.556,36.401],[-105.73,36.338],[-105.731,36.485],[-105.636,36.397],[-105.639,36.529],[-105.323,36.493],[-105.556,36.401]]]]}},{"type":"Feature","properties":{"NAME":"Nunavik","SUBJECTO":"Nunavik","PARTOF":"Nunavik","BORDERPRECISION":"1"},"bbox":[-78.93,54.317,-63.237,62.517],"geometry":{"type":"MultiPolygon","coordinates":[[[[-78.589,54.922],[-77.234,55.607],[-76.764,56.027],[-76.463,56.571],[-76.555,57.28],[-76.772,57.663],[-78.469,58.709],[-78.042,58.993],[-77.662,59.574],[-77.215,59.748],[-77.507,60.415],[-77.388,60.694],[-78.176,60.742],[-77.462,61.473],[-77.985,61.859],[-78.005,62.099],[-77.868,62.29],[-77.362,62.517],[-75.356,62.182],[-73.395,62.355],[-71.724,61.547],[-71.856,61.371],[-71.673,61.266],[-70.028,60.883],[-69.536,60.989],[-69.384,60.856],[-69.389,60.674],[-69.649,60.52],[-69.704,60.318],[-69.365,59.051],[-69.832,58.988],[-69.894,58.684],[-69.726,58.561],[-69.214,58.748],[-68.569,58.783],[-68.095,58.481],[-68.005,58.166],[-66.821,58.388],[-66.475,58.808],[-66.241,58.746],[-65.929,58.424],[-65.719,59.057],[-65.263,59.348],[-65.555,59.576],[-65.552,59.714],[-64.988,59.819],[-64.671,60.181],[-64.582,60.132],[-64.204,58.171],[-63.545,57.421],[-63.237,54.648],[-64.028,54.521],[-65.566,54.699],[-66.138,54.317],[-67.192,54.521],[-67.896,54.368],[-74.224,54.75],[-78.93,54.828],[-78.589,54.922]]]]}},{"type":"Feature","properties":{"NAME":"Sac and Fox (Oklahoma)","SUBJECTO":"Sac and Fox (Oklahoma)","PARTOF":"Sac and Fox (Oklahoma)","BORDERPRECISION":"1"},"bbox":[-96.93,35.316,-96.623,36.047],"geometry":{"type":"MultiPolygon","coordinates":[[[[-96.623,36.047],[-96.624,35.401],[-96.845,35.431],[-96.93,35.316],[-96.909,36.027],[-96.623,36.047]]]]}},{"type":"Feature","properties":{"NAME":"Sahtu Dene and Metis","SUBJECTO":"Sahtu Dene and Metis","PARTOF":"Sahtu Dene and Metis","BORDERPRECISION":"1"},"bbox":[-132.539,61.27,-116.587,67.751],"geometry":{"type":"MultiPolygon","coordinates":[[[[-120.762,67.626],[-116.587,66.426],[-118.608,65.64],[-119.355,65.749],[-119.971,65.513],[-119.312,65.22],[-120.234,65.128],[-120.762,64.886],[-123.75,62.227],[-125.112,62.124],[-126.562,61.544],[-126.914,61.27],[-127.178,61.523],[-127.705,61.648],[-128.584,62.124],[-129.199,62.166],[-129.551,63.035],[-129.99,63.273],[-129.946,63.744],[-131.089,64.397],[-132.1,64.699],[-132.539,65.349],[-132.275,65.821],[-131.836,66.214],[-132.187,66.861],[-132.056,67.093],[-131.506,67.17],[-130.847,67.751],[-120.762,67.626]]]]}},{"type":"Feature","properties":{"NAME":"Sanavirones","SUBJECTO":"Sanavirones","PARTOF":"Sanavirones","BORDERPRECISION":"1"},"bbox":[-63.818,-31.497,-61.484,-28.9],"geometry":{"type":"MultiPolygon","coordinates":[[[[-61.858,-29.031],[-61.522,-29.633],[-61.484,-30.312],[-61.634,-30.923],[-61.82,-31.147],[-62.642,-31.481],[-63.388,-31.497],[-63.818,-30.939],[-63.687,-29.941],[-63.426,-29.438],[-63.239,-29.21],[-62.66,-28.917],[-62.119,-28.9],[-61.858,-29.031]]]]}},{"type":"Feature","properties":{"NAME":"Apiaká","SUBJECTO":"Apiaká","PARTOF":"Apiaká","BORDERPRECISION":"1"},"bbox":[-58.842,-11.172,-56.523,-7.415],"geometry":{"type":"MultiPolygon","coordinates":[[[[-57.112,-11.052],[-57.957,-11.172],[-58.238,-11.009],[-58.377,-10.673],[-58.208,-9.864],[-58.255,-9.507],[-58.634,-9.253],[-58.44,-8.709],[-58.742,-8.432],[-58.842,-8.119],[-58.775,-7.761],[-58.353,-7.415],[-58.018,-7.431],[-57.611,-8.231],[-56.91,-8.552],[-56.688,-8.843],[-56.523,-10.073],[-56.601,-10.428],[-57.112,-11.052]]]]}},{"type":"Feature","properties":{"NAME":"Palouse","SUBJECTO":"Palouse","PARTOF":"Palouse","BORDERPRECISION":"1"},"bbox":[-119.465,46.165,-116.719,47.488],"geometry":{"type":"MultiPolygon","coordinates":[[[[-117.751,47.488],[-117.29,47.309],[-116.785,46.875],[-116.719,46.634],[-117.795,46.332],[-118.257,46.589],[-118.674,46.483],[-119.158,46.165],[-119.465,46.71],[-119.224,46.98],[-118.608,47.085],[-117.751,47.488]]]]}},{"type":"Feature","properties":{"NAME":"Tenetehara (Tembé)","SUBJECTO":"Tenetehara (Tembé)","PARTOF":"Tenetehara (Tembé)","BORDERPRECISION":"1"},"bbox":[-48.39,-3.166,-46.254,-2.04],"geometry":{"type":"MultiPolygon","coordinates":[[[[-48.263,-2.708],[-48.39,-2.245],[-47.751,-2.26],[-46.863,-2.04],[-46.304,-2.537],[-46.254,-2.844],[-46.292,-3.032],[-46.54,-3.166],[-48.263,-2.708]]]]}},{"type":"Feature","properties":{"NAME":"Kalapalo","SUBJECTO":"Kalapalo","PARTOF":"Kalapalo","BORDERPRECISION":"1"},"bbox":[-53.033,-13.417,-52.803,-12.807],"geometry":{"type":"MultiPolygon","coordinates":[[[[-52.84,-12.807],[-52.803,-13.269],[-53.015,-13.417],[-53.033,-13.033],[-52.84,-12.807]]]]}},{"type":"Feature","properties":{"NAME":"Tanana","SUBJECTO":"Tanana","PARTOF":"Tanana","BORDERPRECISION":"1"},"bbox":[-151.227,63.117,-143.353,65.771],"geometry":{"type":"MultiPolygon","coordinates":[[[[-150.4,63.117],[-151.068,63.605],[-151.227,64.059],[-151.132,64.287],[-150.086,65.179],[-148.972,65.61],[-146.959,65.771],[-145.575,65.588],[-144.624,65.351],[-143.353,64.561],[-144.26,64.529],[-144.992,64.031],[-145.839,63.682],[-146.024,63.444],[-148.221,63.385],[-150.4,63.117]]]]}},{"type":"Feature","properties":{"NAME":"ɬaʔamɩn gɩǰɛ (Tla'amin/Sliammon)","SUBJECTO":"ɬaʔamɩn gɩǰɛ (Tla'amin/Sliammon)","PARTOF":"ɬaʔamɩn gɩǰɛ (Tla'amin/Sliammon)","BORDERPRECISION":"1"},"bbox":[-125.11,49.445,-124.063,50.402],"geometry":{"type":"MultiPolygon","coordinates":[[[[-124.15,49.931],[-124.471,49.813],[-124.827,50.179],[-124.687,50.333],[-124.225,50.402],[-124.063,50.179],[-124.15,49.931]]],[[[-124.881,49.576],[-124.582,49.445],[-125.03,49.589],[-125.11,49.817],[-124.881,49.576]]]]}},{"type":"Feature","properties":{"NAME":"Confederated Tribes of Siletz Indians","SUBJECTO":"Confederated Tribes of Siletz Indians","PARTOF":"Confederated Tribes of Siletz Indians","BORDERPRECISION":"1"},"bbox":[-124.603,40.897,-120.991,46.706],"geometry":{"type":"MultiPolygon","coordinates":[[[[-124.249,41.934],[-124.603,42.855],[-124.473,43.258],[-124.137,43.666],[-124.248,43.84],[-123.995,45.764],[-124.054,46.29],[-123.787,46.298],[-124.115,46.357],[-122.294,46.341],[-121.945,46.388],[-121.59,46.706],[-121.105,46.66],[-120.991,46.051],[-121.159,45.189],[-121.056,44.879],[-121.326,44.486],[-121.235,44.294],[-121.315,44.053],[-121.798,43.413],[-122.115,42.014],[-122.034,41.66],[-122.181,41.415],[-122.062,41.114],[-122.325,40.897],[-122.531,40.974],[-122.642,41.239],[-122.966,41.03],[-123.401,41.027],[-123.448,41.198],[-123.133,41.445],[-123.466,42.008],[-123.624,41.893],[-123.692,41.604],[-123.87,41.52],[-124.171,41.646],[-124.249,41.934]]]]}},{"type":"Feature","properties":{"NAME":"Parikwene","SUBJECTO":"Parikwene","PARTOF":"Parikwene","BORDERPRECISION":"1"},"bbox":[-51.742,3.103,-51.208,4.016],"geometry":{"type":"MultiPolygon","coordinates":[[[[-51.742,3.85],[-51.432,4.016],[-51.265,3.756],[-51.208,3.467],[-51.334,3.151],[-51.579,3.103],[-51.722,3.225],[-51.742,3.85]]]]}},{"type":"Feature","properties":{"NAME":"Pit River","SUBJECTO":"Pit River","PARTOF":"Pit River","BORDERPRECISION":"1"},"bbox":[-122.28,40.466,-120.11,41.889],"geometry":{"type":"MultiPolygon","coordinates":[[[[-120.612,41.889],[-120.217,41.83],[-120.296,41.618],[-120.11,41.176],[-120.386,40.932],[-120.276,40.789],[-120.331,40.637],[-120.671,40.469],[-121.406,40.466],[-121.769,40.619],[-122.036,40.921],[-122.008,41.187],[-122.28,41.484],[-120.833,41.712],[-120.612,41.889]]]]}},{"type":"Feature","properties":{"NAME":"Arapaho","SUBJECTO":"Arapaho","PARTOF":"Arapaho","BORDERPRECISION":"1"},"bbox":[-107.254,35.246,-100.02,43.549],"geometry":{"type":"MultiPolygon","coordinates":[[[[-102.349,41.311],[-101.382,41.146],[-100.415,40.112],[-100.02,39.062],[-100.107,38.411],[-100.547,37.02],[-101.338,36.668],[-103.008,35.461],[-103.579,35.246],[-103.228,36.138],[-103.403,36.844],[-104.062,36.95],[-104.546,37.195],[-103.887,37.962],[-104.185,39.049],[-106.53,41.016],[-107.099,41.8],[-107.254,42.576],[-106.921,43.41],[-105.425,43.549],[-103.711,42.908],[-103.096,42.229],[-102.876,41.739],[-102.349,41.311]]]]}},{"type":"Feature","properties":{"NAME":"Hupd'äh","SUBJECTO":"Hupd'äh","PARTOF":"Hupd'äh","BORDERPRECISION":"1"},"bbox":[-70.208,0.239,-69.872,0.599],"geometry":{"type":"MultiPolygon","coordinates":[[[[-70.133,0.599],[-69.872,0.511],[-69.884,0.239],[-70.208,0.246],[-70.133,0.599]]]]}},{"type":"Feature","properties":{"NAME":"Wari’","SUBJECTO":"Wari’","PARTOF":"Wari’","BORDERPRECISION":"1"},"bbox":[-65.427,-12.025,-64.597,-10.214],"geometry":{"type":"MultiPolygon","coordinates":[[[[-65.246,-10.214],[-64.844,-10.265],[-64.597,-10.888],[-64.918,-12.025],[-65.037,-11.99],[-65.094,-11.705],[-65.259,-11.713],[-65.213,-11.531],[-65.362,-11.244],[-65.251,-10.986],[-65.427,-10.477],[-65.246,-10.214]]]]}},{"type":"Feature","properties":{"NAME":"Skwxwú7mesh-ulh Temíx̱w (Squamish)","SUBJECTO":"Skwxwú7mesh-ulh Temíx̱w (Squamish)","PARTOF":"Skwxwú7mesh-ulh Temíx̱w (Squamish)","BORDERPRECISION":"1"},"bbox":[-123.975,49.248,-122.662,50.499],"geometry":{"type":"MultiPolygon","coordinates":[[[[-123.172,49.248],[-123.212,49.625],[-123.617,49.519],[-123.344,49.685],[-123.349,49.845],[-123.591,49.923],[-123.618,50.166],[-123.975,50.499],[-123.468,50.481],[-122.662,49.997],[-122.882,49.753],[-122.813,49.258],[-123.172,49.248]]]]}},{"type":"Feature","properties":{"NAME":"S’ólh Téméxw (Stó:lō)","SUBJECTO":"S’ólh Téméxw (Stó:lō)","PARTOF":"S’ólh Téméxw (Stó:lō)","BORDERPRECISION":"1"},"bbox":[-123.233,49.003,-120.808,49.946],"geometry":{"type":"MultiPolygon","coordinates":[[[[-122.9,49.067],[-123.233,49.396],[-123.03,49.639],[-122.831,49.616],[-122.945,49.917],[-122.435,49.748],[-122.425,49.863],[-122.197,49.838],[-122.264,49.946],[-122.032,49.821],[-121.733,49.868],[-121.54,49.681],[-120.984,49.637],[-121.079,49.388],[-120.808,49.299],[-120.926,49.103],[-120.843,49.003],[-122.9,49.067]]]]}},{"type":"Feature","properties":{"NAME":"Timotes","SUBJECTO":"Timotes","PARTOF":"Timotes","BORDERPRECISION":"1"},"bbox":[-72.547,7.305,-70.249,9.135],"geometry":{"type":"MultiPolygon","coordinates":[[[[-71.899,8.613],[-70.93,9.135],[-70.309,9.094],[-70.249,8.975],[-70.518,8.384],[-71.311,7.658],[-72.174,7.305],[-72.448,7.359],[-72.547,7.633],[-72.458,8.214],[-71.899,8.613]]]]}},{"type":"Feature","properties":{"NAME":"Lower Chinook","SUBJECTO":"Lower Chinook","PARTOF":"Lower Chinook","BORDERPRECISION":"1"},"bbox":[-124.063,46.231,-123.688,46.407],"geometry":{"type":"MultiPolygon","coordinates":[[[[-124.052,46.264],[-123.787,46.298],[-124.063,46.407],[-123.688,46.371],[-123.832,46.231],[-124.052,46.264]]]]}},{"type":"Feature","properties":{"NAME":"Gitxaała","SUBJECTO":"Gitxaała","PARTOF":"Gitxaała","BORDERPRECISION":"1"},"bbox":[-130.256,53.159,-128.5,54.344],"geometry":{"type":"MultiPolygon","coordinates":[[[[-128.889,53.418],[-128.825,53.596],[-128.5,53.407],[-128.547,53.225],[-128.642,53.159],[-128.889,53.418]]],[[[-129.06,53.739],[-129.434,53.518],[-130.004,53.938],[-130.256,54.329],[-129.775,54.237],[-129.291,54.344],[-129.324,53.902],[-129.06,53.739]]]]}},{"type":"Feature","properties":{"NAME":"Yaruro/Pumé","SUBJECTO":"Yaruro/Pumé","PARTOF":"Yaruro/Pumé","BORDERPRECISION":"1"},"bbox":[-70.457,5.579,-66.715,7.814],"geometry":{"type":"MultiPolygon","coordinates":[[[[-70.375,6.233],[-69.979,6.963],[-68.452,7.754],[-68.104,7.814],[-67.522,7.728],[-66.805,6.881],[-66.715,6.481],[-66.808,6.173],[-66.984,6.074],[-67.88,6.425],[-69.223,6.332],[-69.91,5.7],[-70.219,5.579],[-70.457,5.787],[-70.375,6.233]]]]}},{"type":"Feature","properties":{"NAME":"Movima","SUBJECTO":"Movima","PARTOF":"Movima","BORDERPRECISION":"1"},"bbox":[-66.718,-14.417,-64.901,-12.502],"geometry":{"type":"MultiPolygon","coordinates":[[[[-66.486,-12.84],[-65.849,-12.511],[-65.569,-12.502],[-65.155,-12.76],[-64.901,-13.167],[-64.902,-13.547],[-65.235,-14.32],[-65.911,-14.417],[-66.446,-14.135],[-66.718,-13.272],[-66.486,-12.84]]]]}},{"type":"Feature","properties":{"NAME":"Inuvialuit","SUBJECTO":"Inuvialuit","PARTOF":"Inuvialuit","BORDERPRECISION":"1"},"bbox":[-141.322,68.008,-109.336,78.003],"geometry":{"type":"MultiPolygon","coordinates":[[[[-117.568,69.992],[-116.214,70.232],[-111.544,70.325],[-113.764,70.737],[-117.761,70.722],[-118.503,70.96],[-118.499,71.053],[-115.742,71.299],[-115.517,71.423],[-115.693,71.579],[-117.491,71.498],[-118.338,71.824],[-118.968,71.909],[-118.986,72.034],[-118.399,72.476],[-116.643,73.001],[-114.647,73.355],[-114.185,73.244],[-114.463,72.989],[-114.473,72.625],[-112.839,72.953],[-111.641,72.725],[-111.726,72.331],[-110.079,72.562],[-110.525,72.997],[-109.766,72.937],[-109.336,70.554],[-110.918,70.14],[-117.568,69.992]]],[[[-110.088,74.917],[-112.203,74.5],[-113.106,74.514],[-114.093,74.674],[-114.217,74.845],[-111.367,75.104],[-111.15,75.353],[-112.811,75.416],[-115.186,75.154],[-115.942,75.31],[-116.572,75.201],[-117.397,75.407],[-116.998,75.649],[-115.15,75.757],[-116.15,75.935],[-116.296,76.238],[-114.372,76.47],[-113.549,76.133],[-112.574,76.161],[-111.386,75.66],[-109.779,75.634],[-109.93,74.945],[-110.088,74.917]]],[[[-109.776,76.275],[-110.382,76.435],[-109.523,76.802],[-109.65,76.223],[-109.776,76.275]]],[[[-119.307,72.648],[-119.768,72.394],[-120.454,72.299],[-120.424,71.883],[-120.546,71.656],[-120.843,71.53],[-121.936,71.505],[-122.574,71.146],[-123.468,71.199],[-124.072,71.735],[-125.617,71.99],[-125.904,72.155],[-125.181,72.431],[-125.145,72.605],[-125.341,72.969],[-124.882,73.049],[-124.01,73.721],[-124.909,74.444],[-121.239,74.58],[-119.557,74.163],[-117.336,74.167],[-115.654,73.633],[-118.104,73.118],[-119.307,72.648]]],[[[-141.161,69.599],[-139.901,69.571],[-137.729,69.016],[-136.203,68.876],[-135.61,68.704],[-135.496,68.719],[-136.015,69.147],[-136.044,69.336],[-135.439,69.526],[-133.648,69.507],[-133.002,69.758],[-131.446,69.966],[-130.712,70.205],[-129.849,70.151],[-130.208,69.915],[-132.303,69.487],[-132.618,69.252],[-133.413,69.137],[-133.72,68.918],[-132.69,68.462],[-132.789,68.709],[-132.713,68.867],[-132.175,68.981],[-131.673,69.276],[-130.896,69.3],[-129.943,69.643],[-129.013,69.72],[-127.726,70.188],[-128.416,70.686],[-127.352,70.38],[-126.618,69.679],[-125.455,69.333],[-125.188,69.409],[-125.418,69.697],[-125.386,69.818],[-124.707,69.941],[-124.534,69.782],[-124.6,69.463],[-124.225,69.403],[-123.803,69.434],[-122.835,69.891],[-120.544,69.496],[-120.41,68.204],[-136.582,68.008],[-136.582,68.657],[-140.977,68.657],[-141.322,69.639],[-141.161,69.599]]],[[[-112.396,78.003],[-109.661,77.95],[-110.62,77.537],[-112.764,77.551],[-113.024,77.602],[-113.16,77.792],[-113.01,77.923],[-112.396,78.003]]],[[[-117.863,76.438],[-118.253,76.879],[-118.565,76.947],[-118.736,76.938],[-119.387,76.375],[-120.1,75.978],[-120.454,75.952],[-121.311,76.296],[-122.282,76.151],[-122.763,76.42],[-122.659,76.539],[-121.578,76.702],[-119.696,77.313],[-117.226,77.413],[-116.359,77.578],[-115.682,77.381],[-116.406,77.234],[-116.505,77.113],[-116.24,76.78],[-117,76.728],[-117.413,76.43],[-117.863,76.438]]]]}},{"type":"Feature","properties":{"NAME":"Musgamagw Dzawada'enuxw","SUBJECTO":"Musgamagw Dzawada'enuxw","PARTOF":"Musgamagw Dzawada'enuxw","BORDERPRECISION":"1"},"bbox":[-126.632,50.749,-125.821,51.468],"geometry":{"type":"MultiPolygon","coordinates":[[[[-126.164,50.752],[-126.425,51.089],[-126.582,51.03],[-126.632,51.225],[-126.437,51.468],[-126.088,51.357],[-125.821,51.097],[-125.827,50.749],[-126.164,50.752]]]]}},{"type":"Feature","properties":{"NAME":"Muwekma","SUBJECTO":"Muwekma","PARTOF":"Muwekma","BORDERPRECISION":"1"},"bbox":[-122.558,37.053,-121.088,38.173],"geometry":{"type":"MultiPolygon","coordinates":[[[[-122.253,37.07],[-122.558,37.566],[-122.47,37.835],[-122.391,37.653],[-122.119,37.536],[-122.448,37.999],[-122.417,38.136],[-122.236,38.173],[-121.994,37.982],[-121.369,37.985],[-121.452,37.683],[-121.088,37.229],[-121.763,37.053],[-122.253,37.07]]]]}},{"type":"Feature","properties":{"NAME":"Uchucklesaht","SUBJECTO":"Uchucklesaht","PARTOF":"Uchucklesaht","BORDERPRECISION":"1"},"bbox":[-125.196,48.874,-124.803,49.132],"geometry":{"type":"MultiPolygon","coordinates":[[[[-125.196,48.874],[-125.029,49.132],[-124.803,48.979],[-125.196,48.874]]]]}},{"type":"Feature","properties":{"NAME":"Dënéndeh","SUBJECTO":"Dënéndeh","PARTOF":"Dënéndeh","BORDERPRECISION":"1"},"bbox":[-158.896,50.632,-94.378,68.964],"geometry":{"type":"MultiPolygon","coordinates":[[[[-130.003,55.289],[-130.546,54.91],[-130.773,55.066],[-130.695,55.465],[-131.191,56.035],[-132.256,55.85],[-132.279,56.132],[-132.101,56.349],[-132.871,57.016],[-133.4,57.219],[-133.341,57.377],[-133.641,57.739],[-133.505,57.897],[-134.83,58.561],[-135.309,59.347],[-135.469,59.34],[-135.515,58.973],[-135.3,58.374],[-135.738,58.47],[-136.148,58.903],[-136.939,58.943],[-136.356,58.524],[-137.085,58.447],[-137.577,58.604],[-138.446,59.162],[-139.2,59.277],[-139.785,59.518],[-139.307,59.706],[-139.573,59.9],[-140.133,59.767],[-140.905,59.786],[-141.385,59.897],[-141.439,60.091],[-141.586,60.14],[-142.425,60.02],[-144.053,60.051],[-144.518,60.141],[-145.003,60.552],[-145.493,60.384],[-145.89,60.515],[-145.265,60.895],[-145.238,61.189],[-146.063,61.511],[-146.584,61.54],[-148.068,61.28],[-148.493,61.064],[-148.474,60.865],[-148.967,60.465],[-151.466,59.205],[-151.865,59.191],[-151.448,59.538],[-151.783,59.995],[-151.415,60.254],[-151.16,60.66],[-150.437,60.906],[-149.317,60.929],[-150.311,61.314],[-150.781,61.292],[-152.878,60.279],[-152.899,59.896],[-153.976,59.519],[-154.282,59.249],[-154.298,59.117],[-154.172,59.062],[-154.947,59.25],[-157.907,63.236],[-158.791,64.64],[-158.896,65.476],[-158.158,66.511],[-156.599,67.567],[-154.056,68.547],[-151.431,68.905],[-149.462,68.964],[-141.093,67.785],[-137.919,67.589],[-132.317,67.761],[-126.318,68.185],[-123.149,67.868],[-121.946,67.642],[-119.502,66.914],[-116.5,66.625],[-112.066,65.78],[-109.418,65.053],[-106.375,64.95],[-101.208,64.231],[-100.405,63.789],[-99.846,62.959],[-98.03,61.994],[-96.248,61.294],[-94.378,60.79],[-94.753,59.95],[-94.8,59.514],[-94.684,58.878],[-94.455,58.738],[-97.785,58.108],[-102.603,57.849],[-104.384,57.022],[-105.893,55.958],[-106.871,55.486],[-107.43,54.928],[-108.547,54.787],[-109.035,55.068],[-109.978,56.808],[-111.583,58.033],[-112.726,58.381],[-114.131,58.184],[-114.592,57.938],[-116.185,56.014],[-117.026,55.53],[-118.53,55.052],[-119.731,54.404],[-119.825,54.126],[-119.41,53.66],[-119.246,53.186],[-119.521,52.964],[-120.109,52.63],[-122.271,52.332],[-122.263,51.929],[-122.4,51.8],[-122.234,51.297],[-121.167,51.08],[-121.787,50.632],[-123.621,50.709],[-123.617,50.96],[-124.058,51.013],[-124.533,51.362],[-124.802,51.279],[-124.883,51.573],[-125.702,52.059],[-125.978,51.891],[-126.301,52.438],[-125.934,52.698],[-126.518,52.897],[-127.789,53.634],[-127.885,54.17],[-126.915,55.736],[-127.082,56.098],[-127.071,56.594],[-127.193,56.721],[-127.81,56.693],[-128.702,56.858],[-129.435,56.538],[-130.1,56.617],[-130.663,56.445],[-130.614,56.272],[-130.066,56.073],[-130.126,55.556],[-130.003,55.289]]],[[[-133.281,56.232],[-132.633,55.9],[-132.664,55.614],[-133.093,55.447],[-133.271,55.621],[-133.266,55.831],[-133.518,56.211],[-133.281,56.232]]],[[[-135.147,57.599],[-135.822,57.756],[-135.816,57.454],[-136.596,57.905],[-136.3,58.18],[-135.325,58.093],[-135.147,57.599]]],[[[-135.002,57.326],[-134.764,56.794],[-134.946,56.454],[-135.484,57.332],[-135.441,57.428],[-135.002,57.326]]]]}},{"type":"Feature","properties":{"NAME":"Waranka","SUBJECTO":"Waranka","PARTOF":"Waranka","BORDERPRECISION":"1"},"bbox":[-79.235,-1.854,-78.867,-1.291],"geometry":{"type":"MultiPolygon","coordinates":[[[[-78.898,-1.459],[-78.867,-1.702],[-79.137,-1.854],[-79.235,-1.358],[-79.009,-1.291],[-78.898,-1.459]]]]}},{"type":"Feature","properties":{"NAME":"Apyãwa","SUBJECTO":"Apyãwa","PARTOF":"Apyãwa","BORDERPRECISION":"1"},"bbox":[-51.555,-11.014,-49.918,-9.133],"geometry":{"type":"MultiPolygon","coordinates":[[[[-50.602,-10.674],[-50.775,-10.651],[-51.313,-11.014],[-51.472,-10.923],[-51.555,-10.513],[-51.306,-9.659],[-51.098,-9.4],[-50.594,-9.133],[-50.047,-9.149],[-49.918,-9.396],[-49.939,-10.862],[-50.043,-10.967],[-50.367,-10.944],[-50.602,-10.674]]]]}},{"type":"Feature","properties":{"NAME":"Werowocomoco","SUBJECTO":"Werowocomoco","PARTOF":"Werowocomoco","BORDERPRECISION":"1"},"bbox":[-76.808,37.242,-76.342,37.561],"geometry":{"type":"MultiPolygon","coordinates":[[[[-76.431,37.426],[-76.384,37.332],[-76.481,37.323],[-76.76,37.561],[-76.431,37.426]]],[[[-76.598,37.349],[-76.342,37.251],[-76.497,37.242],[-76.808,37.541],[-76.598,37.349]]]]}},{"type":"Feature","properties":{"NAME":"Kisapincha","SUBJECTO":"Kisapincha","PARTOF":"Kisapincha","BORDERPRECISION":"1"},"bbox":[-78.808,-1.272,-78.67,-1.156],"geometry":{"type":"MultiPolygon","coordinates":[[[[-78.74,-1.272],[-78.808,-1.17],[-78.67,-1.156],[-78.74,-1.272]]]]}},{"type":"Feature","properties":{"NAME":"Mazahua","SUBJECTO":"Mazahua","PARTOF":"Mazahua","BORDERPRECISION":"1"},"bbox":[-100.541,19.052,-99.586,19.906],"geometry":{"type":"MultiPolygon","coordinates":[[[[-100.289,19.632],[-100.157,19.906],[-99.778,19.87],[-99.586,19.694],[-99.998,19.524],[-99.723,19.052],[-99.992,19.316],[-100.399,19.109],[-100.541,19.259],[-100.289,19.632]]]]}},{"type":"Feature","properties":{"NAME":"Chochenyo","SUBJECTO":"Chochenyo","PARTOF":"Chochenyo","BORDERPRECISION":"1"},"bbox":[-122.399,37.536,-121.597,38.013],"geometry":{"type":"MultiPolygon","coordinates":[[[[-122.119,37.536],[-122.399,38.013],[-121.597,37.649],[-122.119,37.536]]]]}},{"type":"Feature","properties":{"NAME":"Homalco","SUBJECTO":"Homalco","PARTOF":"Homalco","BORDERPRECISION":"1"},"bbox":[-125.57,49.452,-123.934,51.87],"geometry":{"type":"MultiPolygon","coordinates":[[[[-124.795,50.035],[-124.939,50.596],[-125.478,50.585],[-125.17,50.837],[-125.291,51.041],[-125.189,51.319],[-125.258,51.582],[-124.703,51.87],[-124.313,51.834],[-124.209,51.792],[-124.335,51.705],[-124.357,51.505],[-124.269,51.493],[-124.39,51.138],[-123.934,50.896],[-124.59,50.636],[-124.503,50.492],[-124.736,50.143],[-124.576,49.885],[-124.795,50.035]]],[[[-124.881,49.576],[-124.621,49.458],[-124.92,49.452],[-125.57,50.308],[-124.881,49.576]]]]}},{"type":"Feature","properties":{"NAME":"Kamejeya (Yukuna)","SUBJECTO":"Kamejeya (Yukuna)","PARTOF":"Kamejeya (Yukuna)","BORDERPRECISION":"1"},"bbox":[-70.413,-1.267,-69.657,-0.683],"geometry":{"type":"MultiPolygon","coordinates":[[[[-70.413,-1.057],[-69.916,-0.683],[-69.657,-0.748],[-70.128,-1.267],[-70.368,-1.249],[-70.413,-1.057]]]]}},{"type":"Feature","properties":{"NAME":"Nom Sus Wintu","SUBJECTO":"Nom Sus Wintu","PARTOF":"Nom Sus Wintu","BORDERPRECISION":"1"},"bbox":[-123.087,40.505,-122.446,41.385],"geometry":{"type":"MultiPolygon","coordinates":[[[[-122.481,41.385],[-122.446,41.047],[-122.73,40.73],[-122.698,40.606],[-122.903,40.505],[-123.087,40.753],[-123.062,40.934],[-122.884,41.186],[-122.481,41.385]]]]}},{"type":"Feature","properties":{"NAME":"Salish Kootenai (Flathead)","SUBJECTO":"Salish Kootenai (Flathead)","PARTOF":"Salish Kootenai (Flathead)","BORDERPRECISION":"1"},"bbox":[-113.884,44.864,-110.896,48.056],"geometry":{"type":"MultiPolygon","coordinates":[[[[-113.192,47.843],[-111.511,48.056],[-111.215,47.599],[-111.204,47.093],[-110.962,46.853],[-110.896,45.375],[-110.995,45.05],[-111.401,44.864],[-111.885,44.887],[-112.17,45.429],[-113.082,45.775],[-113.335,46.073],[-113.873,46.324],[-113.884,46.793],[-113.291,47.316],[-113.192,47.843]]]]}},{"type":"Feature","properties":{"NAME":"Sicangu","SUBJECTO":"Sicangu","PARTOF":"Sicangu","BORDERPRECISION":"1"},"bbox":[-103.11,41.476,-100.589,42.56],"geometry":{"type":"MultiPolygon","coordinates":[[[[-103.072,42.374],[-103.043,42.524],[-102.83,42.56],[-100.85,42.439],[-100.589,42.024],[-100.763,41.707],[-101.12,41.476],[-102.84,41.786],[-103.11,42.167],[-103.072,42.374]]]]}},{"type":"Feature","properties":{"NAME":"Mount Tabor Indian Community","SUBJECTO":"Mount Tabor Indian Community","PARTOF":"Mount Tabor Indian Community","BORDERPRECISION":"1"},"bbox":[-95.353,32.131,-94.792,32.437],"geometry":{"type":"MultiPolygon","coordinates":[[[[-94.945,32.437],[-94.808,32.436],[-94.792,32.135],[-95.35,32.131],[-95.353,32.428],[-94.945,32.437]]]]}},{"type":"Feature","properties":{"NAME":"Calicuas","SUBJECTO":"Calicuas","PARTOF":"Calicuas","BORDERPRECISION":"1"},"bbox":[-81.22,38.165,-79.633,39.459],"geometry":{"type":"MultiPolygon","coordinates":[[[[-80.838,39.311],[-80.383,39.459],[-79.714,39.198],[-79.633,38.815],[-79.912,38.28],[-80.221,38.165],[-81.084,38.557],[-81.22,38.999],[-80.838,39.311]]]]}},{"type":"Feature","properties":{"NAME":"Patwin","SUBJECTO":"Patwin","PARTOF":"Patwin","BORDERPRECISION":"1"},"bbox":[-122.849,38.043,-121.507,39.462],"geometry":{"type":"MultiPolygon","coordinates":[[[[-122.509,39.462],[-121.927,39.459],[-121.953,39.219],[-121.507,38.594],[-121.598,38.168],[-121.897,38.043],[-122.356,38.129],[-122.267,38.479],[-122.531,38.746],[-122.52,38.968],[-122.849,39.283],[-122.509,39.462]]]]}},{"type":"Feature","properties":{"NAME":"Wahkiakum","SUBJECTO":"Wahkiakum","PARTOF":"Wahkiakum","BORDERPRECISION":"1"},"bbox":[-123.715,46.146,-123.112,46.457],"geometry":{"type":"MultiPolygon","coordinates":[[[[-123.112,46.188],[-123.339,46.146],[-123.715,46.3],[-123.637,46.445],[-123.287,46.457],[-123.112,46.188]]]]}},{"type":"Feature","properties":{"NAME":"Tenino","SUBJECTO":"Tenino","PARTOF":"Tenino","BORDERPRECISION":"1"},"bbox":[-121.893,44.2,-119.847,45.712],"geometry":{"type":"MultiPolygon","coordinates":[[[[-120.171,45.712],[-119.899,45.188],[-119.847,44.58],[-120.875,44.496],[-121.89,44.2],[-121.893,45.219],[-121.349,45.336],[-121.067,45.653],[-120.171,45.712]]]]}},{"type":"Feature","properties":{"NAME":"Tontotuna (Totoró)","SUBJECTO":"Tontotuna (Totoró)","PARTOF":"Tontotuna (Totoró)","BORDERPRECISION":"1"},"bbox":[-76.484,2.365,-75.986,2.766],"geometry":{"type":"MultiPolygon","coordinates":[[[[-76.009,2.449],[-76.134,2.365],[-76.484,2.673],[-76.368,2.766],[-75.986,2.631],[-76.009,2.449]]]]}},{"type":"Feature","properties":{"NAME":"Coree","SUBJECTO":"Coree","PARTOF":"Coree","BORDERPRECISION":"1"},"bbox":[-77.81,34.363,-77.029,34.913],"geometry":{"type":"MultiPolygon","coordinates":[[[[-77.296,34.667],[-77.589,34.363],[-77.81,34.591],[-77.469,34.913],[-77.029,34.752],[-77.296,34.667]]]]}},{"type":"Feature","properties":{"NAME":"K’áálǫ Got’ine","SUBJECTO":"K’áálǫ Got’ine","PARTOF":"K’áálǫ Got’ine","BORDERPRECISION":"1"},"bbox":[-128.546,64.14,-121.289,66.627],"geometry":{"type":"MultiPolygon","coordinates":[[[[-125.24,66.339],[-124.09,65.817],[-123.294,65.122],[-121.729,64.983],[-121.399,64.855],[-121.289,64.644],[-121.454,64.289],[-122.003,64.14],[-123.516,64.175],[-124.927,64.899],[-127.139,65.38],[-128.467,65.966],[-128.546,66.152],[-127.858,66.463],[-126.839,66.627],[-125.91,66.625],[-125.401,66.508],[-125.24,66.339]]]]}},{"type":"Feature","properties":{"NAME":"Mebêngôkre (Kayapó)","SUBJECTO":"Mebêngôkre (Kayapó)","PARTOF":"Mebêngôkre (Kayapó)","BORDERPRECISION":"1"},"bbox":[-54.691,-9.907,-50.535,-6.859],"geometry":{"type":"MultiPolygon","coordinates":[[[[-54.402,-8.9],[-54.653,-8.543],[-54.691,-8.12],[-54.325,-7.879],[-53.97,-7.229],[-53.766,-7.122],[-51.916,-6.859],[-51.115,-6.87],[-50.696,-7.029],[-50.578,-7.274],[-50.535,-7.668],[-50.728,-8.115],[-51.136,-8.625],[-51.954,-9.237],[-52.24,-9.693],[-52.538,-9.7],[-52.871,-9.907],[-53.85,-9.649],[-53.854,-9.412],[-54.129,-9.099],[-54.033,-8.819],[-54.402,-8.9]]]]}},{"type":"Feature","properties":{"NAME":"Beaver","SUBJECTO":"Beaver","PARTOF":"Beaver","BORDERPRECISION":"1"},"bbox":[-125.345,55.009,-113.448,58.955],"geometry":{"type":"MultiPolygon","coordinates":[[[[-114.038,58.614],[-113.448,58.06],[-113.513,57.375],[-113.932,57.028],[-115.717,56.033],[-117.387,55.404],[-118.905,55.009],[-119.811,55.129],[-121.746,55.102],[-123.065,55.614],[-124.1,56.897],[-125.345,57.766],[-125.165,58.036],[-124.673,58.205],[-123.605,58.526],[-122.799,58.617],[-122.328,58.567],[-121.179,57.833],[-120.234,57.763],[-119.371,57.912],[-118.674,58.267],[-117.951,58.402],[-116.954,58.397],[-115.629,58.91],[-114.332,58.955],[-114.038,58.614]]]]}},{"type":"Feature","properties":{"NAME":"Molalla","SUBJECTO":"Molalla","PARTOF":"Molalla","BORDERPRECISION":"1"},"bbox":[-123.021,42.478,-121.352,45.325],"geometry":{"type":"MultiPolygon","coordinates":[[[[-122.539,45.325],[-121.352,45.201],[-121.799,44.191],[-121.619,43.949],[-121.615,43.358],[-121.83,43.198],[-122.202,42.478],[-122.396,42.775],[-122.912,43.003],[-122.878,43.437],[-123.021,43.614],[-122.59,43.899],[-122.523,44.401],[-122.714,45.077],[-122.539,45.325]]]]}},{"type":"Feature","properties":{"NAME":"Wichita-Caddo-Delaware (Oklahoma)","SUBJECTO":"Wichita-Caddo-Delaware (Oklahoma)","PARTOF":"Wichita-Caddo-Delaware (Oklahoma)","BORDERPRECISION":"1"},"bbox":[-98.66,35.085,-97.965,35.771],"geometry":{"type":"MultiPolygon","coordinates":[[[[-97.965,35.349],[-97.972,35.085],[-98.659,35.122],[-98.66,35.771],[-98.491,35.56],[-97.965,35.349]]]]}},{"type":"Feature","properties":{"NAME":"Sumas","SUBJECTO":"Sumas","PARTOF":"Sumas","BORDERPRECISION":"1"},"bbox":[-108.952,29.798,-104.039,31.801],"geometry":{"type":"MultiPolygon","coordinates":[[[[-108.685,30.09],[-108.952,30.361],[-108.869,30.558],[-107.633,31.414],[-106.506,31.801],[-105.991,31.775],[-104.924,31.224],[-104.076,30.952],[-104.039,30.803],[-104.123,30.173],[-104.284,29.939],[-104.776,29.798],[-106.258,30.196],[-107.918,29.951],[-108.685,30.09]]]]}},{"type":"Feature","properties":{"NAME":"Djeoromitxí","SUBJECTO":"Djeoromitxí","PARTOF":"Djeoromitxí","BORDERPRECISION":"1"},"bbox":[-62.808,-12.325,-62.012,-11.704],"geometry":{"type":"MultiPolygon","coordinates":[[[[-62.012,-11.875],[-62.557,-12.325],[-62.808,-12.242],[-62.787,-12.04],[-62.476,-11.777],[-62.032,-11.704],[-62.012,-11.875]]]]}},{"type":"Feature","properties":{"NAME":"Maká","SUBJECTO":"Maká","PARTOF":"Maká","BORDERPRECISION":"1"},"bbox":[-60.007,-25.22,-57.647,-23.686],"geometry":{"type":"MultiPolygon","coordinates":[[[[-60.007,-24.005],[-59.791,-23.686],[-59.434,-23.694],[-59.093,-24.4],[-58.172,-24.521],[-57.647,-24.911],[-57.688,-25.22],[-59.147,-24.631],[-60.007,-24.005]]]]}},{"type":"Feature","properties":{"NAME":"Lickanantay","SUBJECTO":"Lickanantay","PARTOF":"Lickanantay","BORDERPRECISION":"1"},"bbox":[-69.062,-25.254,-66.312,-22.047],"geometry":{"type":"MultiPolygon","coordinates":[[[[-68.524,-25.254],[-68.72,-25.114],[-68.954,-24.626],[-69.062,-22.868],[-68.96,-22.33],[-68.626,-22.088],[-68,-22.047],[-67.331,-22.424],[-66.458,-23.189],[-66.312,-23.883],[-66.603,-24.44],[-67.182,-24.874],[-68.524,-25.254]]]]}},{"type":"Feature","properties":{"NAME":"Kizh","SUBJECTO":"Kizh","PARTOF":"Kizh","BORDERPRECISION":"1"},"bbox":[-118.684,33.455,-117.054,34.488],"geometry":{"type":"MultiPolygon","coordinates":[[[[-117.709,33.529],[-118.288,33.843],[-118.438,33.794],[-118.684,34.235],[-117.992,34.488],[-117.054,34.19],[-117.273,33.814],[-117.633,33.455],[-117.709,33.529]]]]}},{"type":"Feature","properties":{"NAME":"Sappony","SUBJECTO":"Sappony","PARTOF":"Sappony","BORDERPRECISION":"1"},"bbox":[-80.298,35.919,-78.81,37.234],"geometry":{"type":"MultiPolygon","coordinates":[[[[-78.81,36.527],[-79.032,36.152],[-79.439,35.919],[-80.298,36.038],[-80.229,36.591],[-79.888,37.234],[-78.979,37.192],[-78.86,37.014],[-78.921,36.585],[-78.81,36.527]]]]}},{"type":"Feature","properties":{"NAME":"Tapieté/Guaraní-Ñandeva","SUBJECTO":"Tapieté/Guaraní-Ñandeva","PARTOF":"Tapieté/Guaraní-Ñandeva","BORDERPRECISION":"1"},"bbox":[-63.825,-22.636,-59.825,-20.57],"geometry":{"type":"MultiPolygon","coordinates":[[[[-62.816,-21.805],[-62.506,-21.309],[-62.316,-20.626],[-62.142,-20.57],[-61.797,-21.297],[-60.864,-21.706],[-59.895,-21.935],[-59.825,-22.067],[-59.979,-22.387],[-60.979,-22.254],[-62.038,-21.602],[-62.374,-21.766],[-62.587,-22.326],[-62.661,-22.229],[-63.412,-22.633],[-63.64,-22.636],[-63.825,-22.482],[-63.759,-22.079],[-62.816,-21.805]]]]}},{"type":"Feature","properties":{"NAME":"Kashaya","SUBJECTO":"Kashaya","PARTOF":"Kashaya","BORDERPRECISION":"1"},"bbox":[-123.529,38.419,-122.981,38.768],"geometry":{"type":"MultiPolygon","coordinates":[[[[-123.222,38.533],[-123.529,38.768],[-122.981,38.714],[-123.014,38.419],[-123.222,38.533]]]]}},{"type":"Feature","properties":{"NAME":"Bohanes","SUBJECTO":"Bohanes","PARTOF":"Bohanes","BORDERPRECISION":"1"},"bbox":[-58.37,-33.241,-57.173,-30.175],"geometry":{"type":"MultiPolygon","coordinates":[[[[-58.37,-33.123],[-58.097,-32.992],[-58.202,-31.832],[-58.002,-31.675],[-58.082,-31.444],[-57.793,-30.841],[-57.891,-30.512],[-57.617,-30.175],[-57.173,-30.284],[-57.762,-32.155],[-57.776,-32.986],[-58.051,-33.135],[-58.019,-33.241],[-58.37,-33.123]]]]}},{"type":"Feature","properties":{"NAME":"Wichita","SUBJECTO":"Wichita","PARTOF":"Wichita","BORDERPRECISION":"1"},"bbox":[-99.89,31.385,-95.039,38.616],"geometry":{"type":"MultiPolygon","coordinates":[[[[-99.302,37.881],[-98.161,38.616],[-96.794,38.168],[-96.708,37.333],[-97.123,35.986],[-95.718,34.341],[-95.504,33.521],[-95.197,33.277],[-95.039,32.863],[-95.403,32.391],[-96.017,32.171],[-96.664,32.487],[-97.52,32.17],[-97.956,31.401],[-98.156,31.385],[-99.321,32.402],[-99.683,33.381],[-99.89,34.872],[-99.302,37.881]]]]}},{"type":"Feature","properties":{"NAME":"Myaamia","SUBJECTO":"Myaamia","PARTOF":"Myaamia","BORDERPRECISION":"1"},"bbox":[-91.516,37.143,-81.892,44.862],"geometry":{"type":"MultiPolygon","coordinates":[[[[-87.943,44.565],[-87.544,44.862],[-87.343,44.818],[-87.908,43.192],[-87.783,42.204],[-87.375,41.634],[-86.287,41.919],[-85.869,41.673],[-84.902,41.722],[-84.529,41.968],[-83.232,42.375],[-82.837,42.666],[-82.244,42.763],[-81.892,42.505],[-81.989,42.238],[-82.484,41.96],[-83.187,42.06],[-83.45,41.754],[-82.748,41.534],[-83.027,41.444],[-82.62,41.42],[-82.837,40.43],[-82.617,38.874],[-82.771,38.514],[-84.858,39.045],[-84.99,38.583],[-85.891,38.169],[-86.506,37.979],[-87.957,37.875],[-88.55,37.143],[-89.363,37.248],[-89.604,37.719],[-90.417,38.307],[-90.681,39.062],[-91.516,40.128],[-90.967,41.112],[-91.077,41.377],[-90.198,41.771],[-90.264,42.277],[-91.208,42.795],[-90.791,43.213],[-89.451,43.898],[-88.967,44.34],[-87.943,44.565]]]]}},{"type":"Feature","properties":{"NAME":"Aikanã","SUBJECTO":"Aikanã","PARTOF":"Aikanã","BORDERPRECISION":"1"},"bbox":[-61.199,-12.84,-60.443,-12.447],"geometry":{"type":"MultiPolygon","coordinates":[[[[-61.199,-12.747],[-61.178,-12.538],[-61.051,-12.664],[-60.809,-12.626],[-60.81,-12.447],[-60.449,-12.534],[-60.443,-12.84],[-60.808,-12.754],[-60.809,-12.626],[-61.199,-12.747]]]]}},{"type":"Feature","properties":{"NAME":"Wari","SUBJECTO":"Wari","PARTOF":"Wari","BORDERPRECISION":"1"},"bbox":[-80.891,-16.698,-71.732,-5.752],"geometry":{"type":"MultiPolygon","coordinates":[[[[-72.98,-16.532],[-74.621,-15.665],[-76.053,-14.41],[-76.242,-14.106],[-76.238,-13.502],[-76.359,-13.229],[-77.336,-11.509],[-77.707,-11.256],[-77.759,-10.659],[-79.06,-8.216],[-80.066,-6.756],[-80.891,-6.258],[-80.159,-5.816],[-79.646,-5.752],[-79.133,-5.848],[-78.588,-6.199],[-76.793,-9.058],[-76.137,-9.794],[-73.413,-11.767],[-71.905,-13.441],[-71.732,-13.963],[-71.842,-14.973],[-72.388,-16.414],[-72.668,-16.698],[-72.98,-16.532]]]]}},{"type":"Feature","properties":{"NAME":"Catawba","SUBJECTO":"Catawba","PARTOF":"Catawba","BORDERPRECISION":"1"},"bbox":[-82.529,34.054,-80.505,36.191],"geometry":{"type":"MultiPolygon","coordinates":[[[[-80.551,34.554],[-80.609,34.216],[-80.875,34.054],[-82.112,34.561],[-82.31,34.705],[-82.529,35.514],[-81.266,36.191],[-80.505,35.996],[-80.551,34.554]]]]}},{"type":"Feature","properties":{"NAME":"Poqomam","SUBJECTO":"Poqomam","PARTOF":"Poqomam","BORDERPRECISION":"1"},"bbox":[-90.658,13.938,-89.429,14.927],"geometry":{"type":"MultiPolygon","coordinates":[[[[-90.529,14.315],[-90.658,14.449],[-90.539,14.708],[-90.346,14.746],[-90.353,14.88],[-89.912,14.927],[-89.627,14.717],[-89.429,14.167],[-89.715,13.938],[-89.837,14.161],[-90.529,14.315]]]]}},{"type":"Feature","properties":{"NAME":"Dau Pom Wintu","SUBJECTO":"Dau Pom Wintu","PARTOF":"Dau Pom Wintu","BORDERPRECISION":"1"},"bbox":[-123.01,40.143,-121.997,40.842],"geometry":{"type":"MultiPolygon","coordinates":[[[[-121.997,40.842],[-122.181,40.632],[-122.229,40.18],[-123.01,40.143],[-122.794,40.327],[-122.322,40.369],[-122.445,40.699],[-121.997,40.842]]]]}},{"type":"Feature","properties":{"NAME":"No'iria","SUBJECTO":"No'iria","PARTOF":"No'iria","BORDERPRECISION":"1"},"bbox":[-66.339,-12.493,-65.452,-11.58],"geometry":{"type":"MultiPolygon","coordinates":[[[[-66.339,-11.938],[-66.194,-11.66],[-65.638,-11.58],[-65.452,-11.773],[-65.516,-12.312],[-65.8,-12.487],[-66.148,-12.493],[-66.298,-12.402],[-66.339,-11.938]]]]}},{"type":"Feature","properties":{"NAME":"Karijona","SUBJECTO":"Karijona","PARTOF":"Karijona","BORDERPRECISION":"1"},"bbox":[-73.122,-1.645,-69.421,1.162],"geometry":{"type":"MultiPolygon","coordinates":[[[[-72.86,-0.224],[-73.122,0.043],[-73.1,0.795],[-72.761,1.162],[-72.532,1.141],[-71.736,0.322],[-72.234,-0.4],[-71.027,-0.842],[-70.533,-0.493],[-70.232,-0.436],[-70.186,-0.658],[-70.491,-1.005],[-69.49,-0.965],[-69.421,-1.595],[-69.568,-1.645],[-69.736,-1.51],[-69.791,-1.16],[-69.677,-1.018],[-70.568,-1.031],[-72.546,-0.24],[-72.86,-0.224]]]]}},{"type":"Feature","properties":{"NAME":"Eyak","SUBJECTO":"Eyak","PARTOF":"Eyak","BORDERPRECISION":"1"},"bbox":[-145.893,60.02,-142.163,61.063],"geometry":{"type":"MultiPolygon","coordinates":[[[[-142.425,60.02],[-144.406,60.093],[-145.003,60.552],[-145.493,60.384],[-145.893,60.516],[-145.569,60.678],[-145.392,61.063],[-143.993,60.75],[-142.172,60.644],[-142.163,60.032],[-142.425,60.02]]]]}},{"type":"Feature","properties":{"NAME":"Huaylas","SUBJECTO":"Huaylas","PARTOF":"Huaylas","BORDERPRECISION":"1"},"bbox":[-78.074,-10.329,-76.895,-8.59],"geometry":{"type":"MultiPolygon","coordinates":[[[[-77.65,-10.329],[-77.985,-9.588],[-78.074,-8.933],[-77.939,-8.66],[-77.691,-8.59],[-77.41,-8.958],[-77.204,-9.62],[-76.895,-9.824],[-77.65,-10.329]]]]}},{"type":"Feature","properties":{"NAME":"Onʌyote'a•ka (Oneida)","SUBJECTO":"Onʌyote'a•ka (Oneida)","PARTOF":"Onʌyote'a•ka (Oneida)","BORDERPRECISION":"1"},"bbox":[-75.932,41.944,-74.907,44.711],"geometry":{"type":"MultiPolygon","coordinates":[[[[-75.848,44.38],[-75.405,44.711],[-74.907,43.41],[-75.178,43.275],[-74.977,43.045],[-74.956,42.321],[-75.416,41.944],[-75.81,41.986],[-75.91,42.296],[-75.932,43.568],[-75.522,43.923],[-75.848,44.38]]]]}},{"type":"Feature","properties":{"NAME":"Pentucket","SUBJECTO":"Pentucket","PARTOF":"Pentucket","BORDERPRECISION":"1"},"bbox":[-71.325,42.669,-70.72,43.133],"geometry":{"type":"MultiPolygon","coordinates":[[[[-70.868,42.871],[-71.325,42.669],[-71.28,42.844],[-70.846,43.133],[-70.72,43.057],[-70.868,42.871]]]]}},{"type":"Feature","properties":{"NAME":"Pokanoket","SUBJECTO":"Pokanoket","PARTOF":"Pokanoket","BORDERPRECISION":"1"},"bbox":[-71.758,41.527,-70.482,42.328],"geometry":{"type":"MultiPolygon","coordinates":[[[[-70.631,42.133],[-70.482,41.813],[-70.651,41.707],[-70.712,41.795],[-71.041,41.544],[-71.173,41.527],[-71.104,41.825],[-71.373,41.837],[-71.518,41.714],[-71.758,41.928],[-71.3,42.272],[-70.902,42.328],[-70.631,42.133]]]]}},{"type":"Feature","properties":{"NAME":"Timucua","SUBJECTO":"Timucua","PARTOF":"Timucua","BORDERPRECISION":"1"},"bbox":[-83.848,28.26,-80.554,31.968],"geometry":{"type":"MultiPolygon","coordinates":[[[[-81.305,31.289],[-81.512,30.727],[-81.405,30.073],[-80.605,28.561],[-80.554,28.307],[-80.668,28.26],[-81.869,28.522],[-82.556,28.484],[-82.693,28.603],[-82.647,28.907],[-82.779,29.11],[-83.118,29.242],[-83.848,30.013],[-83.738,30.61],[-83.177,31.119],[-82.985,31.766],[-82.502,31.968],[-82.216,31.928],[-81.305,31.289]]]]}},{"type":"Feature","properties":{"NAME":"Makah","SUBJECTO":"Makah","PARTOF":"Makah","BORDERPRECISION":"1"},"bbox":[-124.733,48.077,-124.321,48.327],"geometry":{"type":"MultiPolygon","coordinates":[[[[-124.733,48.327],[-124.351,48.32],[-124.321,48.077],[-124.727,48.143],[-124.733,48.327]]]]}},{"type":"Feature","properties":{"NAME":"Yeopim","SUBJECTO":"Yeopim","PARTOF":"Yeopim","BORDERPRECISION":"1"},"bbox":[-76.806,36.057,-76.368,36.445],"geometry":{"type":"MultiPolygon","coordinates":[[[[-76.509,36.057],[-76.7,36.161],[-76.673,36.33],[-76.806,36.431],[-76.6,36.445],[-76.368,36.136],[-76.509,36.057]]]]}},{"type":"Feature","properties":{"NAME":"Selk'nam","SUBJECTO":"Selk'nam","PARTOF":"Selk'nam","BORDERPRECISION":"1"},"bbox":[-71.526,-55.07,-65.259,-52.361],"geometry":{"type":"MultiPolygon","coordinates":[[[[-66.307,-54.64],[-65.259,-54.719],[-65.262,-54.819],[-66.622,-55.07],[-67.492,-54.87],[-69.214,-54.934],[-69.672,-54.774],[-70.67,-54.795],[-70.621,-54.501],[-70.213,-54.434],[-69.055,-54.602],[-69.335,-54.292],[-69.89,-54.139],[-70.146,-53.806],[-69.421,-53.544],[-69.515,-53.345],[-70.333,-53.473],[-70.465,-53.373],[-70.281,-53.087],[-69.407,-52.566],[-68.332,-52.85],[-68.305,-52.943],[-68.705,-53.235],[-68.624,-53.316],[-68.13,-53.375],[-66.983,-54.341],[-66.307,-54.64]]],[[[-69.483,-52.361],[-69.895,-52.627],[-70.613,-52.732],[-70.2,-52.475],[-69.483,-52.361]]],[[[-70.905,-53.234],[-70.998,-53.821],[-71.526,-53.846],[-70.871,-53.134],[-70.905,-53.234]]]]}},{"type":"Feature","properties":{"NAME":"Á,LEṈENEȻ ȽTE (W̱SÁNEĆ)","SUBJECTO":"Á,LEṈENEȻ ȽTE (W̱SÁNEĆ)","PARTOF":"Á,LEṈENEȻ ȽTE (W̱SÁNEĆ)","BORDERPRECISION":"1"},"bbox":[-124.549,48.473,-122.426,49.279],"geometry":{"type":"MultiPolygon","coordinates":[[[[-122.9,49.067],[-122.987,49.137],[-122.91,49.185],[-122.426,49.279],[-122.561,49.175],[-122.492,49.081],[-122.607,48.865],[-122.9,49.067]]],[[[-123.645,48.818],[-123.593,48.635],[-123.826,48.473],[-123.97,48.704],[-124.549,48.885],[-124.497,49.029],[-123.645,48.818]]]]}},{"type":"Feature","properties":{"NAME":"Deni","SUBJECTO":"Deni","PARTOF":"Deni","BORDERPRECISION":"1"},"bbox":[-68.678,-7.3,-66.355,-6.035],"geometry":{"type":"MultiPolygon","coordinates":[[[[-68.678,-7.094],[-68.281,-6.757],[-67.821,-6.035],[-67.488,-6.491],[-67.056,-6.575],[-66.8,-6.476],[-66.355,-6.621],[-66.826,-7.179],[-67.08,-7.013],[-67.523,-7.3],[-67.736,-7.081],[-68.507,-7.215],[-68.678,-7.094]]]]}},{"type":"Feature","properties":{"NAME":"Cheraw","SUBJECTO":"Cheraw","PARTOF":"Cheraw","BORDERPRECISION":"1"},"bbox":[-80.774,34.276,-79.628,35.138],"geometry":{"type":"MultiPolygon","coordinates":[[[[-80.774,34.817],[-80.637,35.054],[-80.132,35.138],[-79.719,35.05],[-79.628,34.608],[-79.707,34.383],[-79.911,34.276],[-80.58,34.276],[-80.774,34.817]]]]}},{"type":"Feature","properties":{"NAME":"Kichwa Santarrosino","SUBJECTO":"Kichwa Santarrosino","PARTOF":"Kichwa Santarrosino","BORDERPRECISION":"1"},"bbox":[-69.262,-12.521,-69.113,-12.335],"geometry":{"type":"MultiPolygon","coordinates":[[[[-69.113,-12.424],[-69.262,-12.521],[-69.234,-12.335],[-69.113,-12.424]]]]}},{"type":"Feature","properties":{"NAME":"Tsase/Piapoco","SUBJECTO":"Tsase/Piapoco","PARTOF":"Tsase/Piapoco","BORDERPRECISION":"1"},"bbox":[-71.021,2.558,-66.999,6.455],"geometry":{"type":"MultiPolygon","coordinates":[[[[-67.599,6.281],[-67.227,6.455],[-67.063,6.418],[-66.999,6.171],[-67.339,5.346],[-67.275,4.467],[-67.422,3.929],[-70.392,2.59],[-70.893,2.558],[-71.021,2.814],[-70.919,3.403],[-70.461,3.977],[-68.597,5.155],[-67.599,6.281]]]]}},{"type":"Feature","properties":{"NAME":"Steilacoom","SUBJECTO":"Steilacoom","PARTOF":"Steilacoom","BORDERPRECISION":"1"},"bbox":[-122.705,46.983,-122.372,47.244],"geometry":{"type":"MultiPolygon","coordinates":[[[[-122.583,47.192],[-122.468,47.244],[-122.372,47.105],[-122.463,46.983],[-122.705,47.077],[-122.583,47.192]]]]}},{"type":"Feature","properties":{"NAME":"Baure","SUBJECTO":"Baure","PARTOF":"Baure","BORDERPRECISION":"1"},"bbox":[-63.785,-14.612,-62.535,-13.613],"geometry":{"type":"MultiPolygon","coordinates":[[[[-63.717,-14.402],[-63.785,-14.017],[-63.618,-13.739],[-62.88,-13.613],[-62.535,-13.893],[-62.549,-14.362],[-62.865,-14.585],[-63.484,-14.612],[-63.717,-14.402]]]]}},{"type":"Feature","properties":{"NAME":"Paugussett","SUBJECTO":"Paugussett","PARTOF":"Paugussett","BORDERPRECISION":"1"},"bbox":[-73.68,41.14,-72.902,41.755],"geometry":{"type":"MultiPolygon","coordinates":[[[[-73.381,41.14],[-73.68,41.476],[-73.628,41.683],[-72.916,41.755],[-72.902,41.28],[-73.381,41.14]]]]}},{"type":"Feature","properties":{"NAME":"Haida Gwaii","SUBJECTO":"Haida Gwaii","PARTOF":"Haida Gwaii","BORDERPRECISION":"1"},"bbox":[-133.054,53.28,-131.894,55.847],"geometry":{"type":"MultiPolygon","coordinates":[[[[-132.621,55.751],[-132.688,55.649],[-132.555,55.453],[-132.177,55.285],[-132.175,55.051],[-132.303,54.983],[-132.174,54.846],[-132.865,55.277],[-132.644,55.446],[-132.962,55.847],[-132.621,55.751]]],[[[-132.997,53.651],[-133.054,54.066],[-132.082,54.021],[-131.894,53.894],[-132.09,53.399],[-132.569,53.28],[-132.997,53.651]]]]}},{"type":"Feature","properties":{"NAME":"Patamona/Ingarikó","SUBJECTO":"Patamona/Ingarikó","PARTOF":"Patamona/Ingarikó","BORDERPRECISION":"1"},"bbox":[-61.134,3.372,-58.871,5.6],"geometry":{"type":"MultiPolygon","coordinates":[[[[-61.134,4.494],[-60.584,4.929],[-60.711,5.223],[-60.314,5.211],[-59.325,5.6],[-58.906,5.44],[-58.871,4.603],[-59.622,4.133],[-59.517,3.951],[-59.68,3.696],[-60.203,3.407],[-60.322,3.372],[-60.522,4.023],[-60.797,4.138],[-60.858,4.446],[-61.134,4.494]]]]}},{"type":"Feature","properties":{"NAME":"Cahuilla","SUBJECTO":"Cahuilla","PARTOF":"Cahuilla","BORDERPRECISION":"1"},"bbox":[-117.455,33.147,-114.62,34.162],"geometry":{"type":"MultiPolygon","coordinates":[[[[-116.005,33.147],[-116.598,33.229],[-116.576,33.376],[-117.235,33.651],[-117.455,33.971],[-117.092,34.162],[-116.158,33.962],[-115.444,34.153],[-114.653,34.007],[-114.62,33.321],[-115.532,33.358],[-116.005,33.147]]]]}},{"type":"Feature","properties":{"NAME":"Chickasaw (Oklahoma)","SUBJECTO":"Chickasaw (Oklahoma)","PARTOF":"Chickasaw (Oklahoma)","BORDERPRECISION":"1"},"bbox":[-98.014,33.687,-96.1,35.373],"geometry":{"type":"MultiPolygon","coordinates":[[[[-98.014,33.995],[-97.946,35.373],[-97.556,35.286],[-97.33,34.958],[-96.452,34.912],[-96.448,33.931],[-96.1,33.848],[-96.354,33.687],[-96.923,33.96],[-97.127,33.717],[-97.213,33.913],[-97.439,33.822],[-97.691,33.984],[-97.894,33.856],[-98.014,33.995]]]]}},{"type":"Feature","properties":{"NAME":"Kitu Kara","SUBJECTO":"Kitu Kara","PARTOF":"Kitu Kara","BORDERPRECISION":"1"},"bbox":[-78.774,-0.533,-78.304,0.144],"geometry":{"type":"MultiPolygon","coordinates":[[[[-78.304,-0.003],[-78.403,-0.502],[-78.649,-0.533],[-78.625,-0.239],[-78.774,-0.084],[-78.702,0.144],[-78.304,-0.003]]]]}},{"type":"Feature","properties":{"NAME":"Achí","SUBJECTO":"Achí","PARTOF":"Achí","BORDERPRECISION":"1"},"bbox":[-90.767,14.93,-90.153,15.252],"geometry":{"type":"MultiPolygon","coordinates":[[[[-90.153,15.204],[-90.284,14.93],[-90.623,14.931],[-90.767,15.252],[-90.153,15.204]]]]}},{"type":"Feature","properties":{"NAME":"Goshute","SUBJECTO":"Goshute","PARTOF":"Goshute","BORDERPRECISION":"1"},"bbox":[-114.743,38.065,-111.681,41.865],"geometry":{"type":"MultiPolygon","coordinates":[[[[-114.623,38.203],[-114.743,38.828],[-114.691,39.932],[-114.51,40.448],[-114.438,41.262],[-114.07,41.865],[-113.641,41.832],[-111.695,41.122],[-111.681,40.708],[-112.412,39.91],[-112.66,38.835],[-112.623,38.229],[-113.545,38.067],[-114.413,38.065],[-114.623,38.203]]]]}},{"type":"Feature","properties":{"NAME":"Amboca","SUBJECTO":"Amboca","PARTOF":"Amboca","BORDERPRECISION":"1"},"bbox":[-79.449,-3.951,-79.308,-3.764],"geometry":{"type":"MultiPolygon","coordinates":[[[[-79.308,-3.869],[-79.449,-3.951],[-79.404,-3.764],[-79.308,-3.869]]]]}},{"type":"Feature","properties":{"NAME":"Qayqayt","SUBJECTO":"Qayqayt","PARTOF":"Qayqayt","BORDERPRECISION":"1"},"bbox":[-123.05,49.181,-122.782,49.354],"geometry":{"type":"MultiPolygon","coordinates":[[[[-123.05,49.293],[-122.782,49.354],[-122.803,49.22],[-122.971,49.181],[-123.05,49.293]]]]}},{"type":"Feature","properties":{"NAME":"Massacoes","SUBJECTO":"Massacoes","PARTOF":"Massacoes","BORDERPRECISION":"1"},"bbox":[-72.955,41.771,-72.757,41.98],"geometry":{"type":"MultiPolygon","coordinates":[[[[-72.757,41.98],[-72.757,41.771],[-72.938,41.792],[-72.955,41.968],[-72.757,41.98]]]]}},{"type":"Feature","properties":{"NAME":"Cheyenne","SUBJECTO":"Cheyenne","PARTOF":"Cheyenne","BORDERPRECISION":"1"},"bbox":[-111.533,37.545,-99.097,48.078],"geometry":{"type":"MultiPolygon","coordinates":[[[[-111.182,46.468],[-110.479,47.398],[-107.314,47.458],[-104.897,48.078],[-103.008,48.078],[-102.305,47.931],[-102.041,47.636],[-100.459,47.04],[-99.888,46.225],[-99.097,45.583],[-99.097,44.965],[-99.712,44.653],[-99.976,44.056],[-99.536,42.261],[-100.151,40.347],[-100.415,39.809],[-100.854,39.368],[-101.074,38.72],[-101.514,38.238],[-101.997,38.238],[-102.656,37.788],[-103.579,37.545],[-105.513,37.545],[-106.128,37.927],[-106.128,38.411],[-105.688,38.994],[-105.557,39.64],[-106.084,39.64],[-106.875,40.781],[-107.314,41.179],[-108.237,41.509],[-108.896,42.033],[-110.127,42.326],[-110.698,42.618],[-111.05,43.133],[-111.094,44.024],[-111.533,45.614],[-111.182,46.468]]]]}},{"type":"Feature","properties":{"NAME":"Houma","SUBJECTO":"Houma","PARTOF":"Houma","BORDERPRECISION":"1"},"bbox":[-91.929,29.096,-89.032,31.267],"geometry":{"type":"MultiPolygon","coordinates":[[[[-90.291,30.039],[-89.92,29.857],[-89.975,29.986],[-89.589,30.022],[-89.38,29.873],[-89.686,29.706],[-89.677,29.591],[-89.032,29.119],[-89.498,29.096],[-89.622,29.284],[-90.198,29.527],[-90.298,29.374],[-90.092,29.222],[-90.235,29.119],[-90.436,29.326],[-90.779,29.109],[-91.24,29.321],[-91.828,29.764],[-91.506,29.944],[-91.118,29.627],[-90.865,29.895],[-91.262,30.443],[-91.791,30.605],[-91.929,30.932],[-91.871,31.163],[-91.469,31.267],[-91.09,31.058],[-90.947,30.654],[-91.033,30.496],[-91.255,30.443],[-90.863,29.896],[-90.485,29.868],[-90.292,29.705],[-90.187,29.804],[-90.291,30.039]]]]}},{"type":"Feature","properties":{"NAME":"Kaiabi","SUBJECTO":"Kaiabi","PARTOF":"Kaiabi","BORDERPRECISION":"1"},"bbox":[-58.07,-13.061,-52.541,-7.759],"geometry":{"type":"MultiPolygon","coordinates":[[[[-55.71,-12.402],[-56.978,-12.209],[-57.77,-11.149],[-57.853,-10.833],[-57.722,-10.303],[-57.067,-9.19],[-57.97,-9.141],[-58.07,-7.877],[-57.909,-7.759],[-57.5,-8.617],[-57.302,-8.661],[-56.95,-8.251],[-56.669,-8.345],[-56.668,-9.019],[-57.048,-9.125],[-57.201,-9.362],[-56.433,-9.388],[-55.496,-9.739],[-55.059,-10.089],[-54.761,-10.653],[-53.567,-10.524],[-52.71,-10.664],[-52.907,-10.926],[-52.847,-11.259],[-53.23,-11.767],[-52.541,-12.64],[-53.072,-13.061],[-53.999,-13.017],[-54.036,-11.585],[-53.602,-11.11],[-53.567,-10.526],[-54.761,-10.654],[-54.669,-11.41],[-54.92,-12.173],[-55.253,-12.382],[-55.71,-12.402]]]]}},{"type":"Feature","properties":{"NAME":"Big Stone Cree","SUBJECTO":"Big Stone Cree","PARTOF":"Big Stone Cree","BORDERPRECISION":"1"},"bbox":[-116.082,55.498,-112.72,57.065],"geometry":{"type":"MultiPolygon","coordinates":[[[[-113.599,57.065],[-112.939,56.993],[-112.72,56.572],[-113.203,55.943],[-113.577,55.671],[-114.565,55.498],[-115.291,55.516],[-115.829,55.764],[-116.082,56.023],[-115.126,56.765],[-113.599,57.065]]]]}},{"type":"Feature","properties":{"NAME":"Gwich'in Nành","SUBJECTO":"Gwich'in Nành","PARTOF":"Gwich'in Nành","BORDERPRECISION":"1"},"bbox":[-156.012,64.514,-130.151,70.137],"geometry":{"type":"MultiPolygon","coordinates":[[[[-141.008,65.732],[-141.845,65.476],[-143.306,65.31],[-146.499,65.731],[-146.976,65.891],[-147.42,66.428],[-148.688,66.945],[-149.068,67.596],[-149.555,67.825],[-151.792,67.864],[-155.625,67.684],[-156.012,67.865],[-155.982,68.247],[-155.845,68.362],[-154.291,68.523],[-151.316,68.512],[-151.736,68.829],[-150.143,69.416],[-150.09,69.747],[-149.839,70.107],[-149.437,70.137],[-147.853,69.874],[-141.05,69.387],[-139.933,68.854],[-138.686,68.453],[-137.448,68.324],[-136.381,67.952],[-134.714,67.605],[-133.933,67.617],[-134.049,67.849],[-133.689,68.32],[-132.269,68.424],[-131.004,69.262],[-130.819,69.234],[-130.473,68.892],[-130.423,68.214],[-130.151,67.862],[-130.674,67.455],[-130.973,67.028],[-131.111,66.342],[-133.49,65.083],[-134.676,64.673],[-135.705,64.514],[-137.32,64.547],[-138.495,64.916],[-139.462,65.854],[-141.008,65.732]]]]}},{"type":"Feature","properties":{"NAME":"Vacacocha","SUBJECTO":"Vacacocha","PARTOF":"Vacacocha","BORDERPRECISION":"1"},"bbox":[-74.728,-2.065,-74.481,-1.791],"geometry":{"type":"MultiPolygon","coordinates":[[[[-74.728,-1.887],[-74.589,-1.791],[-74.481,-1.889],[-74.646,-2.065],[-74.728,-1.887]]]]}},{"type":"Feature","properties":{"NAME":"Seminole (Oklahoma)","SUBJECTO":"Seminole (Oklahoma)","PARTOF":"Seminole (Oklahoma)","BORDERPRECISION":"1"},"bbox":[-96.777,34.9,-96.491,35.43],"geometry":{"type":"MultiPolygon","coordinates":[[[[-96.491,34.911],[-96.776,34.9],[-96.777,35.41],[-96.492,35.43],[-96.491,34.911]]]]}},{"type":"Feature","properties":{"NAME":"Winnimem Wintu","SUBJECTO":"Winnimem Wintu","PARTOF":"Winnimem Wintu","BORDERPRECISION":"1"},"bbox":[-122.393,40.632,-121.949,41.435],"geometry":{"type":"MultiPolygon","coordinates":[[[[-122.393,41.043],[-122.288,41.435],[-121.949,41.426],[-122.061,40.723],[-122.367,40.632],[-122.393,41.043]]]]}},{"type":"Feature","properties":{"NAME":"Kluane","SUBJECTO":"Kluane","PARTOF":"Kluane","BORDERPRECISION":"1"},"bbox":[-141.13,60.207,-137.856,62.935],"geometry":{"type":"MultiPolygon","coordinates":[[[[-140.977,60.36],[-141.13,62.935],[-139.856,62.865],[-139.417,62.654],[-139.592,62.237],[-137.856,61.721],[-138.054,61.679],[-138.406,61.016],[-138.713,60.941],[-139.153,60.37],[-140.01,60.207],[-140.977,60.36]]]]}},{"type":"Feature","properties":{"NAME":"Tanimuka","SUBJECTO":"Tanimuka","PARTOF":"Tanimuka","BORDERPRECISION":"1"},"bbox":[-71.439,-1.454,-69.413,0.154],"geometry":{"type":"MultiPolygon","coordinates":[[[[-71.351,-0.531],[-71.439,-0.214],[-71.28,0.13],[-70.871,0.154],[-70.45,0.007],[-69.774,-0.448],[-69.413,-1.05],[-69.45,-1.454],[-70.058,-1.454],[-70.424,-1.039],[-70.947,-0.929],[-71.351,-0.531]]]]}},{"type":"Feature","properties":{"NAME":"Taku River Tlingit","SUBJECTO":"Taku River Tlingit","PARTOF":"Taku River Tlingit","BORDERPRECISION":"1"},"bbox":[-135.702,58.025,-130.864,59.995],"geometry":{"type":"MultiPolygon","coordinates":[[[[-135.702,59.987],[-131.058,59.995],[-131.381,59.637],[-130.929,59.496],[-131.015,58.745],[-130.864,58.509],[-131.311,58.539],[-131.402,58.385],[-131.661,58.363],[-131.477,58.111],[-132.608,58.025],[-132.726,58.238],[-133.184,58.221],[-133.77,58.711],[-134.265,58.845],[-134.502,59.133],[-134.979,59.306],[-135.031,59.567],[-135.587,59.76],[-135.702,59.987]]]]}},{"type":"Feature","properties":{"NAME":"Pijao","SUBJECTO":"Pijao","PARTOF":"Pijao","BORDERPRECISION":"1"},"bbox":[-76.105,2.877,-74.948,4.444],"geometry":{"type":"MultiPolygon","coordinates":[[[[-75.556,4.444],[-75.184,4.408],[-74.948,4.136],[-75.281,2.877],[-75.822,2.908],[-76.032,3.022],[-76.105,3.279],[-75.841,4.322],[-75.556,4.444]]]]}},{"type":"Feature","properties":{"NAME":"Siekopa’aiInte/Aido-Pãi (Secoya)","SUBJECTO":"Siekopa’aiInte/Aido-Pãi (Secoya)","PARTOF":"Siekopa’aiInte/Aido-Pãi (Secoya)","BORDERPRECISION":"1"},"bbox":[-76.349,-2.205,-73.481,0.115],"geometry":{"type":"MultiPolygon","coordinates":[[[[-74.666,-1.77],[-74.656,-1.425],[-75.078,-1.03],[-76.349,-0.401],[-76.268,0.115],[-74.786,-0.204],[-74.441,-0.509],[-74.214,-0.992],[-73.624,-1.271],[-73.481,-1.514],[-73.553,-1.944],[-73.988,-2.205],[-74.545,-1.971],[-74.666,-1.77]]]]}},{"type":"Feature","properties":{"NAME":"Kitselas","SUBJECTO":"Kitselas","PARTOF":"Kitselas","BORDERPRECISION":"1"},"bbox":[-130.179,53.724,-127.549,54.825],"geometry":{"type":"MultiPolygon","coordinates":[[[[-130.004,53.938],[-130.179,54.177],[-129.619,54.185],[-128.592,54.508],[-128.502,54.586],[-128.628,54.825],[-127.63,54.783],[-127.549,54.629],[-128.042,53.955],[-128.576,54.253],[-128.666,54.106],[-129.325,54.01],[-129.243,53.93],[-129.409,53.724],[-129.775,53.981],[-130.004,53.938]]]]}},{"type":"Feature","properties":{"NAME":"Manoki","SUBJECTO":"Manoki","PARTOF":"Manoki","BORDERPRECISION":"1"},"bbox":[-58.033,-12.997,-57.384,-12.114],"geometry":{"type":"MultiPolygon","coordinates":[[[[-57.384,-12.83],[-57.529,-12.997],[-58.033,-12.969],[-57.87,-12.114],[-57.439,-12.469],[-57.384,-12.83]]]]}},{"type":"Feature","properties":{"NAME":"Mokaná","SUBJECTO":"Mokaná","PARTOF":"Mokaná","BORDERPRECISION":"1"},"bbox":[-75.339,10.409,-74.668,11.061],"geometry":{"type":"MultiPolygon","coordinates":[[[[-75.226,10.825],[-74.741,11.061],[-74.668,10.689],[-74.773,10.409],[-75.258,10.452],[-75.339,10.726],[-75.226,10.825]]]]}},{"type":"Feature","properties":{"NAME":"Kuuvuan KaNianiq","SUBJECTO":"Kuuvuan KaNianiq","PARTOF":"Kuuvuan KaNianiq","BORDERPRECISION":"1"},"bbox":[-157.522,66.226,-151.091,68.497],"geometry":{"type":"MultiPolygon","coordinates":[[[[-156.418,68.497],[-151.259,67.845],[-151.091,67.636],[-151.931,66.895],[-153.562,66.496],[-155.578,66.226],[-157.138,66.313],[-157.498,66.753],[-157.522,67.499],[-157.354,68.07],[-156.418,68.497]]]]}},{"type":"Feature","properties":{"NAME":"Ayoreo","SUBJECTO":"Ayoreo","PARTOF":"Ayoreo","BORDERPRECISION":"1"},"bbox":[-63.175,-22.419,-57.889,-16.83],"geometry":{"type":"MultiPolygon","coordinates":[[[[-63.052,-16.936],[-62.921,-16.83],[-62.61,-16.885],[-61.175,-17.429],[-60.3,-17.058],[-59.002,-17.008],[-58.03,-17.537],[-57.889,-18.578],[-58.236,-19.471],[-58.298,-20.002],[-58.128,-20.802],[-58.578,-20.926],[-58.799,-21.202],[-58.791,-21.412],[-58.618,-21.55],[-58.15,-21.716],[-58.08,-22.184],[-59.854,-22.419],[-60.229,-22.353],[-61.512,-21.376],[-62.223,-20.514],[-62.967,-20.442],[-63.175,-19.983],[-62.673,-19.727],[-62.503,-19.151],[-62.825,-18.434],[-62.648,-17.432],[-63.052,-16.936]]]]}},{"type":"Feature","properties":{"NAME":"Wolastoqiyik Wahsipekuk (Maliseet)","SUBJECTO":"Wolastoqiyik Wahsipekuk (Maliseet)","PARTOF":"Wolastoqiyik Wahsipekuk (Maliseet)","BORDERPRECISION":"1"},"bbox":[-70.562,45.108,-65.164,48.271],"geometry":{"type":"MultiPolygon","coordinates":[[[[-68.931,48.271],[-68.047,47.714],[-67.801,47.316],[-67.638,47.452],[-67.01,47.506],[-66.957,47.338],[-67.195,47.072],[-67.029,46.927],[-67.065,46.792],[-67.3,46.587],[-66.811,46.383],[-66.842,46.302],[-65.532,46.554],[-65.366,46.443],[-65.379,46.307],[-65.164,46.167],[-65.505,45.883],[-65.337,45.747],[-65.376,45.65],[-65.692,45.577],[-65.928,45.281],[-66.153,45.379],[-66.049,45.288],[-66.404,45.108],[-66.579,45.588],[-67.024,45.511],[-67.182,45.833],[-67.348,45.753],[-67.552,45.868],[-67.643,45.762],[-67.909,46.269],[-68.701,46.357],[-68.878,46.251],[-69.728,46.452],[-69.667,46.31],[-69.944,45.969],[-70.028,46.195],[-70.283,46.067],[-70.48,46.198],[-70.562,46.533],[-70.392,46.755],[-70.531,47.005],[-69.486,47.954],[-68.931,48.271]]]]}},{"type":"Feature","properties":{"NAME":"Kankuamo","SUBJECTO":"Kankuamo","PARTOF":"Kankuamo","BORDERPRECISION":"1"},"bbox":[-73.543,10.459,-72.859,10.956],"geometry":{"type":"MultiPolygon","coordinates":[[[[-73.252,10.459],[-73.53,10.601],[-73.543,10.747],[-73.246,10.956],[-72.859,10.907],[-73.252,10.459]]]]}},{"type":"Feature","properties":{"NAME":"Makurap","SUBJECTO":"Makurap","PARTOF":"Makurap","BORDERPRECISION":"1"},"bbox":[-62.673,-12.824,-61.552,-11.834],"geometry":{"type":"MultiPolygon","coordinates":[[[[-61.837,-12.824],[-62.488,-12.447],[-62.673,-12.087],[-62.623,-11.834],[-62.155,-11.877],[-61.612,-12.414],[-61.552,-12.676],[-61.837,-12.824]]]]}},{"type":"Feature","properties":{"NAME":"Paltas","SUBJECTO":"Paltas","PARTOF":"Paltas","BORDERPRECISION":"1"},"bbox":[-80.005,-4.512,-79.112,-3.7],"geometry":{"type":"MultiPolygon","coordinates":[[[[-79.632,-3.7],[-79.16,-3.719],[-79.112,-4.512],[-79.573,-4.504],[-79.989,-4.324],[-80.005,-3.923],[-79.632,-3.7]]]]}},{"type":"Feature","properties":{"NAME":"Enlhet","SUBJECTO":"Enlhet","PARTOF":"Enlhet","BORDERPRECISION":"1"},"bbox":[-60.176,-23.902,-58.921,-21.98],"geometry":{"type":"MultiPolygon","coordinates":[[[[-60.176,-22.582],[-59.931,-21.987],[-59.345,-21.98],[-59.314,-22.684],[-58.921,-23.309],[-59.067,-23.768],[-59.275,-23.902],[-59.699,-23.747],[-60.176,-22.582]]]]}},{"type":"Feature","properties":{"NAME":"Dena'ina Ełnena","SUBJECTO":"Dena'ina Ełnena","PARTOF":"Dena'ina Ełnena","BORDERPRECISION":"1"},"bbox":[-156.62,59.163,-147.879,63.408],"geometry":{"type":"MultiPolygon","coordinates":[[[[-150.501,59.616],[-151.172,59.306],[-151.881,59.163],[-151.448,59.538],[-151.783,59.995],[-151.415,60.254],[-151.16,60.66],[-150.437,60.906],[-149.317,60.929],[-150.311,61.314],[-150.781,61.292],[-152.878,60.279],[-152.899,59.896],[-153.152,59.743],[-153.71,59.644],[-154.107,59.404],[-155.062,59.669],[-155.893,60.075],[-156.523,60.166],[-156.62,60.515],[-155.929,60.81],[-156.308,61.663],[-156.14,61.804],[-154.871,62.133],[-153.752,61.853],[-153.28,62.08],[-153.326,62.294],[-152.924,62.564],[-150.777,63.241],[-149.48,63.408],[-149.362,63.372],[-149.349,62.96],[-149.008,62.79],[-148.942,62.575],[-148.133,62.178],[-148.298,61.747],[-147.879,61.42],[-148.701,60.982],[-148.943,60.488],[-149.518,60.072],[-150.501,59.616]]]]}},{"type":"Feature","properties":{"NAME":"Añuu","SUBJECTO":"Añuu","PARTOF":"Añuu","BORDERPRECISION":"1"},"bbox":[-72.498,10.985,-71.748,11.608],"geometry":{"type":"MultiPolygon","coordinates":[[[[-71.988,11.608],[-71.748,11.101],[-71.819,10.985],[-72.467,11.017],[-72.498,11.11],[-72.256,11.194],[-71.988,11.608]]]]}},{"type":"Feature","properties":{"NAME":"Araona","SUBJECTO":"Araona","PARTOF":"Araona","BORDERPRECISION":"1"},"bbox":[-68.417,-13.464,-67.369,-12.42],"geometry":{"type":"MultiPolygon","coordinates":[[[[-68.36,-12.646],[-67.84,-12.42],[-67.483,-12.549],[-67.369,-12.871],[-67.483,-13.276],[-67.785,-13.464],[-68.183,-13.431],[-68.417,-13.065],[-68.36,-12.646]]]]}},{"type":"Feature","properties":{"NAME":"Pescado","SUBJECTO":"Pescado","PARTOF":"Pescado","BORDERPRECISION":"1"},"bbox":[-107.895,29.046,-103.629,32.375],"geometry":{"type":"MultiPolygon","coordinates":[[[[-107.871,31.884],[-107.895,32.273],[-107.743,32.375],[-107.386,32.343],[-107.051,31.989],[-107.256,31.616],[-104.336,29.523],[-103.765,29.481],[-103.629,29.158],[-103.82,29.046],[-104.111,29.082],[-104.34,29.517],[-107.276,31.605],[-107.652,31.601],[-107.871,31.884]]]]}},{"type":"Feature","properties":{"NAME":"Nʉmʉnʉʉ (Comanche)","SUBJECTO":"Nʉmʉnʉʉ (Comanche)","PARTOF":"Nʉmʉnʉʉ (Comanche)","BORDERPRECISION":"1"},"bbox":[-105.577,29.836,-97.087,38.937],"geometry":{"type":"MultiPolygon","coordinates":[[[[-101.917,37.893],[-101.232,38.445],[-100.436,38.661],[-97.458,38.937],[-97.163,38.035],[-97.813,37.307],[-97.52,36.825],[-97.41,36.151],[-97.449,34.266],[-97.087,32.9],[-97.263,31.293],[-97.579,30.954],[-97.555,30.35],[-97.917,29.966],[-99.957,29.836],[-101.192,30.039],[-102.07,30.363],[-102.706,30.888],[-103.193,31.951],[-104.092,32.424],[-104.839,35.052],[-104.765,35.922],[-105.41,36.441],[-105.577,36.839],[-105.527,37.297],[-105.116,37.788],[-104.265,38.042],[-102.378,37.945],[-101.895,37.806],[-101.917,37.893]]]]}},{"type":"Feature","properties":{"NAME":"Mescalero Apache","SUBJECTO":"Mescalero Apache","PARTOF":"Mescalero Apache","BORDERPRECISION":"1"},"bbox":[-107.424,28.773,-101.109,35.192],"geometry":{"type":"MultiPolygon","coordinates":[[[[-107.007,34.525],[-106.348,34.687],[-106.062,35.012],[-105.293,35.192],[-103.469,35.066],[-103.074,34.778],[-102.168,33.205],[-101.981,32.638],[-101.25,31.728],[-101.109,30.223],[-101.413,29.57],[-102.482,28.848],[-103.099,28.773],[-103.999,28.884],[-105.356,29.647],[-106.255,30.633],[-106.639,31.282],[-106.635,32.124],[-107.27,32.755],[-107.424,33.615],[-107.205,34.289],[-107.007,34.525]]]]}},{"type":"Feature","properties":{"NAME":"Marinahua","SUBJECTO":"Marinahua","PARTOF":"Marinahua","BORDERPRECISION":"1"},"bbox":[-71.14,-10.246,-70.855,-9.988],"geometry":{"type":"MultiPolygon","coordinates":[[[[-71.14,-10.163],[-70.997,-9.988],[-70.855,-10.018],[-70.938,-10.246],[-71.14,-10.163]]]]}},{"type":"Feature","properties":{"NAME":"Dakeł Keyoh (ᑕᗸᒡ ᗲᘏᑋ)","SUBJECTO":"Dakeł Keyoh (ᑕᗸᒡ ᗲᘏᑋ)","PARTOF":"Dakeł Keyoh (ᑕᗸᒡ ᗲᘏᑋ)","BORDERPRECISION":"1"},"bbox":[-127.311,52.329,-119.224,55.949],"geometry":{"type":"MultiPolygon","coordinates":[[[[-126.846,53.445],[-126.067,53.588],[-125.656,53.865],[-125.389,53.834],[-125.315,53.96],[-125.467,54.116],[-125.264,54.24],[-125.969,54.636],[-126.65,54.845],[-126.683,55.323],[-127.057,55.491],[-126.881,55.77],[-126.464,55.949],[-125.629,55.454],[-124.42,55.41],[-123.64,54.674],[-122.981,54.483],[-122.728,54.162],[-122.069,54.355],[-121.52,54.349],[-121.41,54.496],[-120.981,54.419],[-120.157,54.014],[-119.85,53.514],[-119.399,53.377],[-119.224,53.127],[-120.059,52.623],[-122.289,52.329],[-122.739,52.376],[-123.08,52.67],[-123.728,52.583],[-124.156,52.836],[-125.244,52.776],[-125.53,52.902],[-125.925,52.656],[-127.311,53.23],[-126.846,53.445]]]]}},{"type":"Feature","properties":{"NAME":"Resígaro","SUBJECTO":"Resígaro","PARTOF":"Resígaro","BORDERPRECISION":"1"},"bbox":[-72.131,-3.311,-71.91,-3.094],"geometry":{"type":"MultiPolygon","coordinates":[[[[-72.094,-3.094],[-71.912,-3.104],[-71.91,-3.301],[-72.131,-3.311],[-72.094,-3.094]]]]}},{"type":"Feature","properties":{"NAME":"Hixkaryana","SUBJECTO":"Hixkaryana","PARTOF":"Hixkaryana","BORDERPRECISION":"1"},"bbox":[-59.127,-1.434,-57.626,0.089],"geometry":{"type":"MultiPolygon","coordinates":[[[[-57.89,-1.434],[-58.481,-1.346],[-58.926,-0.905],[-59.127,-0.352],[-59.037,0.067],[-58.149,0.089],[-57.856,-0.228],[-57.626,-1.045],[-57.89,-1.434]]]]}},{"type":"Feature","properties":{"NAME":"Mississauga","SUBJECTO":"Mississauga","PARTOF":"Mississauga","BORDERPRECISION":"1"},"bbox":[-85.071,41.22,-75.469,46.657],"geometry":{"type":"MultiPolygon","coordinates":[[[[-83.412,43.818],[-83.294,43.954],[-82.836,44.035],[-82.658,43.84],[-82.465,43.195],[-82.354,43.015],[-82.233,43.044],[-81.808,43.318],[-81.719,44.139],[-81.297,44.713],[-81.385,44.993],[-81.698,45.246],[-81.302,45.219],[-81.189,44.943],[-80.991,44.94],[-81.095,44.799],[-80.914,44.736],[-80.907,44.602],[-80.684,44.717],[-80.071,44.52],[-80.081,44.824],[-79.713,44.739],[-79.676,44.867],[-79.778,44.806],[-80.042,45.069],[-80.05,45.365],[-80.297,45.373],[-80.758,45.97],[-81.621,45.963],[-81.476,46.048],[-83.889,46.298],[-83.86,46.549],[-83.628,46.602],[-82.315,46.657],[-79.948,46.113],[-79.65,45.991],[-78.579,45.021],[-76.878,44.77],[-75.606,44.941],[-75.469,44.764],[-76.003,44.352],[-77.035,44.059],[-76.885,44.159],[-77.034,44.129],[-76.951,44.247],[-77.54,44.091],[-76.881,44.093],[-77.05,43.917],[-76.933,43.91],[-77.175,43.843],[-77.623,44.01],[-78.738,43.878],[-79.153,43.772],[-79.896,43.282],[-79.058,43.244],[-78.894,42.871],[-80.023,42.807],[-80.395,42.657],[-80.088,42.543],[-81.439,42.587],[-82.535,41.94],[-83.036,42.02],[-83.222,42.321],[-84.454,42.294],[-84.675,42.437],[-85.071,43.687],[-84.979,44.782],[-84.666,44.919],[-83.348,44.912],[-83.319,44.429],[-83.917,43.784],[-83.744,43.621],[-83.412,43.818]]],[[[-81.628,41.558],[-79.39,42.475],[-79.649,42.326],[-79.937,41.805],[-80.52,41.477],[-81.398,41.22],[-81.757,41.513],[-81.628,41.558]]],[[[-79.198,42.571],[-79.083,42.64],[-79.319,42.51],[-79.198,42.571]]]]}},{"type":"Feature","properties":{"NAME":"Ch'orti'","SUBJECTO":"Ch'orti'","PARTOF":"Ch'orti'","BORDERPRECISION":"1"},"bbox":[-89.624,14.034,-88.691,15.324],"geometry":{"type":"MultiPolygon","coordinates":[[[[-89.624,14.859],[-89.476,15.181],[-89.255,15.324],[-88.885,15.316],[-88.691,15.141],[-88.733,14.557],[-89.161,14.034],[-89.603,14.335],[-89.624,14.859]]]]}},{"type":"Feature","properties":{"NAME":"Kichwa del Río Napo","SUBJECTO":"Kichwa del Río Napo","PARTOF":"Kichwa del Río Napo","BORDERPRECISION":"1"},"bbox":[-75.384,-4.373,-70.256,0.018],"geometry":{"type":"MultiPolygon","coordinates":[[[[-75.291,-1.024],[-75.118,-0.915],[-75.384,-0.123],[-75.182,0.018],[-74.714,-0.16],[-74.328,-0.504],[-74.134,-0.891],[-73.507,-1.225],[-73.374,-1.57],[-73.039,-1.787],[-72.864,-2.245],[-72.19,-2.278],[-71.808,-2.08],[-71.511,-2.179],[-70.978,-2.123],[-70.312,-2.393],[-70.256,-2.572],[-70.391,-2.71],[-71.202,-2.515],[-72.089,-2.693],[-72.846,-2.605],[-73.183,-2.37],[-73.253,-1.98],[-73.577,-1.805],[-73.698,-1.461],[-74.337,-1.088],[-74.442,-0.698],[-74.713,-0.427],[-75.159,-0.2],[-75.325,-0.244],[-75.11,-0.913],[-74.556,-1.262],[-74.35,-1.749],[-72.874,-2.766],[-72.507,-3.165],[-72.507,-3.626],[-72.724,-4.33],[-72.874,-4.373],[-73.29,-3.865],[-73.343,-3.519],[-73.826,-2.958],[-74.949,-2.117],[-75.06,-1.391],[-75.291,-1.024]]]]}},{"type":"Feature","properties":{"NAME":"Pisamira","SUBJECTO":"Pisamira","PARTOF":"Pisamira","BORDERPRECISION":"1"},"bbox":[-70.61,0.982,-70.447,1.123],"geometry":{"type":"MultiPolygon","coordinates":[[[[-70.447,1.103],[-70.481,0.982],[-70.61,1.123],[-70.447,1.103]]]]}},{"type":"Feature","properties":{"NAME":"Xixime","SUBJECTO":"Xixime","PARTOF":"Xixime","BORDERPRECISION":"1"},"bbox":[-106.672,23.024,-105.467,24.776],"geometry":{"type":"MultiPolygon","coordinates":[[[[-105.551,23.024],[-105.854,23.154],[-106.158,23.489],[-106.672,24.287],[-106.246,24.766],[-106.106,24.776],[-105.786,24.368],[-105.467,23.39],[-105.551,23.024]]]]}},{"type":"Feature","properties":{"NAME":"Waíkhana","SUBJECTO":"Waíkhana","PARTOF":"Waíkhana","BORDERPRECISION":"1"},"bbox":[-69.598,0.275,-69.298,0.77],"geometry":{"type":"MultiPolygon","coordinates":[[[[-69.525,0.77],[-69.315,0.631],[-69.298,0.275],[-69.598,0.366],[-69.525,0.77]]]]}},{"type":"Feature","properties":{"NAME":"Hñähñu (Otomí)","SUBJECTO":"Hñähñu (Otomí)","PARTOF":"Hñähñu (Otomí)","BORDERPRECISION":"1"},"bbox":[-100.975,18.829,-97.402,21.558],"geometry":{"type":"MultiPolygon","coordinates":[[[[-99.296,19.364],[-99.322,19.14],[-99.518,18.945],[-100.027,18.829],[-100.126,18.919],[-100.176,19.298],[-100.451,19.447],[-100.393,19.787],[-100.113,19.83],[-100.158,20.05],[-100.465,20.416],[-100.87,20.267],[-100.968,20.355],[-100.975,21.474],[-100.802,21.558],[-99.915,21.423],[-99.622,21.242],[-98.998,21.278],[-97.609,21.017],[-97.402,20.586],[-98.082,20.074],[-98.007,19.693],[-99.147,19.584],[-99.296,19.364]]]]}},{"type":"Feature","properties":{"NAME":"Pâri (Pawnee)","SUBJECTO":"Pâri (Pawnee)","PARTOF":"Pâri (Pawnee)","BORDERPRECISION":"1"},"bbox":[-102.694,36.943,-96.592,42.551],"geometry":{"type":"MultiPolygon","coordinates":[[[[-101.008,42.488],[-99.314,42.551],[-98.181,42.292],[-97.113,41.68],[-96.68,41.129],[-96.592,40.814],[-98.116,37.347],[-98.673,37.261],[-99.333,36.943],[-101.151,37.399],[-102.055,37.126],[-102.429,37.461],[-102.387,37.793],[-102.019,38.3],[-101.94,39.253],[-102.685,39.891],[-102.694,40.19],[-102.19,40.832],[-102.175,41.057],[-102.391,41.121],[-101.689,42.326],[-101.008,42.488]]]]}},{"type":"Feature","properties":{"NAME":"Yaros","SUBJECTO":"Yaros","PARTOF":"Yaros","BORDERPRECISION":"1"},"bbox":[-58.439,-33.688,-57.604,-33.046],"geometry":{"type":"MultiPolygon","coordinates":[[[[-58.439,-33.444],[-57.874,-33.046],[-57.62,-33.074],[-57.604,-33.508],[-57.712,-33.688],[-58.401,-33.657],[-58.439,-33.444]]]]}},{"type":"Feature","properties":{"NAME":"Qwû'lh-hwai-pûm (Klickitat)","SUBJECTO":"Qwû'lh-hwai-pûm (Klickitat)","PARTOF":"Qwû'lh-hwai-pûm (Klickitat)","BORDERPRECISION":"1"},"bbox":[-122.718,45.855,-120.917,46.715],"geometry":{"type":"MultiPolygon","coordinates":[[[[-122.718,46.2],[-122.605,46.366],[-122.094,46.421],[-121.567,46.715],[-121.063,46.584],[-120.917,46.075],[-121.021,45.925],[-121.305,45.869],[-122.104,45.855],[-122.524,45.916],[-122.718,46.2]]]]}},{"type":"Feature","properties":{"NAME":"Wappinger","SUBJECTO":"Wappinger","PARTOF":"Wappinger","BORDERPRECISION":"1"},"bbox":[-73.993,40.784,-72.352,41.764],"geometry":{"type":"MultiPolygon","coordinates":[[[[-72.854,41.294],[-73.993,40.784],[-73.858,41.186],[-73.961,41.536],[-72.798,41.764],[-72.622,41.713],[-72.643,41.572],[-72.352,41.341],[-72.854,41.294]]]]}},{"type":"Feature","properties":{"NAME":"Chitimacha","SUBJECTO":"Chitimacha","PARTOF":"Chitimacha","BORDERPRECISION":"1"},"bbox":[-92.213,29.096,-89.045,30.306],"geometry":{"type":"MultiPolygon","coordinates":[[[[-89.38,29.873],[-89.686,29.706],[-89.677,29.591],[-89.045,29.116],[-89.498,29.096],[-89.622,29.284],[-90.198,29.527],[-90.298,29.374],[-90.092,29.222],[-90.235,29.119],[-90.436,29.326],[-90.785,29.111],[-91.951,29.832],[-92.21,29.804],[-92.201,30.114],[-91.903,30.306],[-91.486,29.997],[-90.497,30.038],[-90.335,29.942],[-89.791,30.106],[-89.38,29.873]]],[[[-91.978,29.625],[-92.181,29.546],[-92.213,29.792],[-91.978,29.625]]]]}},{"type":"Feature","properties":{"NAME":"Congaree","SUBJECTO":"Congaree","PARTOF":"Congaree","BORDERPRECISION":"1"},"bbox":[-81.573,33.393,-80.47,34.247],"geometry":{"type":"MultiPolygon","coordinates":[[[[-80.603,33.624],[-81.299,33.393],[-81.573,33.604],[-81.486,33.858],[-80.713,34.247],[-80.47,34.069],[-80.603,33.624]]]]}},{"type":"Feature","properties":{"NAME":"Trio/Wü tarëno","SUBJECTO":"Trio/Wü tarëno","PARTOF":"Trio/Wü tarëno","BORDERPRECISION":"1"},"bbox":[-58.211,1.269,-54.976,4.286],"geometry":{"type":"MultiPolygon","coordinates":[[[[-57.66,2.54],[-58.211,3.993],[-58.106,4.244],[-57.962,4.286],[-56.497,3.543],[-55.374,3.371],[-55.002,2.828],[-54.976,2.332],[-55.249,1.778],[-55.928,1.269],[-56.256,1.349],[-57.498,2.287],[-57.66,2.54]]]]}},{"type":"Feature","properties":{"NAME":"Nor Rel Muk Wintu","SUBJECTO":"Nor Rel Muk Wintu","PARTOF":"Nor Rel Muk Wintu","BORDERPRECISION":"1"},"bbox":[-123.492,40.091,-122.547,40.759],"geometry":{"type":"MultiPolygon","coordinates":[[[[-123.095,40.759],[-122.902,40.504],[-122.709,40.664],[-122.547,40.598],[-123.07,40.091],[-123.492,40.596],[-123.095,40.759]]]]}},{"type":"Feature","properties":{"NAME":"Wangunks","SUBJECTO":"Wangunks","PARTOF":"Wangunks","BORDERPRECISION":"1"},"bbox":[-72.732,41.406,-72.37,41.99],"geometry":{"type":"MultiPolygon","coordinates":[[[[-72.732,41.876],[-72.609,41.99],[-72.375,41.927],[-72.37,41.451],[-72.727,41.406],[-72.732,41.876]]]]}},{"type":"Feature","properties":{"NAME":"Yukpa","SUBJECTO":"Yukpa","PARTOF":"Yukpa","BORDERPRECISION":"1"},"bbox":[-73.519,9.323,-72.573,10.519],"geometry":{"type":"MultiPolygon","coordinates":[[[[-72.774,10.519],[-72.573,10.395],[-72.858,9.456],[-73.393,9.323],[-73.519,9.497],[-73.443,10.091],[-73.134,10.486],[-72.774,10.519]]]]}},{"type":"Feature","properties":{"NAME":"Jupaú (Kawahib)","SUBJECTO":"Jupaú (Kawahib)","PARTOF":"Jupaú (Kawahib)","BORDERPRECISION":"1"},"bbox":[-64.429,-11.834,-62.53,-10.383],"geometry":{"type":"MultiPolygon","coordinates":[[[[-63.891,-11.833],[-64.002,-11.579],[-63.868,-11.312],[-64.363,-11.122],[-64.429,-10.794],[-64.046,-10.746],[-63.961,-10.514],[-63.502,-10.683],[-63.431,-10.459],[-63.22,-10.383],[-62.913,-10.827],[-62.996,-10.935],[-62.899,-11.154],[-62.693,-11.123],[-62.53,-11.496],[-62.818,-11.712],[-63.163,-11.685],[-63.269,-11.834],[-63.891,-11.833]]]]}},{"type":"Feature","properties":{"NAME":"Ulwas","SUBJECTO":"Ulwas","PARTOF":"Ulwas","BORDERPRECISION":"1"},"bbox":[-84.551,12.715,-83.707,13.465],"geometry":{"type":"MultiPolygon","coordinates":[[[[-83.707,13.368],[-83.728,12.778],[-84.201,12.715],[-84.551,13.005],[-84.534,13.265],[-84.297,13.465],[-83.707,13.368]]]]}},{"type":"Feature","properties":{"NAME":"Nomatsigenga","SUBJECTO":"Nomatsigenga","PARTOF":"Nomatsigenga","BORDERPRECISION":"1"},"bbox":[-74.548,-11.912,-74.041,-11.15],"geometry":{"type":"MultiPolygon","coordinates":[[[[-74.379,-11.912],[-74.531,-11.796],[-74.548,-11.546],[-74.367,-11.15],[-74.178,-11.296],[-74.041,-11.898],[-74.379,-11.912]]]]}},{"type":"Feature","properties":{"NAME":"Yamhill","SUBJECTO":"Yamhill","PARTOF":"Yamhill","BORDERPRECISION":"1"},"bbox":[-123.772,44.909,-122.958,45.285],"geometry":{"type":"MultiPolygon","coordinates":[[[[-123.111,44.917],[-123.676,44.909],[-123.772,45.139],[-123.69,45.255],[-122.958,45.285],[-123.111,44.917]]]]}},{"type":"Feature","properties":{"NAME":"Moneton","SUBJECTO":"Moneton","PARTOF":"Moneton","BORDERPRECISION":"1"},"bbox":[-82.2,35.871,-79.662,38.857],"geometry":{"type":"MultiPolygon","coordinates":[[[[-81.387,37.3],[-81.606,37.71],[-82.013,37.892],[-82.2,38.143],[-82.134,38.857],[-81.848,38.677],[-81.233,38.565],[-80.409,38.668],[-80.035,38.393],[-79.915,38.651],[-79.662,38.608],[-80.541,37.44],[-80.607,36.985],[-80.508,36.932],[-80.755,36.567],[-81.299,36.244],[-81.409,36.031],[-81.826,35.871],[-81.914,36.563],[-81.343,36.862],[-81.497,37.178],[-81.387,37.3]]]]}},{"type":"Feature","properties":{"NAME":"O-ga-xpa Ma-zhoⁿ (O-ga-xpa)","SUBJECTO":"O-ga-xpa Ma-zhoⁿ (O-ga-xpa)","PARTOF":"O-ga-xpa Ma-zhoⁿ (O-ga-xpa)","BORDERPRECISION":"1"},"bbox":[-100.03,31.801,-87.087,39.035],"geometry":{"type":"MultiPolygon","coordinates":[[[[-91.666,37.115],[-91.461,37.274],[-91.328,37.638],[-90.771,37.994],[-90.909,38.699],[-90.392,38.982],[-89.717,39.035],[-89.586,38.712],[-89.7,38.256],[-89.249,38.005],[-88.991,37.67],[-88.835,37.681],[-88.219,38.265],[-87.087,38.181],[-87.364,37.946],[-87.432,37.518],[-87.631,37.369],[-87.477,36.698],[-88.626,36.617],[-88.869,36.489],[-89.587,35.577],[-89.574,35.409],[-89.168,35.179],[-89.17,35.04],[-89.657,34.878],[-89.977,33.998],[-90.334,33.486],[-90.264,33.126],[-90.027,32.877],[-90.358,32.508],[-90.129,32.202],[-90.339,32.001],[-91.073,32.048],[-92.981,32.504],[-93.124,32.362],[-93.413,32.343],[-93.272,32.07],[-93.69,31.801],[-94.069,32.044],[-94.092,32.783],[-94.55,33.492],[-95.134,33.845],[-96.015,33.864],[-96.428,33.74],[-96.916,33.873],[-97.157,33.792],[-97.969,33.896],[-98.299,34.11],[-99.877,34.397],[-100.03,34.695],[-99.977,35.984],[-99.457,36.001],[-99.344,36.156],[-99.09,36.195],[-98.289,35.497],[-97.502,35.234],[-97.315,35.34],[-97.012,36.508],[-96.172,37.021],[-95.456,37.27],[-94.72,37.322],[-94.275,36.573],[-94.037,36.443],[-92.956,36.514],[-92.743,36.793],[-91.666,37.115]]]]}},{"type":"Feature","properties":{"NAME":"Bidai","SUBJECTO":"Bidai","PARTOF":"Bidai","BORDERPRECISION":"1"},"bbox":[-96.008,30.311,-94.596,31.286],"geometry":{"type":"MultiPolygon","coordinates":[[[[-95.692,31.282],[-95.352,31.286],[-94.596,30.975],[-94.609,30.481],[-94.782,30.311],[-95.519,30.456],[-95.801,30.633],[-96.008,31.149],[-95.692,31.282]]]]}},{"type":"Feature","properties":{"NAME":"Huasteco/Teenek","SUBJECTO":"Huasteco/Teenek","PARTOF":"Huasteco/Teenek","BORDERPRECISION":"1"},"bbox":[-99.433,21.229,-97.531,23.043],"geometry":{"type":"MultiPolygon","coordinates":[[[[-97.531,21.267],[-97.986,21.229],[-98.492,21.476],[-99.023,21.343],[-99.113,21.608],[-99.433,21.794],[-99.178,21.954],[-99.298,22.68],[-99.137,22.901],[-98.97,23.043],[-98.524,22.576],[-98.391,22.575],[-98.55,21.918],[-98.285,21.572],[-97.62,21.529],[-97.531,21.267]]]]}},{"type":"Feature","properties":{"NAME":"Northern Pomo","SUBJECTO":"Northern Pomo","PARTOF":"Northern Pomo","BORDERPRECISION":"1"},"bbox":[-123.856,39.011,-122.816,39.614],"geometry":{"type":"MultiPolygon","coordinates":[[[[-123.856,39.331],[-123.816,39.529],[-123.552,39.614],[-122.992,39.36],[-122.816,39.07],[-122.959,39.011],[-123.398,39.164],[-123.322,39.028],[-123.453,39.011],[-123.856,39.331]]]]}},{"type":"Feature","properties":{"NAME":"Lassik","SUBJECTO":"Lassik","PARTOF":"Lassik","BORDERPRECISION":"1"},"bbox":[-123.75,40.12,-122.948,40.363],"geometry":{"type":"MultiPolygon","coordinates":[[[[-123.739,40.263],[-123.3,40.363],[-122.948,40.145],[-123.75,40.12],[-123.739,40.263]]]]}},{"type":"Feature","properties":{"NAME":"Mountain Maidu","SUBJECTO":"Mountain Maidu","PARTOF":"Mountain Maidu","BORDERPRECISION":"1"},"bbox":[-121.652,39.614,-120.146,40.606],"geometry":{"type":"MultiPolygon","coordinates":[[[[-121.52,40.505],[-120.707,40.464],[-120.388,40.606],[-120.201,40.296],[-120.146,39.809],[-120.707,39.614],[-121.52,40.12],[-121.652,40.497],[-121.52,40.505]]]]}},{"type":"Feature","properties":{"NAME":"Chukchansi","SUBJECTO":"Chukchansi","PARTOF":"Chukchansi","BORDERPRECISION":"1"},"bbox":[-120.082,37.069,-119.567,37.531],"geometry":{"type":"MultiPolygon","coordinates":[[[[-119.972,37.371],[-119.679,37.531],[-119.567,37.069],[-119.901,37.076],[-120.082,37.261],[-119.972,37.371]]]]}},{"type":"Feature","properties":{"NAME":"Hoocąk (Ho-Chunk)","SUBJECTO":"Hoocąk (Ho-Chunk)","PARTOF":"Hoocąk (Ho-Chunk)","BORDERPRECISION":"1"},"bbox":[-91.962,41.477,-87.397,44.696],"geometry":{"type":"MultiPolygon","coordinates":[[[[-87.991,44.671],[-87.943,44.565],[-87.718,44.696],[-87.397,44.624],[-87.908,43.192],[-87.653,41.968],[-88.807,41.618],[-90.61,41.477],[-90.188,41.811],[-90.197,42.145],[-90.639,42.472],[-90.689,42.635],[-91.079,42.75],[-91.167,43.081],[-91.082,43.299],[-91.232,43.413],[-91.263,43.825],[-91.962,44.379],[-89.252,44.414],[-87.991,44.671]]]]}},{"type":"Feature","properties":{"NAME":"Kaska Dena Kayeh","SUBJECTO":"Kaska Dena Kayeh","PARTOF":"Kaska Dena Kayeh","BORDERPRECISION":"1"},"bbox":[-135.11,56.825,-123.289,63.607],"geometry":{"type":"MultiPolygon","coordinates":[[[[-130.913,60.01],[-131.155,60.501],[-131.089,61.026],[-131.353,61.143],[-133.176,61.186],[-134.099,61.407],[-134.363,61.575],[-134.385,62.114],[-135.11,62.145],[-135.044,62.603],[-134.077,62.845],[-134.033,63.065],[-132.869,63.313],[-131.133,63.263],[-130.386,63.607],[-129.507,63.529],[-128.123,62.634],[-127.463,62.533],[-126.892,62.145],[-125.75,61.742],[-124.475,61.037],[-124.014,60.294],[-123.684,59.999],[-123.838,59.999],[-123.728,58.916],[-123.442,58.505],[-123.508,58.229],[-123.289,57.915],[-123.992,57.634],[-124.124,57.243],[-123.904,57.124],[-124.541,57.077],[-124.893,56.885],[-126.87,57.017],[-127.507,56.825],[-127.837,57.065],[-127.771,57.469],[-127.947,57.728],[-128.628,57.833],[-128.672,57.681],[-128.848,57.728],[-129.045,57.962],[-129.331,58.055],[-129.463,58.402],[-129.683,58.517],[-130.781,58.54],[-130.803,58.871],[-130.474,59.198],[-130.979,59.59],[-131.067,59.767],[-130.913,60.01]]]]}},{"type":"Feature","properties":{"NAME":"Baré","SUBJECTO":"Baré","PARTOF":"Baré","BORDERPRECISION":"1"},"bbox":[-67.333,1.242,-66.374,2.29],"geometry":{"type":"MultiPolygon","coordinates":[[[[-67.072,2.112],[-66.865,2.088],[-66.498,2.29],[-66.374,2.15],[-66.471,1.601],[-66.889,1.242],[-67.106,1.825],[-67.333,1.999],[-67.072,2.112]]]]}},{"type":"Feature","properties":{"NAME":"Vuntut Gwitchin","SUBJECTO":"Vuntut Gwitchin","PARTOF":"Vuntut Gwitchin","BORDERPRECISION":"1"},"bbox":[-141.021,64.821,-135,68.536],"geometry":{"type":"MultiPolygon","coordinates":[[[[-141.021,68.496],[-139.307,68.536],[-136.055,67.925],[-136.055,67.693],[-135.549,67.281],[-135.549,66.844],[-135.286,66.731],[-135,65.586],[-136.099,65.531],[-135.33,65.312],[-136.033,65.109],[-136.055,64.914],[-140.977,64.821],[-141.021,68.496]]]]}},{"type":"Feature","properties":{"NAME":"Omàmìwininìwag (Algonquin)","SUBJECTO":"Omàmìwininìwag (Algonquin)","PARTOF":"Omàmìwininìwag (Algonquin)","BORDERPRECISION":"1"},"bbox":[-80.613,44.48,-73.453,49.228],"geometry":{"type":"MultiPolygon","coordinates":[[[[-78.102,48.897],[-77.432,48.824],[-77.327,48.547],[-76.948,48.782],[-76.774,48.721],[-76.813,48.601],[-76.411,48.466],[-76.577,47.975],[-75.892,47.848],[-75.361,47.557],[-74.931,46.632],[-74.58,46.555],[-74.356,46.357],[-73.856,46.313],[-73.479,45.956],[-73.453,45.716],[-73.711,45.695],[-74.004,45.48],[-74.618,45.456],[-74.789,45.172],[-75.378,44.899],[-75.745,44.546],[-76.226,44.48],[-76.997,44.624],[-78.456,45.296],[-79.319,46.321],[-79.509,46.387],[-79.643,46.805],[-80.272,46.854],[-80.32,47.097],[-80.567,47.293],[-80.613,47.705],[-80.36,48.122],[-80.472,48.269],[-80.349,49.227],[-79.654,49.228],[-79.55,49.079],[-79.349,49.178],[-78.102,48.897]]]]}},{"type":"Feature","properties":{"NAME":"Pankará","SUBJECTO":"Pankará","PARTOF":"Pankará","BORDERPRECISION":"1"},"bbox":[-38.795,-8.498,-38.66,-8.346],"geometry":{"type":"MultiPolygon","coordinates":[[[[-38.795,-8.44],[-38.66,-8.346],[-38.673,-8.498],[-38.795,-8.44]]]]}},{"type":"Feature","properties":{"NAME":"Newe (Western Shoshone)","SUBJECTO":"Newe (Western Shoshone)","PARTOF":"Newe (Western Shoshone)","BORDERPRECISION":"1"},"bbox":[-118.564,33.669,-114.104,42.44],"geometry":{"type":"MultiPolygon","coordinates":[[[[-115.62,33.669],[-117.598,34.994],[-117.795,35.782],[-118.235,36.297],[-118.564,37.701],[-118.367,38.083],[-117.488,38.823],[-117.158,39.351],[-117.158,40.061],[-116.565,40.647],[-116.543,41.278],[-115.269,41.853],[-115.071,42.066],[-115.005,42.44],[-114.104,42.229],[-114.126,41.393],[-114.521,40.664],[-114.543,40.246],[-114.412,39.198],[-114.521,38.754],[-114.28,38.307],[-114.346,37.927],[-114.192,37.719],[-114.214,37.388],[-115.181,36.28],[-115.334,34.868],[-115.137,34.125],[-115.203,33.797],[-115.62,33.669]]]]}},{"type":"Feature","properties":{"NAME":"Pocomoke","SUBJECTO":"Pocomoke","PARTOF":"Pocomoke","BORDERPRECISION":"1"},"bbox":[-75.926,37.907,-75.087,38.391],"geometry":{"type":"MultiPolygon","coordinates":[[[[-75.087,38.391],[-75.474,37.907],[-75.682,38.032],[-75.85,37.978],[-75.748,38.15],[-75.926,38.174],[-75.857,38.246],[-75.087,38.391]]]]}},{"type":"Feature","properties":{"NAME":"Cochimí","SUBJECTO":"Cochimí","PARTOF":"Cochimí","BORDERPRECISION":"1"},"bbox":[-115.871,25.557,-111.169,30.799],"geometry":{"type":"MultiPolygon","coordinates":[[[[-114.722,30.372],[-114.389,29.762],[-114.1,29.642],[-113.593,29.103],[-113.322,28.556],[-112.87,28.335],[-112.724,27.705],[-112.284,27.509],[-111.915,26.664],[-111.594,26.76],[-111.388,26.149],[-111.481,25.829],[-111.169,25.577],[-111.79,25.557],[-111.904,25.756],[-112.172,25.75],[-112.558,26.32],[-112.981,26.503],[-113.285,26.808],[-113.585,26.769],[-114.478,27.244],[-115.055,27.853],[-114.479,27.78],[-114.214,27.908],[-114.067,28.423],[-114.483,28.912],[-115.602,29.685],[-115.871,30.361],[-114.734,30.799],[-114.722,30.372]]]]}},{"type":"Feature","properties":{"NAME":"Adena","SUBJECTO":"Adena","PARTOF":"Adena","BORDERPRECISION":"1"},"bbox":[-86.433,36.641,-81.354,39.977],"geometry":{"type":"MultiPolygon","coordinates":[[[[-81.354,38.22],[-81.395,38.001],[-82.654,37.453],[-83.383,36.895],[-85.04,36.641],[-85.84,36.89],[-86.253,37.363],[-86.433,37.941],[-86.405,38.623],[-86.088,39.384],[-85.451,39.766],[-83.56,39.977],[-82.706,39.916],[-81.972,39.602],[-81.591,39.108],[-81.354,38.22]]]]}},{"type":"Feature","properties":{"NAME":"Yihamwo (Yagua)","SUBJECTO":"Yihamwo (Yagua)","PARTOF":"Yihamwo (Yagua)","BORDERPRECISION":"1"},"bbox":[-73.355,-4.458,-69.909,-2.441],"geometry":{"type":"MultiPolygon","coordinates":[[[[-73.206,-4.188],[-73.355,-3.841],[-72.856,-2.896],[-72.112,-3.181],[-71.694,-3.145],[-70.712,-2.441],[-70.398,-2.48],[-70.013,-2.818],[-69.909,-3.377],[-70.022,-3.649],[-71.037,-4.347],[-71.782,-4.458],[-73.206,-4.188]]]]}},{"type":"Feature","properties":{"NAME":"Kawahib (Parintintin)","SUBJECTO":"Kawahib (Parintintin)","PARTOF":"Kawahib (Parintintin)","BORDERPRECISION":"1"},"bbox":[-63.018,-8.704,-62.095,-6.774],"geometry":{"type":"MultiPolygon","coordinates":[[[[-62.184,-8.704],[-62.353,-8.691],[-62.749,-8.29],[-63.018,-7.502],[-62.861,-7.04],[-62.546,-6.774],[-62.235,-6.86],[-62.095,-7.103],[-62.305,-7.882],[-62.184,-8.704]]]]}},{"type":"Feature","properties":{"NAME":"Deg Xit'an Ngan' (Deg Xit'an)","SUBJECTO":"Deg Xit'an Ngan' (Deg Xit'an)","PARTOF":"Deg Xit'an Ngan' (Deg Xit'an)","BORDERPRECISION":"1"},"bbox":[-161.635,61.642,-154.361,63.485],"geometry":{"type":"MultiPolygon","coordinates":[[[[-160.346,63.485],[-160.409,62.996],[-160.162,62.821],[-158.046,62.72],[-156.428,62.394],[-155.292,62.353],[-154.361,61.663],[-155.749,61.642],[-158.804,62.103],[-161.444,62.282],[-161.635,62.47],[-161.416,63.004],[-160.346,63.485]]]]}},{"type":"Feature","properties":{"NAME":"Chowanoke","SUBJECTO":"Chowanoke","PARTOF":"Chowanoke","BORDERPRECISION":"1"},"bbox":[-77.438,35.956,-76.587,36.621],"geometry":{"type":"MultiPolygon","coordinates":[[[[-76.587,36.066],[-76.71,36.353],[-76.727,35.992],[-76.603,35.987],[-77.182,35.956],[-77.438,36.44],[-77.192,36.614],[-76.913,36.621],[-76.647,36.39],[-76.587,36.066]]]]}},{"type":"Feature","properties":{"NAME":"Winefelly","SUBJECTO":"Winefelly","PARTOF":"Winefelly","BORDERPRECISION":"1"},"bbox":[-123.112,43.658,-122.381,44.123],"geometry":{"type":"MultiPolygon","coordinates":[[[[-123.112,44.123],[-122.435,44.109],[-122.381,43.658],[-123.008,43.786],[-123.112,44.123]]]]}},{"type":"Feature","properties":{"NAME":"Tŝilhqot’in Nen","SUBJECTO":"Tŝilhqot’in Nen","PARTOF":"Tŝilhqot’in Nen","BORDERPRECISION":"1"},"bbox":[-126.368,50.608,-121.151,53.379],"geometry":{"type":"MultiPolygon","coordinates":[[[[-125.623,52.903],[-124.849,53.28],[-124.212,53.379],[-121.246,53.287],[-122.225,52.875],[-121.944,52.553],[-122.295,52.423],[-122.273,51.928],[-122.402,51.817],[-122.228,51.308],[-121.891,50.969],[-121.977,51.2],[-121.603,51.047],[-121.151,51.092],[-121.689,50.608],[-123.725,50.695],[-123.71,50.873],[-124.167,51.014],[-124.673,51.365],[-125.02,51.252],[-124.803,51.384],[-124.837,51.504],[-125.292,51.46],[-125.491,51.99],[-125.624,51.922],[-125.862,52.037],[-125.963,51.838],[-126.073,52.212],[-126.368,52.506],[-125.623,52.903]]]]}},{"type":"Feature","properties":{"NAME":"Kwazá","SUBJECTO":"Kwazá","PARTOF":"Kwazá","BORDERPRECISION":"1"},"bbox":[-61.493,-12.839,-60.443,-12.24],"geometry":{"type":"MultiPolygon","coordinates":[[[[-61.493,-12.316],[-61.346,-12.24],[-61.263,-12.379],[-60.445,-12.536],[-60.443,-12.839],[-60.806,-12.757],[-60.81,-12.448],[-61.444,-12.457],[-61.493,-12.316]]]]}},{"type":"Feature","properties":{"NAME":"Yine","SUBJECTO":"Yine","PARTOF":"Yine","BORDERPRECISION":"1"},"bbox":[-74.093,-12.592,-68.71,-10.106],"geometry":{"type":"MultiPolygon","coordinates":[[[[-74.093,-10.637],[-73.974,-10.388],[-73.696,-10.239],[-73.172,-10.185],[-71.798,-10.255],[-70.948,-10.106],[-69.505,-10.383],[-69.043,-10.556],[-68.731,-11.003],[-68.71,-12.227],[-69.228,-12.46],[-70.633,-12.592],[-72.049,-12.076],[-73.016,-11.988],[-73.781,-11.481],[-74.017,-11.129],[-74.093,-10.637]]]]}},{"type":"Feature","properties":{"NAME":"Ecuana","SUBJECTO":"Ecuana","PARTOF":"Ecuana","BORDERPRECISION":"1"},"bbox":[-67.381,-13.583,-66.392,-11.948],"geometry":{"type":"MultiPolygon","coordinates":[[[[-67.315,-12.252],[-66.995,-11.948],[-66.797,-11.948],[-66.496,-12.298],[-66.392,-12.542],[-66.434,-13.056],[-66.689,-13.556],[-67.051,-13.583],[-67.381,-13.409],[-67.315,-12.252]]]]}},{"type":"Feature","properties":{"NAME":"Misak","SUBJECTO":"Misak","PARTOF":"Misak","BORDERPRECISION":"1"},"bbox":[-77.199,2.118,-75.92,3.47],"geometry":{"type":"MultiPolygon","coordinates":[[[[-77.046,3.194],[-76.959,3.369],[-76.702,3.47],[-76.492,3.342],[-75.94,2.586],[-75.92,2.364],[-76.078,2.118],[-76.99,2.219],[-77.199,2.86],[-77.046,3.194]]]]}},{"type":"Feature","properties":{"NAME":"Yurutí","SUBJECTO":"Yurutí","PARTOF":"Yurutí","BORDERPRECISION":"1"},"bbox":[-70.717,0.661,-70.206,1.096],"geometry":{"type":"MultiPolygon","coordinates":[[[[-70.27,0.683],[-70.717,0.661],[-70.652,1.014],[-70.206,1.096],[-70.27,0.683]]]]}},{"type":"Feature","properties":{"NAME":"Tagish","SUBJECTO":"Tagish","PARTOF":"Tagish","BORDERPRECISION":"1"},"bbox":[-135.439,59.311,-133.154,60.565],"geometry":{"type":"MultiPolygon","coordinates":[[[[-134.692,59.311],[-135.439,59.889],[-135.439,60.131],[-133.857,60.565],[-133.154,60.087],[-133.154,59.845],[-133.418,59.601],[-133.945,59.378],[-134.692,59.311]]]]}},{"type":"Feature","properties":{"NAME":"Warao","SUBJECTO":"Warao","PARTOF":"Warao","BORDERPRECISION":"1"},"bbox":[-63.381,5.432,-57.1,10.55],"geometry":{"type":"MultiPolygon","coordinates":[[[[-62.914,10.547],[-62.925,10.369],[-62.385,10.014],[-62.297,9.722],[-62.103,10.021],[-61.531,9.851],[-60.793,9.388],[-61.121,9.165],[-61.29,8.771],[-61.765,8.583],[-60.213,8.563],[-59.194,8.032],[-58.744,7.643],[-58.509,6.559],[-58.437,6.701],[-57.1,5.663],[-57.103,5.432],[-58.641,6.372],[-59.657,7.677],[-61.405,8.163],[-61.879,8.509],[-62.263,8.536],[-62.439,8.908],[-62.954,9.22],[-63.028,9.764],[-63.371,10.094],[-63.381,10.256],[-62.825,10.55],[-62.914,10.547]]]]}},{"type":"Feature","properties":{"NAME":"Banawá","SUBJECTO":"Banawá","PARTOF":"Banawá","BORDERPRECISION":"1"},"bbox":[-65.108,-7.133,-64.672,-6.518],"geometry":{"type":"MultiPolygon","coordinates":[[[[-65.012,-6.556],[-64.814,-6.518],[-64.672,-6.72],[-65.022,-7.133],[-65.108,-6.798],[-65.012,-6.556]]]]}},{"type":"Feature","properties":{"NAME":"Paspahegh","SUBJECTO":"Paspahegh","PARTOF":"Paspahegh","BORDERPRECISION":"1"},"bbox":[-77.009,37.235,-76.751,37.442],"geometry":{"type":"MultiPolygon","coordinates":[[[[-76.852,37.358],[-76.942,37.286],[-76.825,37.235],[-77.009,37.31],[-76.909,37.442],[-76.751,37.316],[-76.852,37.358]]]]}},{"type":"Feature","properties":{"NAME":"Akaitcho","SUBJECTO":"Akaitcho","PARTOF":"Akaitcho","BORDERPRECISION":"1"},"bbox":[-118.477,58.95,-101.886,66.999],"geometry":{"type":"MultiPolygon","coordinates":[[[[-116.875,66.831],[-116.411,66.999],[-114.898,66.959],[-113.235,66.664],[-111.743,66.14],[-110.751,65.953],[-104.941,65.312],[-103.08,64.912],[-102.211,64.568],[-101.922,64.311],[-101.886,63.907],[-101.997,63.234],[-101.997,60.043],[-109.921,59.984],[-110.171,59.623],[-111.503,59.63],[-111.753,59.311],[-111.621,59.131],[-111.885,58.95],[-113.599,59.198],[-114.302,59.668],[-114.653,59.756],[-114.741,59.977],[-115.005,60.152],[-115.884,60.196],[-115.796,60.501],[-115.181,60.673],[-114.961,60.866],[-114.961,61.228],[-115.576,62.227],[-115.225,62.975],[-115.532,64.718],[-117.51,65.857],[-118.477,66.143],[-118.037,66.426],[-116.875,66.831]]]]}},{"type":"Feature","properties":{"NAME":"Hualapai","SUBJECTO":"Hualapai","PARTOF":"Hualapai","BORDERPRECISION":"1"},"bbox":[-114.753,34.197,-111.424,36.401],"geometry":{"type":"MultiPolygon","coordinates":[[[[-114.13,34.303],[-114.375,34.452],[-114.637,34.884],[-114.569,35.194],[-114.753,36.094],[-114.364,36.141],[-114.18,36.02],[-114.012,36.198],[-113.648,35.825],[-113.397,35.753],[-113.319,36.097],[-112.558,36.401],[-112.456,36.358],[-112.524,36.25],[-112.203,36.097],[-111.908,36.046],[-111.709,36.196],[-111.658,35.962],[-111.424,35.883],[-111.626,35.296],[-112.498,35.277],[-112.639,34.989],[-113.03,34.745],[-113.144,34.357],[-113.7,34.197],[-114.13,34.303]]]]}},{"type":"Feature","properties":{"NAME":"Mnicoujou","SUBJECTO":"Mnicoujou","PARTOF":"Mnicoujou","BORDERPRECISION":"1"},"bbox":[-102.832,43.088,-99.321,45.093],"geometry":{"type":"MultiPolygon","coordinates":[[[[-100.318,45.093],[-99.78,45.019],[-99.589,44.857],[-99.321,43.886],[-99.474,43.185],[-102.459,43.088],[-102.832,43.658],[-102.794,44.598],[-102.373,45.006],[-100.318,45.093]]]]}},{"type":"Feature","properties":{"NAME":"Denendeh (Dënësųłinë́ Nëné)","SUBJECTO":"Denendeh (Dënësųłinë́ Nëné)","PARTOF":"Denendeh (Dënësųłinë́ Nëné)","BORDERPRECISION":"1"},"bbox":[-116.772,55.033,-94.338,64.66],"geometry":{"type":"MultiPolygon","coordinates":[[[[-94.338,60.836],[-94.753,59.95],[-94.719,58.841],[-94.91,58.679],[-99.289,58.614],[-101.601,58.258],[-102.606,57.79],[-102.79,57.338],[-102.758,56.95],[-103.008,56.676],[-105.578,56.094],[-107.092,55.302],[-107.874,55.089],[-108.812,55.033],[-110.616,55.178],[-111.525,55.994],[-112.369,57.148],[-113.191,57.619],[-114.307,58.033],[-115.109,58.154],[-115.549,58.75],[-115.549,59.382],[-116.183,59.744],[-116.392,60.44],[-116.77,60.829],[-116.772,61.168],[-116.453,61.546],[-115.805,61.786],[-114.633,62.513],[-111.292,62.816],[-110.586,62.989],[-109.416,63.342],[-109.22,63.812],[-108.292,64.425],[-107.307,64.66],[-105.302,64.585],[-101.985,64.151],[-100.691,63.55],[-99.584,62.649],[-96.634,61.641],[-95.612,61.148],[-94.974,61.105],[-94.338,60.836]]]]}},{"type":"Feature","properties":{"NAME":"Wicocomico","SUBJECTO":"Wicocomico","PARTOF":"Wicocomico","BORDERPRECISION":"1"},"bbox":[-76.408,37.767,-76.232,37.936],"geometry":{"type":"MultiPolygon","coordinates":[[[[-76.298,37.767],[-76.408,37.936],[-76.232,37.906],[-76.298,37.767]]]]}},{"type":"Feature","properties":{"NAME":"Te’mexw Treaty Association","SUBJECTO":"Te’mexw Treaty Association","PARTOF":"Te’mexw Treaty Association","BORDERPRECISION":"1"},"bbox":[-124.828,48.477,-123.611,49.548],"geometry":{"type":"MultiPolygon","coordinates":[[[[-124.718,49.491],[-123.961,49.222],[-124.233,49.07],[-124.156,48.751],[-123.611,48.697],[-123.719,48.477],[-124.048,48.503],[-123.997,48.571],[-124.189,48.638],[-124.242,49.07],[-124.714,49.221],[-124.395,49.357],[-124.828,49.548],[-124.718,49.491]]]]}},{"type":"Feature","properties":{"NAME":"Leco","SUBJECTO":"Leco","PARTOF":"Leco","BORDERPRECISION":"1"},"bbox":[-68.646,-15.375,-67.535,-14.436],"geometry":{"type":"MultiPolygon","coordinates":[[[[-67.535,-14.59],[-67.702,-15.241],[-67.899,-15.323],[-68.118,-15.375],[-68.472,-15.207],[-68.646,-14.913],[-68.512,-14.584],[-68.333,-14.48],[-68.055,-14.436],[-67.535,-14.59]]]]}},{"type":"Feature","properties":{"NAME":"Kadiwéu","SUBJECTO":"Kadiwéu","PARTOF":"Kadiwéu","BORDERPRECISION":"1"},"bbox":[-57.819,-21.053,-56.889,-20.195],"geometry":{"type":"MultiPolygon","coordinates":[[[[-57.813,-20.979],[-57.819,-20.812],[-57.458,-20.57],[-57.307,-20.195],[-56.939,-20.248],[-56.889,-21.053],[-57.282,-20.849],[-57.813,-20.979]]]]}},{"type":"Feature","properties":{"NAME":"Skykomish","SUBJECTO":"Skykomish","PARTOF":"Skykomish","BORDERPRECISION":"1"},"bbox":[-122.125,47.578,-121.108,48.041],"geometry":{"type":"MultiPolygon","coordinates":[[[[-121.108,47.655],[-121.443,47.578],[-121.592,47.74],[-121.889,47.734],[-122.125,47.886],[-121.939,48.041],[-121.151,47.999],[-121.108,47.655]]]]}},{"type":"Feature","properties":{"NAME":"Kashtik ","SUBJECTO":"Kashtik ","PARTOF":"Kashtik ","BORDERPRECISION":"1"},"bbox":[-118.953,34.829,-118.684,35.082],"geometry":{"type":"MultiPolygon","coordinates":[[[[-118.817,34.829],[-118.953,35.082],[-118.684,34.925],[-118.817,34.829]]]]}},{"type":"Feature","properties":{"NAME":"Moose Cree","SUBJECTO":"Moose Cree","PARTOF":"Moose Cree","BORDERPRECISION":"1"},"bbox":[-83.705,48.944,-79.113,51.892],"geometry":{"type":"MultiPolygon","coordinates":[[[[-80.573,51.641],[-80.361,51.304],[-80.073,51.298],[-79.338,50.843],[-79.594,51.266],[-79.39,51.522],[-79.233,51.351],[-79.2,51.11],[-79.332,50.945],[-79.146,50.688],[-79.113,50.366],[-79.486,49.987],[-79.53,49.646],[-80.684,49.532],[-80.782,49.703],[-81.431,50.064],[-81.595,49.93],[-81.332,49.511],[-81.881,49.425],[-82.024,49.088],[-82.727,48.944],[-83.584,48.959],[-83.474,49.625],[-83.573,49.902],[-83.705,49.909],[-82.683,50.979],[-81.332,51.433],[-80.86,51.892],[-80.573,51.641]]]]}},{"type":"Feature","properties":{"NAME":"Kwantlen","SUBJECTO":"Kwantlen","PARTOF":"Kwantlen","BORDERPRECISION":"1"},"bbox":[-123.099,48.967,-121.862,49.907],"geometry":{"type":"MultiPolygon","coordinates":[[[[-122.9,49.067],[-123.099,49.204],[-122.336,49.369],[-122.61,49.699],[-122.5,49.907],[-121.862,49.533],[-122.222,48.967],[-122.9,49.067]]]]}},{"type":"Feature","properties":{"NAME":"Chimariko (territory)","SUBJECTO":"Chimariko (territory)","PARTOF":"Chimariko (territory)","BORDERPRECISION":"1"},"bbox":[-123.53,40.622,-122.904,40.996],"geometry":{"type":"MultiPolygon","coordinates":[[[[-123.409,40.963],[-122.904,40.996],[-123.442,40.622],[-123.53,40.739],[-123.409,40.963]]]]}},{"type":"Feature","properties":{"NAME":"Sakurabiat","SUBJECTO":"Sakurabiat","PARTOF":"Sakurabiat","BORDERPRECISION":"1"},"bbox":[-61.947,-12.821,-61.543,-12.49],"geometry":{"type":"MultiPolygon","coordinates":[[[[-61.886,-12.821],[-61.947,-12.49],[-61.543,-12.511],[-61.557,-12.717],[-61.886,-12.821]]]]}},{"type":"Feature","properties":{"NAME":"Matagalpa/Cacaopera","SUBJECTO":"Matagalpa/Cacaopera","PARTOF":"Matagalpa/Cacaopera","BORDERPRECISION":"1"},"bbox":[-88.324,12.561,-85.119,14.014],"geometry":{"type":"MultiPolygon","coordinates":[[[[-86.322,12.561],[-86.396,12.949],[-86.311,13.124],[-87.9,13.902],[-87.944,13.52],[-88.145,13.486],[-88.324,13.708],[-88.247,13.999],[-88.032,14.014],[-86.31,13.126],[-85.815,13.395],[-85.496,13.394],[-85.119,13.205],[-85.154,12.814],[-85.296,12.665],[-86.322,12.561]]]]}},{"type":"Feature","properties":{"NAME":"Stz'uminus","SUBJECTO":"Stz'uminus","PARTOF":"Stz'uminus","BORDERPRECISION":"1"},"bbox":[-124.318,48.802,-121.362,49.599],"geometry":{"type":"MultiPolygon","coordinates":[[[[-122.9,49.067],[-123.224,49.339],[-122.231,49.155],[-121.705,49.28],[-121.48,49.406],[-121.459,49.599],[-121.362,49.573],[-121.375,49.381],[-121.663,49.19],[-122.234,49.102],[-122.833,49.179],[-122.9,49.067]]],[[[-123.659,48.84],[-123.923,48.802],[-124.318,48.98],[-123.816,49.086],[-123.659,48.84]]]]}},{"type":"Feature","properties":{"NAME":"Bora","SUBJECTO":"Bora","PARTOF":"Bora","BORDERPRECISION":"1"},"bbox":[-73.2,-2.9,-71.209,-1.437],"geometry":{"type":"MultiPolygon","coordinates":[[[[-71.209,-2.382],[-71.481,-2.9],[-71.889,-2.823],[-72.54,-2.275],[-73.072,-2.067],[-73.2,-1.659],[-72.773,-1.437],[-72.547,-1.499],[-71.926,-1.885],[-71.653,-2.204],[-71.209,-2.382]]]]}},{"type":"Feature","properties":{"NAME":"Maya Yucateco","SUBJECTO":"Maya Yucateco","PARTOF":"Maya Yucateco","BORDERPRECISION":"1"},"bbox":[-91.489,16.552,-86.922,21.59],"geometry":{"type":"MultiPolygon","coordinates":[[[[-90.278,21.141],[-88.334,21.59],[-87.597,21.484],[-87.371,21.571],[-86.922,21.301],[-86.936,20.976],[-87.651,20.19],[-87.66,19.875],[-87.858,19.582],[-87.637,19.575],[-87.877,18.381],[-88.138,18.894],[-88.311,18.741],[-88.399,18.309],[-88.124,18.387],[-88.3,17.635],[-88.223,17.505],[-88.352,17.267],[-89.216,16.555],[-90.417,16.552],[-91.297,17.255],[-91.489,18.058],[-91.262,18.867],[-90.747,19.29],[-90.461,21.033],[-90.278,21.141]]]]}},{"type":"Feature","properties":{"NAME":"Lokono (Arawak)","SUBJECTO":"Lokono (Arawak)","PARTOF":"Lokono (Arawak)","BORDERPRECISION":"1"},"bbox":[-60.861,-1.193,-50.628,8.601],"geometry":{"type":"MultiPolygon","coordinates":[[[[-60.539,8.601],[-59.834,8.44],[-58.881,7.797],[-58.559,7.315],[-58.509,6.559],[-58.375,6.826],[-58.006,6.789],[-57.414,6.351],[-57.065,5.837],[-56.746,6.003],[-55.911,5.776],[-55.81,5.999],[-54.895,5.995],[-53.767,5.66],[-53.948,5.048],[-53.034,3.224],[-52.376,2.952],[-51.799,2.936],[-51.003,3.286],[-50.628,1.83],[-50.933,1.285],[-50.917,0.659],[-51.045,0.242],[-51.851,-0.763],[-51.992,-1.193],[-52.288,-1.175],[-52.733,-0.749],[-52.9,0.233],[-52.715,1.418],[-52.974,2.215],[-53.381,2.788],[-53.326,3.14],[-53.098,3.294],[-53.958,5.043],[-55.749,5.159],[-57.605,5.007],[-58.058,5.196],[-58.331,5.605],[-58.521,5.689],[-59.089,5.636],[-59.342,6.003],[-59.311,6.997],[-59.458,7.383],[-59.879,7.665],[-60.861,7.907],[-60.85,8.186],[-60.539,8.601]]]]}},{"type":"Feature","properties":{"NAME":"Umurecoómajá (Tatuyo)","SUBJECTO":"Umurecoómajá (Tatuyo)","PARTOF":"Umurecoómajá (Tatuyo)","BORDERPRECISION":"1"},"bbox":[-70.662,-0.38,-70.052,0.723],"geometry":{"type":"MultiPolygon","coordinates":[[[[-70.662,0.171],[-70.506,0.723],[-70.052,0.638],[-70.053,-0.38],[-70.352,-0.358],[-70.662,0.171]]]]}},{"type":"Feature","properties":{"NAME":"Sekakawon","SUBJECTO":"Sekakawon","PARTOF":"Sekakawon","BORDERPRECISION":"1"},"bbox":[-76.659,37.847,-76.401,38.06],"geometry":{"type":"MultiPolygon","coordinates":[[[[-76.517,38.06],[-76.401,37.982],[-76.505,37.847],[-76.659,37.968],[-76.517,38.06]]]]}},{"type":"Feature","properties":{"NAME":"Wendake-Nionwentsïo","SUBJECTO":"Wendake-Nionwentsïo","PARTOF":"Wendake-Nionwentsïo","BORDERPRECISION":"1"},"bbox":[-80.754,43.456,-68.426,48.446],"geometry":{"type":"MultiPolygon","coordinates":[[[[-70.192,47.811],[-70.806,47.172],[-71.039,46.736],[-69.543,47.913],[-69.36,47.705],[-68.426,47.282],[-69.591,46.84],[-69.778,46.531],[-70.173,46.334],[-70.228,45.923],[-70.679,45.57],[-70.624,45.393],[-70.854,45.262],[-71.766,46.342],[-72.129,46.478],[-72.827,46.384],[-73.294,46.518],[-74.579,45.611],[-73.908,45.322],[-75.268,44.832],[-76.016,44.33],[-77.035,44.059],[-76.885,44.159],[-77.034,44.129],[-76.951,44.247],[-77.54,44.091],[-76.881,44.093],[-77.05,43.917],[-76.897,43.936],[-77.079,43.863],[-77.623,44.01],[-78.738,43.878],[-79.674,43.456],[-80.42,43.861],[-80.754,44.322],[-80.718,44.713],[-80.224,44.505],[-80.01,44.618],[-80.081,44.824],[-79.671,44.75],[-79.92,44.995],[-78.022,44.645],[-76.884,44.909],[-76.346,44.855],[-74.635,45.545],[-73.299,46.522],[-73.244,46.752],[-72.898,46.968],[-71.953,48.395],[-71.008,48.446],[-69.838,48.156],[-70.192,47.811]]]]}},{"type":"Feature","properties":{"NAME":"Weyanock","SUBJECTO":"Weyanock","PARTOF":"Weyanock","BORDERPRECISION":"1"},"bbox":[-77.351,37.163,-76.976,37.414],"geometry":{"type":"MultiPolygon","coordinates":[[[[-77.295,37.332],[-77.176,37.414],[-76.976,37.334],[-77.164,37.163],[-77.351,37.233],[-77.295,37.332]]]]}},{"type":"Feature","properties":{"NAME":"Awaswas","SUBJECTO":"Awaswas","PARTOF":"Awaswas","BORDERPRECISION":"1"},"bbox":[-122.37,37.009,-121.75,37.326],"geometry":{"type":"MultiPolygon","coordinates":[[[[-121.932,37.009],[-122.37,37.182],[-122.179,37.326],[-121.75,37.099],[-121.932,37.009]]]]}},{"type":"Feature","properties":{"NAME":"Karajá do Norte","SUBJECTO":"Karajá do Norte","PARTOF":"Karajá do Norte","BORDERPRECISION":"1"},"bbox":[-49.198,-7.246,-47.958,-5.517],"geometry":{"type":"MultiPolygon","coordinates":[[[[-49.192,-7.246],[-49.198,-6.902],[-48.739,-6.644],[-48.171,-5.547],[-48.024,-5.517],[-47.958,-5.919],[-48.335,-6.894],[-48.516,-7.101],[-49.192,-7.246]]]]}},{"type":"Feature","properties":{"NAME":"Abenaki / Abénaquis","SUBJECTO":"Abenaki / Abénaquis","PARTOF":"Abenaki / Abénaquis","BORDERPRECISION":"1"},"bbox":[-73.806,42.615,-66.607,47.04],"geometry":{"type":"MultiPolygon","coordinates":[[[[-71.039,46.736],[-70.828,46.944],[-70.488,47.04],[-68.049,46.92],[-67.755,46.714],[-67.579,46.003],[-67.049,45.778],[-66.607,45.192],[-67.016,45.144],[-67.187,45.252],[-67.03,45.03],[-67.15,44.903],[-66.939,44.879],[-67.169,44.711],[-67.532,44.723],[-67.6,44.579],[-67.738,44.663],[-68.052,44.411],[-68.131,44.567],[-68.558,44.483],[-68.504,44.297],[-68.804,44.393],[-68.782,44.627],[-69.249,43.991],[-69.395,44.093],[-69.507,43.896],[-69.662,43.931],[-69.608,44.069],[-69.826,43.752],[-69.969,43.812],[-69.922,43.913],[-70.216,43.8],[-70.187,43.638],[-70.536,43.404],[-70.85,42.857],[-71.06,42.747],[-72.659,42.615],[-73.762,43.325],[-73.806,43.501],[-73.382,44.091],[-73.265,45.074],[-73.328,45.533],[-73.181,46.104],[-72.085,46.612],[-70.946,46.91],[-71.039,46.736]]]]}},{"type":"Feature","properties":{"NAME":"WiYaPeMiAk (Weapemeoc-Yeopim)","SUBJECTO":"WiYaPeMiAk (Weapemeoc-Yeopim)","PARTOF":"WiYaPeMiAk (Weapemeoc-Yeopim)","BORDERPRECISION":"1"},"bbox":[-76.613,36.087,-75.799,36.493],"geometry":{"type":"MultiPolygon","coordinates":[[[[-75.799,36.152],[-75.953,36.333],[-75.953,36.232],[-76.186,36.368],[-76.094,36.205],[-76.442,36.244],[-76.34,36.152],[-76.613,36.087],[-76.455,36.35],[-76.094,36.493],[-75.799,36.152]]]]}},{"type":"Feature","properties":{"NAME":"Zo’é","SUBJECTO":"Zo’é","PARTOF":"Zo’é","BORDERPRECISION":"1"},"bbox":[-56.115,-0.863,-55.419,0.392],"geometry":{"type":"MultiPolygon","coordinates":[[[[-56.115,0.392],[-55.782,0.258],[-55.583,0.351],[-55.419,0.212],[-55.652,-0.676],[-55.581,-0.863],[-56.091,-0.461],[-56.115,0.392]]]]}},{"type":"Feature","properties":{"NAME":"Kalapuya","SUBJECTO":"Kalapuya","PARTOF":"Kalapuya","BORDERPRECISION":"1"},"bbox":[-123.795,43.263,-121.842,45.851],"geometry":{"type":"MultiPolygon","coordinates":[[[[-122.94,45.851],[-122.594,45.363],[-122.78,45.104],[-122.651,44.773],[-122.74,44.319],[-122.605,44.169],[-121.869,44.095],[-121.842,43.983],[-122.174,43.436],[-122.913,43.436],[-123.57,43.263],[-123.681,43.373],[-123.698,43.553],[-123.602,43.556],[-123.795,43.675],[-123.149,43.75],[-123.099,43.92],[-123.619,44.089],[-123.461,44.304],[-123.794,45.168],[-123.346,45.321],[-123.361,45.641],[-122.94,45.851]]]]}},{"type":"Feature","properties":{"NAME":"Nanti","SUBJECTO":"Nanti","PARTOF":"Nanti","BORDERPRECISION":"1"},"bbox":[-72.723,-12.196,-72.215,-11.187],"geometry":{"type":"MultiPolygon","coordinates":[[[[-72.215,-11.298],[-72.404,-11.715],[-72.267,-12.131],[-72.7,-12.196],[-72.723,-11.302],[-72.421,-11.187],[-72.215,-11.298]]]]}},{"type":"Feature","properties":{"NAME":"Bribri","SUBJECTO":"Bribri","PARTOF":"Bribri","BORDERPRECISION":"1"},"bbox":[-83.709,8.967,-82.675,10.039],"geometry":{"type":"MultiPolygon","coordinates":[[[[-82.675,9.628],[-83.06,9.251],[-83.088,9.041],[-83.278,8.967],[-83.378,9.44],[-83.596,9.603],[-83.709,9.964],[-83.421,10.039],[-82.916,9.668],[-82.675,9.628]]]]}},{"type":"Feature","properties":{"NAME":"Konomihu","SUBJECTO":"Konomihu","PARTOF":"Konomihu","BORDERPRECISION":"1"},"bbox":[-123.376,41.146,-122.981,41.319],"geometry":{"type":"MultiPolygon","coordinates":[[[[-123.113,41.319],[-122.981,41.27],[-123.113,41.146],[-123.376,41.212],[-123.113,41.319]]]]}},{"type":"Feature","properties":{"NAME":"Chimú","SUBJECTO":"Chimú","PARTOF":"Chimú","BORDERPRECISION":"1"},"bbox":[-81.418,-10.935,-77.317,-3.307],"geometry":{"type":"MultiPolygon","coordinates":[[[[-81.304,-4.332],[-80.053,-3.307],[-79.916,-5.099],[-79.217,-5.879],[-78.231,-6.634],[-77.972,-7.168],[-77.909,-7.544],[-78.054,-8.517],[-77.317,-10.446],[-77.48,-10.804],[-77.687,-10.935],[-79.06,-8.216],[-80.066,-6.756],[-81.201,-6.098],[-81.244,-5.965],[-80.888,-5.9],[-80.823,-5.716],[-81.418,-4.675],[-81.304,-4.332]]]]}},{"type":"Feature","properties":{"NAME":"Núu-agha-tʉvʉ-pʉ̱ (Ute)","SUBJECTO":"Núu-agha-tʉvʉ-pʉ̱ (Ute)","PARTOF":"Núu-agha-tʉvʉ-pʉ̱ (Ute)","BORDERPRECISION":"1"},"bbox":[-112.72,35.764,-102.92,41.03],"geometry":{"type":"MultiPolygon","coordinates":[[[[-109.007,40.964],[-107.732,40.781],[-104.678,40.781],[-103.975,40.514],[-103.236,39.519],[-102.92,38.514],[-103.14,37.335],[-103.579,36.88],[-104.881,36.164],[-107.658,35.978],[-108.964,35.764],[-110.809,35.87],[-111.588,36.09],[-111.975,36.495],[-112.319,37.271],[-112.72,38.788],[-112.255,40.224],[-111.687,40.781],[-111.138,40.93],[-110.544,41.03],[-109.007,40.964]]]]}},{"type":"Feature","properties":{"NAME":"Hohokam","SUBJECTO":"Hohokam","PARTOF":"Hohokam","BORDERPRECISION":"1"},"bbox":[-113.047,31.497,-109.855,35.438],"geometry":{"type":"MultiPolygon","coordinates":[[[[-110.616,31.541],[-111.189,31.497],[-112.083,31.755],[-112.421,31.873],[-112.627,32.195],[-113.047,33.488],[-113.005,34.127],[-112.557,35.095],[-112.305,35.312],[-111.354,35.438],[-110.905,35.06],[-110.359,33.883],[-109.855,32.466],[-109.855,32.04],[-110.331,31.6],[-110.616,31.541]]]]}},{"type":"Feature","properties":{"NAME":"Pequawket","SUBJECTO":"Pequawket","PARTOF":"Pequawket","BORDERPRECISION":"1"},"bbox":[-71.369,43.465,-70.321,44.316],"geometry":{"type":"MultiPolygon","coordinates":[[[[-70.373,43.465],[-71.203,43.688],[-71.369,44.069],[-71.151,44.278],[-70.708,44.316],[-70.321,43.586],[-70.373,43.465]]]]}},{"type":"Feature","properties":{"NAME":"Tuscarora","SUBJECTO":"Tuscarora","PARTOF":"Tuscarora","BORDERPRECISION":"1"},"bbox":[-76.381,42.386,-75.684,42.831],"geometry":{"type":"MultiPolygon","coordinates":[[[[-76.019,42.386],[-76.293,42.475],[-76.381,42.725],[-76.132,42.831],[-75.684,42.76],[-75.684,42.449],[-76.019,42.386]]]]}},{"type":"Feature","properties":{"NAME":"Taino","SUBJECTO":"Taino","PARTOF":"Taino","BORDERPRECISION":"1"},"bbox":[-84.706,10.058,-60.83,27.238],"geometry":{"type":"MultiPolygon","coordinates":[[[[-61.034,14.829],[-60.83,14.57],[-60.855,14.403],[-61.034,14.466],[-61.232,14.809],[-61.034,14.829]]],[[[-61.395,15.359],[-61.452,15.632],[-61.267,15.517],[-61.28,15.237],[-61.374,15.202],[-61.395,15.359]]],[[[-61.051,13.771],[-60.92,14.106],[-60.9,13.778],[-61.051,13.771]]],[[[-61.124,13.243],[-61.184,13.13],[-61.281,13.208],[-61.177,13.384],[-61.124,13.243]]],[[[-61.523,16.393],[-61.457,16.513],[-61.206,16.267],[-61.567,16.227],[-61.559,16.034],[-61.691,15.946],[-61.794,16.307],[-61.582,16.275],[-61.523,16.393]]],[[[-80.229,27.238],[-80.05,26.551],[-80.354,25.548],[-80.314,25.244],[-80.491,24.996],[-80.452,25.208],[-81.098,25.125],[-81.401,25.859],[-81.745,25.921],[-82.142,26.865],[-81.083,27.228],[-80.229,27.238]]],[[[-64.068,10.627],[-62.703,10.757],[-62.178,10.682],[-62.336,10.535],[-62.946,10.467],[-64.241,10.493],[-64.068,10.627]]],[[[-77.769,18.51],[-76.426,18.119],[-76.319,17.903],[-76.806,18.004],[-77.425,17.831],[-78.325,18.35],[-77.769,18.51]]],[[[-66.811,18.515],[-65.952,18.472],[-65.724,18.333],[-65.967,18.027],[-67.152,17.987],[-67.211,18.438],[-66.811,18.515]]],[[[-70.739,19.79],[-69.993,19.684],[-69.747,19.354],[-68.657,18.873],[-68.373,18.575],[-68.665,18.199],[-68.986,18.51],[-69.808,18.547],[-70.299,18.259],[-70.696,18.519],[-71.062,18.347],[-71.401,17.704],[-71.978,18.262],[-73.474,18.316],[-73.857,18.112],[-74.442,18.524],[-74.303,18.696],[-72.746,18.509],[-72.298,18.662],[-72.698,18.941],[-72.767,19.525],[-73.355,19.658],[-73.493,19.753],[-73.421,19.874],[-72.94,19.945],[-71.843,19.731],[-71.551,19.897],[-70.882,19.93],[-70.739,19.79]]],[[[-77.34,21.512],[-75.751,21.121],[-75.604,21.013],[-75.759,20.752],[-75.654,20.683],[-75.062,20.697],[-74.173,20.19],[-75.519,19.907],[-76.398,20.02],[-77.663,19.903],[-77.177,20.355],[-77.099,20.533],[-77.291,20.704],[-78.157,20.817],[-78.45,20.969],[-78.728,21.617],[-79.735,21.672],[-80.776,22.102],[-81.572,22.164],[-82.177,22.366],[-81.663,22.507],[-82.046,22.697],[-82.853,22.638],[-83.39,22.223],[-83.945,22.159],[-84.209,21.828],[-84.706,21.77],[-84.377,22.056],[-84.435,22.323],[-84.308,22.495],[-83.69,22.814],[-82.959,23.025],[-81.431,23.137],[-79.985,22.879],[-79.33,22.404],[-77.712,21.899],[-77.34,21.512]]],[[[-61.675,10.461],[-61.809,10.725],[-61.114,10.822],[-61.237,10.63],[-61.207,10.118],[-62.039,10.058],[-61.653,10.279],[-61.675,10.461]]],[[[-69.146,12.384],[-68.747,12.04],[-69.062,12.188],[-69.146,12.384]]],[[[-61.744,17.137],[-61.683,17.027],[-61.881,17.02],[-61.744,17.137]]],[[[-68.299,12.195],[-68.399,12.302],[-68.195,12.221],[-68.239,12.022],[-68.299,12.195]]],[[[-61.743,17.653],[-61.733,17.541],[-61.875,17.699],[-61.743,17.653]]],[[[-61.231,15.877],[-61.329,15.929],[-61.267,16.015],[-61.231,15.877]]],[[[-64.565,17.757],[-64.896,17.677],[-64.871,17.775],[-64.565,17.757]]],[[[-62.725,17.284],[-62.856,17.386],[-62.622,17.224],[-62.725,17.284]]]]}},{"type":"Feature","properties":{"NAME":"Lheidli T'enneh","SUBJECTO":"Lheidli T'enneh","PARTOF":"Lheidli T'enneh","BORDERPRECISION":"1"},"bbox":[-123.889,52.477,-118.451,54.972],"geometry":{"type":"MultiPolygon","coordinates":[[[[-118.451,52.883],[-118.867,52.797],[-118.884,52.588],[-119.193,52.477],[-120.09,52.801],[-121.008,52.914],[-121.453,53.247],[-122.825,53.377],[-123.525,53.268],[-123.659,53.484],[-123.647,54.185],[-123.889,54.746],[-123.629,54.738],[-122.73,54.207],[-122.312,54.45],[-121.471,54.515],[-121.181,54.871],[-120.149,54.972],[-120.001,54.736],[-119.999,53.802],[-119.718,53.609],[-119.929,53.609],[-119.9,53.518],[-119.406,53.366],[-119.261,53.176],[-119.028,53.123],[-118.945,53.236],[-118.605,52.88],[-118.451,52.883]]]]}},{"type":"Feature","properties":{"NAME":"Huetar","SUBJECTO":"Huetar","PARTOF":"Huetar","BORDERPRECISION":"1"},"bbox":[-85.219,9.491,-83.673,10.641],"geometry":{"type":"MultiPolygon","coordinates":[[[[-84.182,9.491],[-84.492,9.537],[-84.697,9.988],[-85.219,10.288],[-85.144,10.641],[-84.112,10.271],[-83.904,10.283],[-83.867,10.493],[-83.673,9.858],[-84.022,9.823],[-84.182,9.491]]]]}},{"type":"Feature","properties":{"NAME":"Pocumtuc","SUBJECTO":"Pocumtuc","PARTOF":"Pocumtuc","BORDERPRECISION":"1"},"bbox":[-73.128,41.955,-72.339,42.671],"geometry":{"type":"MultiPolygon","coordinates":[[[[-73.069,42.396],[-73.128,42.671],[-72.501,42.609],[-72.339,42.273],[-72.394,42.041],[-72.757,41.955],[-73.032,42.049],[-73.069,42.396]]]]}},{"type":"Feature","properties":{"NAME":"WiYaPeMiAk (Weapemeoc-Yeopim)","SUBJECTO":"WiYaPeMiAk (Weapemeoc-Yeopim)","PARTOF":"WiYaPeMiAk (Weapemeoc-Yeopim)","BORDERPRECISION":"1"},"bbox":[-76.713,36.057,-75.794,36.565],"geometry":{"type":"MultiPolygon","coordinates":[[[[-75.897,36.398],[-75.794,36.137],[-75.953,36.333],[-75.953,36.232],[-76.186,36.368],[-76.094,36.205],[-76.205,36.152],[-76.442,36.244],[-76.34,36.152],[-76.509,36.057],[-76.7,36.161],[-76.713,36.368],[-76.549,36.532],[-76.188,36.565],[-75.897,36.398]]]]}},{"type":"Feature","properties":{"NAME":"Kakinte","SUBJECTO":"Kakinte","PARTOF":"Kakinte","BORDERPRECISION":"1"},"bbox":[-73.614,-11.625,-73.39,-11.323],"geometry":{"type":"MultiPolygon","coordinates":[[[[-73.403,-11.443],[-73.39,-11.625],[-73.614,-11.323],[-73.403,-11.443]]]]}},{"type":"Feature","properties":{"NAME":"Tuxá","SUBJECTO":"Tuxá","PARTOF":"Tuxá","BORDERPRECISION":"1"},"bbox":[-38.951,-9.123,-38.652,-8.801],"geometry":{"type":"MultiPolygon","coordinates":[[[[-38.652,-9.003],[-38.901,-9.123],[-38.951,-8.82],[-38.762,-8.801],[-38.652,-9.003]]]]}},{"type":"Feature","properties":{"NAME":"Rankülche","SUBJECTO":"Rankülche","PARTOF":"Rankülche","BORDERPRECISION":"1"},"bbox":[-68.112,-37.96,-63.803,-32.919],"geometry":{"type":"MultiPolygon","coordinates":[[[[-68.112,-37.07],[-68.1,-36.705],[-67.681,-36.174],[-66.589,-35.832],[-66.126,-35.379],[-65.972,-34.186],[-66.012,-33.222],[-65.914,-33.07],[-65.494,-32.919],[-64.817,-33.062],[-64.185,-34.545],[-63.803,-36.886],[-63.823,-37.33],[-64.002,-37.567],[-64.599,-37.929],[-65.176,-37.96],[-67.484,-37.614],[-68.024,-37.358],[-68.112,-37.07]]]]}},{"type":"Feature","properties":{"NAME":"Tolupan","SUBJECTO":"Tolupan","PARTOF":"Tolupan","BORDERPRECISION":"1"},"bbox":[-87.877,14.52,-86.166,15.605],"geometry":{"type":"MultiPolygon","coordinates":[[[[-87.821,15.508],[-87.709,15.6],[-87.193,15.508],[-86.543,15.605],[-86.166,15.444],[-86.745,14.587],[-86.956,14.52],[-87.877,15.159],[-87.821,15.508]]]]}},{"type":"Feature","properties":{"NAME":"Guarayo","SUBJECTO":"Guarayo","PARTOF":"Guarayo","BORDERPRECISION":"1"},"bbox":[-64.026,-16.988,-61.756,-14.502],"geometry":{"type":"MultiPolygon","coordinates":[[[[-64.026,-15.086],[-64.02,-14.733],[-63.882,-14.548],[-62.918,-14.502],[-62.277,-14.612],[-61.866,-15.069],[-61.756,-15.41],[-61.826,-16.73],[-62.424,-16.988],[-62.892,-16.959],[-63.57,-16.597],[-63.7,-15.783],[-64.026,-15.086]]]]}},{"type":"Feature","properties":{"NAME":"Occaneechi","SUBJECTO":"Occaneechi","PARTOF":"Occaneechi","BORDERPRECISION":"1"},"bbox":[-79.024,36.198,-77.919,37.127],"geometry":{"type":"MultiPolygon","coordinates":[[[[-77.972,36.528],[-77.997,36.303],[-78.464,36.198],[-79.024,36.352],[-79.024,36.7],[-78.74,37.127],[-77.919,37.001],[-77.972,36.528]]]]}},{"type":"Feature","properties":{"NAME":"Suruwaha","SUBJECTO":"Suruwaha","PARTOF":"Suruwaha","BORDERPRECISION":"1"},"bbox":[-66.715,-7.162,-66.079,-6.587],"geometry":{"type":"MultiPolygon","coordinates":[[[[-66.715,-7.115],[-66.55,-6.746],[-66.235,-6.587],[-66.079,-6.81],[-66.21,-7.162],[-66.715,-7.115]]]]}},{"type":"Feature","properties":{"NAME":"Huarpe","SUBJECTO":"Huarpe","PARTOF":"Huarpe","BORDERPRECISION":"1"},"bbox":[-70.572,-34.917,-65.7,-30.597],"geometry":{"type":"MultiPolygon","coordinates":[[[[-69.243,-34.917],[-70.213,-34.863],[-70.297,-34.648],[-70.175,-33.398],[-70.572,-31.464],[-70.482,-31.167],[-70.244,-30.72],[-68.667,-30.597],[-67.789,-30.663],[-66.666,-32.122],[-65.894,-32.366],[-65.7,-32.977],[-65.826,-33.424],[-66.636,-34.694],[-69.243,-34.917]]]]}},{"type":"Feature","properties":{"NAME":"Nahua ( Morelos, Puebla, Tlaxcala, Veracruz, Hidalgo, San Luis Potosi)","SUBJECTO":"Nahua ( Morelos, Puebla, Tlaxcala, Veracruz, Hidalgo, San Luis Potosi)","PARTOF":"Nahua ( Morelos, Puebla, Tlaxcala, Veracruz, Hidalgo, San Luis Potosi)","BORDERPRECISION":"1"},"bbox":[-99.428,17.438,-94.091,22.417],"geometry":{"type":"MultiPolygon","coordinates":[[[[-97.709,21.801],[-96.977,20.062],[-96.901,19.141],[-96.712,18.974],[-96.478,18.992],[-96.188,19.224],[-95.844,18.796],[-95.083,18.702],[-94.179,18.009],[-94.091,17.654],[-94.186,17.486],[-94.609,17.438],[-95.701,17.612],[-95.861,17.945],[-96.252,18.203],[-96.441,18.52],[-96.637,18.497],[-96.931,18.188],[-97.702,18.313],[-98.869,18.05],[-99.136,18.455],[-99.428,18.616],[-99.296,18.987],[-98.711,18.953],[-98.384,19.38],[-97.842,19.434],[-98.253,19.723],[-98.165,19.934],[-98.265,20.286],[-98.011,20.476],[-98.037,20.612],[-98.593,20.476],[-98.772,20.519],[-99.024,20.835],[-98.902,21.177],[-99.11,21.305],[-99.28,21.725],[-99.293,22.325],[-98.128,22.417],[-97.933,22.317],[-97.709,21.801]]]]}},{"type":"Feature","properties":{"NAME":"Wanapum","SUBJECTO":"Wanapum","PARTOF":"Wanapum","BORDERPRECISION":"1"},"bbox":[-120.322,46.325,-118.906,47.056],"geometry":{"type":"MultiPolygon","coordinates":[[[[-120.322,46.72],[-120.188,46.919],[-119.487,47.056],[-118.951,46.868],[-118.906,46.633],[-119.189,46.412],[-119.89,46.325],[-120.292,46.459],[-120.322,46.72]]]]}},{"type":"Feature","properties":{"NAME":"Yana","SUBJECTO":"Yana","PARTOF":"Yana","BORDERPRECISION":"1"},"bbox":[-122.17,39.93,-121.44,40.836],"geometry":{"type":"MultiPolygon","coordinates":[[[[-121.917,40.836],[-121.44,40.281],[-121.894,39.93],[-122.17,40.547],[-121.917,40.836]]]]}},{"type":"Feature","properties":{"NAME":"Me-Wuk (Central Sierra Miwok)","SUBJECTO":"Me-Wuk (Central Sierra Miwok)","PARTOF":"Me-Wuk (Central Sierra Miwok)","BORDERPRECISION":"1"},"bbox":[-120.782,37.621,-119.114,38.381],"geometry":{"type":"MultiPolygon","coordinates":[[[[-120.228,38.381],[-119.626,38.367],[-119.236,38.043],[-119.114,37.734],[-119.244,37.673],[-119.491,37.843],[-120.25,37.762],[-120.507,37.621],[-120.782,37.947],[-120.228,38.381]]]]}},{"type":"Feature","properties":{"NAME":"Central Pomo","SUBJECTO":"Central Pomo","PARTOF":"Central Pomo","BORDERPRECISION":"1"},"bbox":[-123.805,38.813,-122.871,39.275],"geometry":{"type":"MultiPolygon","coordinates":[[[[-123.741,38.967],[-123.805,39.275],[-123.475,39.019],[-123.146,39.147],[-122.871,38.891],[-123.577,38.813],[-123.741,38.967]]]]}},{"type":"Feature","properties":{"NAME":"Wallmapu (Mapuche)","SUBJECTO":"Wallmapu (Mapuche)","PARTOF":"Wallmapu (Mapuche)","BORDERPRECISION":"1"},"bbox":[-74.296,-44.414,-56.698,-30.474],"geometry":{"type":"MultiPolygon","coordinates":[[[[-73.455,-42.262],[-73.831,-42.564],[-73.609,-42.911],[-73.696,-43.386],[-73.771,-43.509],[-74.142,-43.445],[-74.296,-43.265],[-74.134,-42.764],[-74.169,-42.346],[-74.005,-42.019],[-73.637,-41.967],[-73.455,-42.262]]],[[[-57.419,-35.997],[-57.294,-36.27],[-56.8,-36.543],[-56.698,-36.944],[-57.809,-38.386],[-59.515,-38.875],[-61.361,-39.031],[-62.31,-38.88],[-62.351,-39.333],[-62.068,-39.556],[-62.435,-40.195],[-62.26,-40.803],[-62.353,-40.899],[-63.476,-41.19],[-65.049,-40.853],[-65.153,-40.975],[-64.941,-41.552],[-64.992,-42.193],[-64.644,-42.437],[-64.286,-42.474],[-64.12,-42.384],[-64.294,-42.205],[-63.729,-42.101],[-63.665,-42.775],[-64.001,-42.853],[-64.217,-42.616],[-64.99,-42.739],[-65.085,-42.784],[-65.017,-42.881],[-64.309,-43.027],[-65.026,-43.323],[-65.795,-43.376],[-66.867,-43.947],[-67.381,-43.718],[-68.378,-43.884],[-68.783,-43.828],[-69.624,-42.728],[-70.509,-42.583],[-70.561,-42.418],[-71.123,-42.331],[-71.148,-41.706],[-71.841,-41.577],[-71.731,-42.105],[-72.169,-42.16],[-72.104,-42.92],[-71.717,-43.176],[-71.923,-43.417],[-71.573,-43.648],[-71.756,-44.328],[-71.805,-44.414],[-72.316,-43.98],[-72.653,-44.011],[-73.002,-43.838],[-72.999,-43.334],[-72.53,-43.063],[-72.724,-42.8],[-72.747,-42.446],[-72.438,-42.305],[-72.414,-42.163],[-72.731,-41.907],[-72.587,-41.618],[-72.891,-41.529],[-73.178,-41.761],[-73.464,-41.787],[-73.845,-41.153],[-73.905,-40.839],[-73.759,-40.243],[-73.194,-39.565],[-73.441,-38.628],[-73.435,-37.902],[-73.69,-37.367],[-73.144,-37.156],[-72.629,-35.646],[-72.33,-35.283],[-71.823,-33.935],[-71.616,-33.706],[-71.75,-33.191],[-71.403,-32.645],[-71.695,-30.854],[-71.59,-30.474],[-70.401,-30.52],[-70.389,-31.105],[-69.76,-32.385],[-69.686,-33.633],[-70.056,-34.655],[-68.052,-34.703],[-67.153,-33.901],[-66.842,-33.396],[-66.237,-33.051],[-65.505,-32.941],[-64.543,-33.381],[-62.386,-33.814],[-61.523,-34.111],[-61.245,-34.401],[-60.78,-34.602],[-60.402,-35.027],[-59.531,-35.207],[-58.036,-35.983],[-57.586,-35.903],[-57.419,-35.997]]]]}},{"type":"Feature","properties":{"NAME":"Älsé (Alsea)","SUBJECTO":"Älsé (Alsea)","PARTOF":"Älsé (Alsea)","BORDERPRECISION":"1"},"bbox":[-124.144,44.267,-123.423,44.555],"geometry":{"type":"MultiPolygon","coordinates":[[[[-124.071,44.555],[-123.561,44.516],[-123.423,44.289],[-124.144,44.267],[-124.071,44.555]]]]}},{"type":"Feature","properties":{"NAME":"Očhéthi Šakówiŋ","SUBJECTO":"Očhéthi Šakówiŋ","PARTOF":"Očhéthi Šakówiŋ","BORDERPRECISION":"1"},"bbox":[-113.754,33.862,-84.427,53.992],"geometry":{"type":"MultiPolygon","coordinates":[[[[-84.818,45.882],[-85.437,46.09],[-86.295,45.905],[-86.64,45.62],[-86.543,45.858],[-86.72,45.867],[-86.935,45.681],[-86.995,45.864],[-87.621,45.022],[-87.95,44.77],[-87.943,44.565],[-87.544,44.862],[-87.343,44.818],[-87.901,43.077],[-87.627,41.843],[-87.347,41.625],[-86.878,41.726],[-86.85,40.631],[-87.128,39.681],[-87.934,37.841],[-88.499,37.07],[-88.887,37.231],[-89.103,37.098],[-89.101,36.778],[-90.08,35.116],[-90.996,33.862],[-91.919,34.259],[-92.174,34.654],[-92.74,35.075],[-94.019,34.854],[-95.125,35.161],[-96.929,36.69],[-97.724,37.988],[-98.352,38.352],[-99.107,38.554],[-99.727,38.214],[-99.968,37.753],[-101.736,37.798],[-103.009,38.343],[-104.615,38.597],[-105.118,39.514],[-105.34,40.302],[-105.994,41.65],[-106.418,42.121],[-107.098,42.423],[-108.021,42.603],[-109.198,43.433],[-109.819,44.02],[-109.8,44.382],[-111.621,46.743],[-112.933,48.98],[-113.409,50.333],[-113.754,51.479],[-113.748,53.032],[-112.083,53.992],[-111.305,53.976],[-110.031,53.613],[-109.179,53.207],[-108.354,52.519],[-107.68,52.453],[-107.182,53.058],[-105.679,53.2],[-104.702,52.851],[-103.834,52.944],[-103.065,53.341],[-102.614,53.966],[-101.813,53.874],[-101.416,53.986],[-101.167,53.923],[-100.629,53.285],[-99.011,53.003],[-98.688,52.528],[-97.838,51.839],[-97.352,51.909],[-96.845,51.639],[-96.62,51.301],[-96.916,50.3],[-95.474,49.866],[-94.535,49.151],[-91.981,48.224],[-89.796,48.027],[-91.157,47.512],[-92.265,46.651],[-90.995,46.909],[-90.782,46.89],[-90.884,46.604],[-90.329,46.601],[-89.007,46.972],[-88.299,47.399],[-87.854,47.453],[-88.39,47.031],[-88.5,46.772],[-87.906,46.901],[-87.273,46.512],[-86.577,46.417],[-86.019,46.666],[-85.096,46.747],[-84.888,46.477],[-84.468,46.437],[-84.427,45.968],[-84.633,46.029],[-84.818,45.882]]]]}},{"type":"Feature","properties":{"NAME":"Muniche","SUBJECTO":"Muniche","PARTOF":"Muniche","BORDERPRECISION":"1"},"bbox":[-74.534,-3.841,-74.365,-3.605],"geometry":{"type":"MultiPolygon","coordinates":[[[[-74.482,-3.605],[-74.365,-3.719],[-74.534,-3.841],[-74.482,-3.605]]]]}},{"type":"Feature","properties":{"NAME":"NWT Métis Nation","SUBJECTO":"NWT Métis Nation","PARTOF":"NWT Métis Nation","BORDERPRECISION":"1"},"bbox":[-116.981,59.998,-101.985,64.78],"geometry":{"type":"MultiPolygon","coordinates":[[[[-108.629,64.78],[-101.985,64.232],[-102.003,60.001],[-112.859,59.998],[-112.591,60.116],[-112.916,60.284],[-112.836,60.306],[-113.082,60.601],[-113.381,60.692],[-113.69,60.525],[-115.627,60.522],[-115.596,60.011],[-116.981,60.008],[-115.876,60.702],[-115.028,61.663],[-112.345,61.925],[-111.907,62.118],[-111.26,62.715],[-110.074,62.943],[-109.222,63.993],[-108.947,64.585],[-108.629,64.78]]]]}},{"type":"Feature","properties":{"NAME":"Sturgeon Lake Cree","SUBJECTO":"Sturgeon Lake Cree","PARTOF":"Sturgeon Lake Cree","BORDERPRECISION":"1"},"bbox":[-117.87,55.012,-117.122,55.16],"geometry":{"type":"MultiPolygon","coordinates":[[[[-117.29,55.16],[-117.122,55.012],[-117.87,55.085],[-117.29,55.16]]]]}},{"type":"Feature","properties":{"NAME":"Aseniwuche Winewak (Rocky Mountain)","SUBJECTO":"Aseniwuche Winewak (Rocky Mountain)","PARTOF":"Aseniwuche Winewak (Rocky Mountain)","BORDERPRECISION":"1"},"bbox":[-120.652,52.412,-117.191,55.298],"geometry":{"type":"MultiPolygon","coordinates":[[[[-118.312,52.456],[-119.608,52.55],[-120.641,53.226],[-120.081,53.599],[-120.355,54.092],[-120.652,54.349],[-120.146,54.661],[-120.015,54.997],[-119.707,55.298],[-119.377,55.204],[-118.85,54.54],[-117.191,53.982],[-117.213,53.671],[-117.62,53.068],[-117.405,52.412],[-118.312,52.456]]]]}},{"type":"Feature","properties":{"NAME":"Whilkut","SUBJECTO":"Whilkut","PARTOF":"Whilkut","BORDERPRECISION":"1"},"bbox":[-124.025,40.622,-123.673,40.963],"geometry":{"type":"MultiPolygon","coordinates":[[[[-123.838,40.963],[-123.673,40.731],[-123.772,40.622],[-124.025,40.747],[-123.838,40.963]]]]}},{"type":"Feature","properties":{"NAME":"Winyah","SUBJECTO":"Winyah","PARTOF":"Winyah","BORDERPRECISION":"1"},"bbox":[-79.569,33.134,-79.204,33.542],"geometry":{"type":"MultiPolygon","coordinates":[[[[-79.204,33.46],[-79.342,33.134],[-79.569,33.341],[-79.448,33.542],[-79.204,33.46]]]]}},{"type":"Feature","properties":{"NAME":"Yurí","SUBJECTO":"Yurí","PARTOF":"Yurí","BORDERPRECISION":"1"},"bbox":[-70.831,-2.492,-69.56,-1.448],"geometry":{"type":"MultiPolygon","coordinates":[[[[-70.729,-1.448],[-69.56,-1.549],[-69.679,-2.374],[-70.028,-2.492],[-70.764,-2.033],[-70.831,-1.68],[-70.729,-1.448]]]]}},{"type":"Feature","properties":{"NAME":"Tawahka","SUBJECTO":"Tawahka","PARTOF":"Tawahka","BORDERPRECISION":"1"},"bbox":[-85.282,14.788,-84.676,15.163],"geometry":{"type":"MultiPolygon","coordinates":[[[[-85.149,14.788],[-85.282,15.055],[-84.676,15.163],[-84.681,15.027],[-85.149,14.788]]]]}},{"type":"Feature","properties":{"NAME":"Keyauwee","SUBJECTO":"Keyauwee","PARTOF":"Keyauwee","BORDERPRECISION":"1"},"bbox":[-81.58,35.555,-79.874,36.358],"geometry":{"type":"MultiPolygon","coordinates":[[[[-81.309,36.348],[-80.161,36.358],[-79.874,36.122],[-79.879,35.951],[-80.302,35.555],[-81.564,35.696],[-81.58,36.292],[-81.309,36.348]]]]}},{"type":"Feature","properties":{"NAME":"Emberá Dobidá","SUBJECTO":"Emberá Dobidá","PARTOF":"Emberá Dobidá","BORDERPRECISION":"1"},"bbox":[-77.921,3.941,-76.042,8.641],"geometry":{"type":"MultiPolygon","coordinates":[[[[-77.445,4.179],[-77.267,4.739],[-77.5,5.514],[-77.181,5.788],[-77.475,6.092],[-77.322,6.544],[-77.921,7.224],[-77.703,7.655],[-77.327,7.973],[-77.455,8.641],[-77.063,8.247],[-76.91,7.705],[-76.497,7.235],[-76.534,6.965],[-76.853,6.685],[-76.715,6.297],[-76.259,6.168],[-76.144,5.981],[-76.042,5.116],[-76.513,3.97],[-76.809,3.941],[-77.445,4.179]]]]}},{"type":"Feature","properties":{"NAME":"Envuga (Kawahib)","SUBJECTO":"Envuga (Kawahib)","PARTOF":"Envuga (Kawahib)","BORDERPRECISION":"1"},"bbox":[-63.113,-11.402,-62.668,-11.037],"geometry":{"type":"MultiPolygon","coordinates":[[[[-62.668,-11.173],[-62.767,-11.402],[-63.113,-11.277],[-62.999,-11.037],[-62.866,-11.184],[-62.668,-11.173]]]]}},{"type":"Feature","properties":{"NAME":"Ahé (Kawahib)","SUBJECTO":"Ahé (Kawahib)","PARTOF":"Ahé (Kawahib)","BORDERPRECISION":"1"},"bbox":[-64.95,-10.281,-64.294,-9.578],"geometry":{"type":"MultiPolygon","coordinates":[[[[-64.374,-9.578],[-64.294,-9.785],[-64.414,-10.137],[-64.53,-10.281],[-64.773,-10.272],[-64.95,-9.799],[-64.374,-9.578]]]]}},{"type":"Feature","properties":{"NAME":"Chiso","SUBJECTO":"Chiso","PARTOF":"Chiso","BORDERPRECISION":"1"},"bbox":[-104.709,27.804,-101.854,30.008],"geometry":{"type":"MultiPolygon","coordinates":[[[[-104.422,29.642],[-103.576,29.642],[-102.562,30.008],[-102.242,29.832],[-101.854,29.298],[-102.141,28.094],[-102.402,27.826],[-102.823,27.804],[-104.187,28.012],[-104.709,29.079],[-104.566,29.659],[-104.422,29.642]]]]}},{"type":"Feature","properties":{"NAME":"Kubéwa/Cubeo","SUBJECTO":"Kubéwa/Cubeo","PARTOF":"Kubéwa/Cubeo","BORDERPRECISION":"1"},"bbox":[-71.089,0.791,-69.572,1.842],"geometry":{"type":"MultiPolygon","coordinates":[[[[-69.854,1.701],[-69.572,1.414],[-69.583,1.11],[-70.008,1.134],[-70.708,0.791],[-70.97,0.923],[-71.089,1.534],[-70.97,1.808],[-70.339,1.842],[-69.854,1.701]]]]}},{"type":"Feature","properties":{"NAME":"Chichas","SUBJECTO":"Chichas","PARTOF":"Chichas","BORDERPRECISION":"1"},"bbox":[-70.58,-27.582,-64.387,-19.657],"geometry":{"type":"MultiPolygon","coordinates":[[[[-70.463,-23.934],[-70.359,-23.661],[-70.58,-23.49],[-70.573,-23.166],[-70.292,-22.987],[-70.23,-22.796],[-70.111,-21.45],[-68.739,-21.074],[-68.176,-20.557],[-66.856,-19.949],[-66.009,-19.736],[-64.787,-19.657],[-64.455,-19.895],[-64.584,-22.192],[-64.387,-23.241],[-64.484,-25.391],[-64.705,-26.877],[-65.165,-27.582],[-65.872,-27.52],[-66.928,-27.043],[-67.712,-26.419],[-68.326,-25.73],[-70.404,-24.282],[-70.463,-23.934]]]]}},{"type":"Feature","properties":{"NAME":"Nuxwsa'7aq (Nooksack)","SUBJECTO":"Nuxwsa'7aq (Nooksack)","PARTOF":"Nuxwsa'7aq (Nooksack)","BORDERPRECISION":"1"},"bbox":[-122.522,48.586,-121.47,49.055],"geometry":{"type":"MultiPolygon","coordinates":[[[[-122.499,48.752],[-122.522,49.018],[-122.315,49.055],[-121.47,48.87],[-121.946,48.586],[-122.499,48.752]]]]}},{"type":"Feature","properties":{"NAME":"Itazipco","SUBJECTO":"Itazipco","PARTOF":"Itazipco","BORDERPRECISION":"1"},"bbox":[-104.382,45.603,-100.306,46.583],"geometry":{"type":"MultiPolygon","coordinates":[[[[-104.11,46.555],[-100.592,46.583],[-100.612,46.143],[-100.306,45.696],[-104.035,45.603],[-104.321,45.827],[-104.382,46.242],[-104.326,46.477],[-104.11,46.555]]]]}},{"type":"Feature","properties":{"NAME":"Yanam (Ninam)","SUBJECTO":"Yanam (Ninam)","PARTOF":"Yanam (Ninam)","BORDERPRECISION":"1"},"bbox":[-63.08,3.598,-61.952,5.018],"geometry":{"type":"MultiPolygon","coordinates":[[[[-62.744,3.744],[-62.983,4.04],[-63.08,4.578],[-63.016,4.836],[-62.66,5.018],[-62.314,4.771],[-61.952,4.024],[-62.019,3.738],[-62.266,3.598],[-62.744,3.744]]]]}},{"type":"Feature","properties":{"NAME":"Onundagaonoga (Onondaga)","SUBJECTO":"Onundagaonoga (Onondaga)","PARTOF":"Onundagaonoga (Onondaga)","BORDERPRECISION":"1"},"bbox":[-76.719,41.97,-75.564,44.426],"geometry":{"type":"MultiPolygon","coordinates":[[[[-76.519,43.459],[-76.209,43.565],[-76.289,43.85],[-76.051,44.008],[-76.348,44.069],[-75.89,44.426],[-75.564,43.929],[-75.896,43.622],[-75.978,43.219],[-75.801,41.972],[-76.398,41.97],[-76.389,42.615],[-76.719,43.337],[-76.519,43.459]]]]}},{"type":"Feature","properties":{"NAME":"Mohegan","SUBJECTO":"Mohegan","PARTOF":"Mohegan","BORDERPRECISION":"1"},"bbox":[-72.477,41.346,-71.758,41.847],"geometry":{"type":"MultiPolygon","coordinates":[[[[-72.092,41.365],[-72.294,41.346],[-72.477,41.847],[-71.758,41.82],[-71.794,41.407],[-72.092,41.365]]]]}},{"type":"Feature","properties":{"NAME":"Moses/Columbia","SUBJECTO":"Moses/Columbia","PARTOF":"Moses/Columbia","BORDERPRECISION":"1"},"bbox":[-120.319,46.841,-118.496,47.758],"geometry":{"type":"MultiPolygon","coordinates":[[[[-119.95,46.841],[-120.002,47.214],[-120.319,47.45],[-120.193,47.758],[-118.496,47.492],[-118.815,46.845],[-119.95,46.841]]]]}},{"type":"Feature","properties":{"NAME":"Saura","SUBJECTO":"Saura","PARTOF":"Saura","BORDERPRECISION":"1"},"bbox":[-80.511,36.181,-79.244,36.764],"geometry":{"type":"MultiPolygon","coordinates":[[[[-80.307,36.252],[-80.511,36.553],[-80.245,36.764],[-79.49,36.756],[-79.244,36.569],[-79.733,36.181],[-80.307,36.252]]]]}},{"type":"Feature","properties":{"NAME":"Saluda","SUBJECTO":"Saluda","PARTOF":"Saluda","BORDERPRECISION":"1"},"bbox":[-83.052,34.567,-82.866,34.663],"geometry":{"type":"MultiPolygon","coordinates":[[[[-82.866,34.663],[-82.873,34.567],[-83.052,34.606],[-82.866,34.663]]]]}},{"type":"Feature","properties":{"NAME":"np̓əšqʷáw̓səxʷ (Wenatchi)","SUBJECTO":"np̓əšqʷáw̓səxʷ (Wenatchi)","PARTOF":"np̓əšqʷáw̓səxʷ (Wenatchi)","BORDERPRECISION":"1"},"bbox":[-121.465,47.074,-120.014,48.17],"geometry":{"type":"MultiPolygon","coordinates":[[[[-120.124,47.361],[-120.014,47.114],[-120.358,47.074],[-121.029,47.171],[-121.465,47.377],[-121.122,47.563],[-121.171,48.039],[-120.93,48.17],[-120.543,47.76],[-120.147,47.564],[-120.124,47.361]]]]}},{"type":"Feature","properties":{"NAME":"šxʷməθkʷəy̓əmaɁɬ təməxʷ (Musqueam)","SUBJECTO":"šxʷməθkʷəy̓əmaɁɬ təməxʷ (Musqueam)","PARTOF":"šxʷməθkʷəy̓əmaɁɬ təməxʷ (Musqueam)","BORDERPRECISION":"1"},"bbox":[-123.243,49.135,-122.816,49.655],"geometry":{"type":"MultiPolygon","coordinates":[[[[-122.984,49.135],[-123.213,49.272],[-123.243,49.456],[-123.036,49.655],[-122.819,49.591],[-122.816,49.277],[-122.984,49.135]]]]}},{"type":"Feature","properties":{"NAME":"Macorix","SUBJECTO":"Macorix","PARTOF":"Macorix","BORDERPRECISION":"1"},"bbox":[-71.908,18.409,-69.077,19.93],"geometry":{"type":"MultiPolygon","coordinates":[[[[-70.739,19.79],[-70.177,19.664],[-70.128,19.23],[-69.774,18.996],[-69.269,18.996],[-69.077,18.52],[-69.808,18.547],[-70.087,18.409],[-70.385,18.891],[-71.808,19.526],[-71.908,19.714],[-71.551,19.897],[-70.882,19.93],[-70.739,19.79]]]]}},{"type":"Feature","properties":{"NAME":"Poquonook","SUBJECTO":"Poquonook","PARTOF":"Poquonook","BORDERPRECISION":"1"},"bbox":[-72.755,41.756,-72.626,41.924],"geometry":{"type":"MultiPolygon","coordinates":[[[[-72.626,41.924],[-72.737,41.756],[-72.755,41.886],[-72.626,41.924]]]]}},{"type":"Feature","properties":{"NAME":"Oohenumpa","SUBJECTO":"Oohenumpa","PARTOF":"Oohenumpa","BORDERPRECISION":"1"},"bbox":[-102.825,42.384,-99.814,43.619],"geometry":{"type":"MultiPolygon","coordinates":[[[[-99.955,42.961],[-99.814,42.739],[-99.906,42.502],[-102.326,42.384],[-102.825,42.518],[-102.785,43.362],[-102.589,43.572],[-100.348,43.619],[-100.164,43.543],[-99.955,42.961]]]]}},{"type":"Feature","properties":{"NAME":"Eeyou Istchee","SUBJECTO":"Eeyou Istchee","PARTOF":"Eeyou Istchee","BORDERPRECISION":"1"},"bbox":[-79.673,48.195,-69.324,56.632],"geometry":{"type":"MultiPolygon","coordinates":[[[[-79.338,50.843],[-79.594,51.266],[-79.534,51.418],[-79.276,51.604],[-78.823,51.161],[-78.7,51.566],[-78.797,51.771],[-78.491,52.256],[-79.035,53.742],[-78.758,53.749],[-78.801,53.963],[-79.399,54.276],[-79.545,54.692],[-78.308,55.044],[-77.234,55.607],[-76.729,56.06],[-75.937,56.158],[-76.245,56.28],[-76.245,56.45],[-75.762,56.572],[-73.213,56.632],[-72.971,56.158],[-72.07,56.133],[-71.982,55.116],[-71.191,55.129],[-71.125,55.591],[-69.631,55.665],[-69.324,53.488],[-69.719,53.147],[-69.983,52.616],[-70.005,52.282],[-70.532,51.876],[-71.038,51.7],[-70.994,51.509],[-71.279,51.358],[-71.367,51.427],[-71.411,51.262],[-71.675,51.152],[-71.609,50.723],[-72.092,50.889],[-72.224,50.135],[-73.455,49.554],[-73.674,49.781],[-74.048,49.311],[-74.048,48.865],[-75.366,49.038],[-75.872,48.894],[-75.894,48.618],[-75.718,48.56],[-75.85,48.195],[-76.421,48.21],[-76.465,49.052],[-76.641,48.995],[-76.729,49.325],[-77.717,49.425],[-77.476,50.022],[-77.761,50.106],[-78.333,49.866],[-78.882,50.247],[-79.321,49.994],[-79.673,49.994],[-79.633,51.038],[-79.338,50.843]]]]}},{"type":"Feature","properties":{"NAME":"Tekohá (Paĩ Tavytera/Kaiowá)","SUBJECTO":"Tekohá (Paĩ Tavytera/Kaiowá)","PARTOF":"Tekohá (Paĩ Tavytera/Kaiowá)","BORDERPRECISION":"1"},"bbox":[-57.003,-24.122,-53.417,-21.83],"geometry":{"type":"MultiPolygon","coordinates":[[[[-56.438,-21.964],[-55.837,-21.83],[-53.814,-21.893],[-53.447,-22.309],[-53.417,-22.658],[-54.182,-23.925],[-54.648,-23.835],[-55.517,-24.122],[-56.807,-24.101],[-56.964,-24.047],[-57.003,-23.868],[-56.93,-23.244],[-56.817,-22.711],[-56.438,-21.964]]]]}},{"type":"Feature","properties":{"NAME":"Kickapoo (Oklahoma)","SUBJECTO":"Kickapoo (Oklahoma)","PARTOF":"Kickapoo (Oklahoma)","BORDERPRECISION":"1"},"bbox":[-97.247,35.316,-96.911,35.707],"geometry":{"type":"MultiPolygon","coordinates":[[[[-96.911,35.64],[-96.93,35.316],[-97.247,35.544],[-97.141,35.707],[-96.911,35.64]]]]}},{"type":"Feature","properties":{"NAME":"Itonama","SUBJECTO":"Itonama","PARTOF":"Itonama","BORDERPRECISION":"1"},"bbox":[-64.379,-13.382,-62.741,-12.43],"geometry":{"type":"MultiPolygon","coordinates":[[[[-64.379,-12.454],[-63.781,-12.43],[-63.336,-12.663],[-63.127,-12.626],[-62.741,-13.012],[-62.85,-13.382],[-64.027,-13.335],[-64.379,-12.454]]]]}},{"type":"Feature","properties":{"NAME":"Muisca","SUBJECTO":"Muisca","PARTOF":"Muisca","BORDERPRECISION":"1"},"bbox":[-74.68,4.151,-72.482,6.99],"geometry":{"type":"MultiPolygon","coordinates":[[[[-74.247,6.09],[-74.03,6.312],[-73.447,6.295],[-73.2,6.406],[-73.07,6.704],[-72.735,6.99],[-72.482,6.885],[-72.529,5.64],[-73.212,4.691],[-74.127,4.151],[-74.68,4.333],[-74.515,4.838],[-74.462,5.775],[-74.247,6.09]]]]}},{"type":"Feature","properties":{"NAME":"Perquimans","SUBJECTO":"Perquimans","PARTOF":"Perquimans","BORDERPRECISION":"1"},"bbox":[-76.541,36.085,-76.247,36.309],"geometry":{"type":"MultiPolygon","coordinates":[[[[-76.442,36.244],[-76.34,36.152],[-76.482,36.085],[-76.541,36.309],[-76.247,36.168],[-76.442,36.244]]]]}},{"type":"Feature","properties":{"NAME":"Heiltsuk","SUBJECTO":"Heiltsuk","PARTOF":"Heiltsuk","BORDERPRECISION":"1"},"bbox":[-128.73,51.783,-126.873,53.278],"geometry":{"type":"MultiPolygon","coordinates":[[[[-128.013,51.808],[-127.126,52.389],[-127.145,52.255],[-127.557,52.025],[-127.649,51.783],[-128.013,51.808]]],[[[-127.431,52.461],[-127.71,52.394],[-128.06,52.5],[-128.077,52.939],[-128.432,52.939],[-128.73,53.252],[-128.493,53.278],[-127.878,53.002],[-127.752,52.826],[-127.219,52.97],[-126.873,52.786],[-126.911,52.601],[-127.143,52.463],[-127.431,52.461]]]]}},{"type":"Feature","properties":{"NAME":"I'târap","SUBJECTO":"I'târap","PARTOF":"I'târap","BORDERPRECISION":"1"},"bbox":[-61.804,-10.83,-61.476,-10.511],"geometry":{"type":"MultiPolygon","coordinates":[[[[-61.804,-10.535],[-61.476,-10.511],[-61.5,-10.83],[-61.804,-10.535]]]]}},{"type":"Feature","properties":{"NAME":"Guanaca","SUBJECTO":"Guanaca","PARTOF":"Guanaca","BORDERPRECISION":"1"},"bbox":[-76.159,2.45,-75.752,2.748],"geometry":{"type":"MultiPolygon","coordinates":[[[[-75.82,2.45],[-76.153,2.505],[-76.159,2.723],[-75.752,2.748],[-75.82,2.45]]]]}},{"type":"Feature","properties":{"NAME":"Canichana","SUBJECTO":"Canichana","PARTOF":"Canichana","BORDERPRECISION":"1"},"bbox":[-65.185,-14.378,-64.839,-13.908],"geometry":{"type":"MultiPolygon","coordinates":[[[[-64.987,-14.378],[-65.185,-13.908],[-64.886,-14.011],[-64.839,-14.288],[-64.987,-14.378]]]]}},{"type":"Feature","properties":{"NAME":"Wisijsa","SUBJECTO":"Wisijsa","PARTOF":"Wisijsa","BORDERPRECISION":"1"},"bbox":[-66.227,-20.426,-65.241,-19.605],"geometry":{"type":"MultiPolygon","coordinates":[[[[-65.241,-20.355],[-66.137,-20.426],[-66.227,-20.175],[-66.158,-19.882],[-65.539,-19.605],[-65.26,-19.894],[-65.241,-20.355]]]]}},{"type":"Feature","properties":{"NAME":"Ikpeng","SUBJECTO":"Ikpeng","PARTOF":"Ikpeng","BORDERPRECISION":"1"},"bbox":[-58.212,-12.751,-53.262,-9.561],"geometry":{"type":"MultiPolygon","coordinates":[[[[-53.83,-11.038],[-53.35,-10.971],[-53.262,-11.285],[-53.523,-12.25],[-53.893,-12.71],[-54.16,-12.751],[-53.836,-11.057],[-55.502,-11.126],[-55.545,-11.301],[-55.819,-11.464],[-56.946,-11.359],[-57.924,-10.88],[-58.212,-10.165],[-58.081,-9.825],[-57.511,-9.561],[-56.371,-9.611],[-56.033,-9.765],[-55.789,-10.521],[-55.527,-10.778],[-55.495,-11.113],[-53.83,-11.038]]]]}},{"type":"Feature","properties":{"NAME":"Chikashsha Yaki (Chickasaw)","SUBJECTO":"Chikashsha Yaki (Chickasaw)","PARTOF":"Chikashsha Yaki (Chickasaw)","BORDERPRECISION":"1"},"bbox":[-90.591,33.542,-85.695,37.224],"geometry":{"type":"MultiPolygon","coordinates":[[[[-88.5,33.623],[-90.587,34.424],[-90.591,34.681],[-90.465,34.697],[-90.556,34.739],[-90.065,35.157],[-90.083,35.38],[-89.898,35.529],[-89.947,35.701],[-89.657,35.917],[-89.689,36.236],[-89.52,36.355],[-89.545,36.572],[-89.481,36.463],[-89.216,36.579],[-89.163,37.037],[-88.953,37.224],[-88.562,37.066],[-88.219,37.208],[-87.862,36.41],[-86.616,35.639],[-85.952,35.48],[-85.695,35.23],[-86.336,35.004],[-86.315,34.712],[-86.503,34.592],[-86.545,34.329],[-87.464,34.381],[-87.622,33.542],[-88.5,33.623]]]]}},{"type":"Feature","properties":{"NAME":"Nadöb","SUBJECTO":"Nadöb","PARTOF":"Nadöb","BORDERPRECISION":"1"},"bbox":[-67.496,-1.845,-65.497,-0.609],"geometry":{"type":"MultiPolygon","coordinates":[[[[-67.459,-1.781],[-67.496,-1.14],[-67.374,-0.848],[-67.056,-0.609],[-65.523,-0.62],[-65.497,-0.896],[-66.011,-1.598],[-66.982,-1.845],[-67.459,-1.781]]]]}},{"type":"Feature","properties":{"NAME":"Tsimane’","SUBJECTO":"Tsimane’","PARTOF":"Tsimane’","BORDERPRECISION":"1"},"bbox":[-67.025,-15.469,-66.496,-14.697],"geometry":{"type":"MultiPolygon","coordinates":[[[[-66.679,-15.469],[-67.025,-15.216],[-66.651,-14.697],[-66.512,-14.822],[-66.496,-15.086],[-66.679,-15.469]]]]}},{"type":"Feature","properties":{"NAME":"Guna of Wargandí","SUBJECTO":"Guna of Wargandí","PARTOF":"Guna of Wargandí","BORDERPRECISION":"1"},"bbox":[-78.127,8.794,-77.798,9.058],"geometry":{"type":"MultiPolygon","coordinates":[[[[-78.023,9.058],[-77.798,8.794],[-78.051,8.8],[-78.127,8.934],[-78.023,9.058]]]]}},{"type":"Feature","properties":{"NAME":"Lumnanas","SUBJECTO":"Lumnanas","PARTOF":"Lumnanas","BORDERPRECISION":"1"},"bbox":[-62.521,-22.657,-61.129,-21.237],"geometry":{"type":"MultiPolygon","coordinates":[[[[-62.3,-22.642],[-62.521,-22.4],[-62.439,-21.953],[-62.153,-21.504],[-61.8,-21.237],[-61.318,-21.405],[-61.129,-21.725],[-61.334,-22.385],[-61.768,-22.657],[-62.3,-22.642]]]]}},{"type":"Feature","properties":{"NAME":"Champagne & Aishihik","SUBJECTO":"Champagne & Aishihik","PARTOF":"Champagne & Aishihik","BORDERPRECISION":"1"},"bbox":[-138.632,59.758,-135.22,61.938],"geometry":{"type":"MultiPolygon","coordinates":[[[[-138.252,59.966],[-138.392,59.993],[-138.356,60.575],[-138.632,60.929],[-138.376,61.051],[-138.276,61.369],[-137.771,61.938],[-136.015,61.77],[-135.678,61.395],[-135.585,60.986],[-135.22,60.781],[-136.129,59.974],[-137.269,59.758],[-138.252,59.966]]]]}},{"type":"Feature","properties":{"NAME":"Cheyenne-Arapaho (Oklahoma)","SUBJECTO":"Cheyenne-Arapaho (Oklahoma)","PARTOF":"Cheyenne-Arapaho (Oklahoma)","BORDERPRECISION":"1"},"bbox":[-100,35.107,-97.959,36.165],"geometry":{"type":"MultiPolygon","coordinates":[[[[-98.215,36.165],[-97.959,35.976],[-97.964,35.349],[-98.491,35.56],[-98.66,35.771],[-98.659,35.122],[-99.436,35.107],[-99.571,35.271],[-100,35.328],[-100,36.164],[-98.215,36.165]]]]}},{"type":"Feature","properties":{"NAME":"Hopewell","SUBJECTO":"Hopewell","PARTOF":"Hopewell","BORDERPRECISION":"1"},"bbox":[-86.332,37.536,-81.311,40.624],"geometry":{"type":"MultiPolygon","coordinates":[[[[-82.494,40.558],[-81.667,40.153],[-81.311,39.299],[-81.614,38.618],[-82.552,37.921],[-85.417,37.536],[-86.332,37.86],[-86.211,38.481],[-85.937,38.87],[-83.967,40.477],[-83.5,40.624],[-82.494,40.558]]]]}},{"type":"Feature","properties":{"NAME":"Inikana/Kukama Kukamiria/Kokama","SUBJECTO":"Inikana/Kukama Kukamiria/Kokama","PARTOF":"Inikana/Kukama Kukamiria/Kokama","BORDERPRECISION":"1"},"bbox":[-75.749,-6.102,-63.948,-1.97],"geometry":{"type":"MultiPolygon","coordinates":[[[[-73.547,-4.157],[-73.571,-3.471],[-73.507,-3.23],[-73.291,-3.088],[-72.751,-3.157],[-72.471,-3.506],[-70.904,-3.651],[-70.465,-3.431],[-69.85,-2.642],[-68.87,-2.581],[-67.319,-2.039],[-66.7,-1.97],[-65.293,-2.337],[-64.368,-2.803],[-64.047,-3.093],[-63.948,-3.375],[-64.246,-3.825],[-64.636,-3.879],[-64.98,-3.848],[-65.317,-3.474],[-66.066,-3.192],[-67.335,-3.284],[-68.627,-3.947],[-69.047,-4.412],[-69.499,-4.626],[-70.503,-4.535],[-71.163,-4.34],[-71.433,-3.969],[-71.4,-3.672],[-72.47,-3.521],[-73.034,-3.773],[-73.182,-4.408],[-74.389,-5.958],[-74.643,-6.102],[-75.096,-6.065],[-75.629,-5.619],[-75.749,-5.12],[-75.459,-4.785],[-74.888,-4.481],[-73.784,-4.332],[-73.547,-4.157]]]]}},{"type":"Feature","properties":{"NAME":"Wayúu","SUBJECTO":"Wayúu","PARTOF":"Wayúu","BORDERPRECISION":"1"},"bbox":[-73.818,8.794,-70.897,12.428],"geometry":{"type":"MultiPolygon","coordinates":[[[[-73.615,11.324],[-73.362,11.325],[-72.38,11.81],[-72.059,12.237],[-71.698,12.428],[-71.437,12.422],[-71.13,12.213],[-71.061,12.061],[-71.189,11.912],[-71.594,11.844],[-71.988,11.608],[-71.688,10.769],[-72.114,9.904],[-71.605,9.092],[-71.098,9.328],[-71.017,9.61],[-70.897,9.228],[-70.988,9.092],[-71.64,8.794],[-72.16,8.954],[-72.833,9.938],[-73.652,10.797],[-73.818,11.188],[-73.795,11.327],[-73.615,11.324]]]]}},{"type":"Feature","properties":{"NAME":"So'to (Yekuana)","SUBJECTO":"So'to (Yekuana)","PARTOF":"So'to (Yekuana)","BORDERPRECISION":"1"},"bbox":[-66.646,2.859,-63.461,6.526],"geometry":{"type":"MultiPolygon","coordinates":[[[[-63.714,3.368],[-65.936,2.859],[-66.646,3.152],[-66.43,3.923],[-66.43,5.739],[-66.075,6.077],[-65.518,6.308],[-64.796,6.526],[-64.347,6.44],[-64.017,5.807],[-63.519,4.245],[-63.461,3.731],[-63.714,3.368]]]]}},{"type":"Feature","properties":{"NAME":"Kamaiurá","SUBJECTO":"Kamaiurá","PARTOF":"Kamaiurá","BORDERPRECISION":"1"},"bbox":[-53.685,-12.181,-53.411,-11.925],"geometry":{"type":"MultiPolygon","coordinates":[[[[-53.535,-11.925],[-53.411,-12.07],[-53.48,-12.181],[-53.685,-12.091],[-53.535,-11.925]]]]}},{"type":"Feature","properties":{"NAME":"Meherrin","SUBJECTO":"Meherrin","PARTOF":"Meherrin","BORDERPRECISION":"1"},"bbox":[-78.36,36.377,-77.36,36.91],"geometry":{"type":"MultiPolygon","coordinates":[[[[-77.585,36.752],[-77.36,36.545],[-77.547,36.377],[-78.36,36.655],[-78.283,36.91],[-77.585,36.752]]]]}},{"type":"Feature","properties":{"NAME":"Esselen","SUBJECTO":"Esselen","PARTOF":"Esselen","BORDERPRECISION":"1"},"bbox":[-121.916,36.066,-121.165,36.554],"geometry":{"type":"MultiPolygon","coordinates":[[[[-121.561,36.066],[-121.916,36.338],[-121.594,36.554],[-121.21,36.416],[-121.165,36.185],[-121.561,36.066]]]]}},{"type":"Feature","properties":{"NAME":"Ais","SUBJECTO":"Ais","PARTOF":"Ais","BORDERPRECISION":"1"},"bbox":[-81.177,27.037,-80.132,28.561],"geometry":{"type":"MultiPolygon","coordinates":[[[[-80.605,28.561],[-80.447,27.776],[-80.132,27.037],[-80.496,27.128],[-81.162,28.208],[-81.177,28.46],[-80.605,28.561]]]]}},{"type":"Feature","properties":{"NAME":"Hul Kuhk’u","SUBJECTO":"Hul Kuhk’u","PARTOF":"Hul Kuhk’u","BORDERPRECISION":"1"},"bbox":[-119.575,34.808,-118.82,35.137],"geometry":{"type":"MultiPolygon","coordinates":[[[[-119.127,34.808],[-119.575,35.137],[-118.932,35.063],[-118.82,34.823],[-119.127,34.808]]]]}},{"type":"Feature","properties":{"NAME":"Konnaack","SUBJECTO":"Konnaack","PARTOF":"Konnaack","BORDERPRECISION":"1"},"bbox":[-123.43,46.062,-122.87,46.338],"geometry":{"type":"MultiPolygon","coordinates":[[[[-123.43,46.214],[-123.273,46.149],[-123.206,46.338],[-122.951,46.329],[-122.87,46.062],[-123.401,46.075],[-123.43,46.214]]]]}},{"type":"Feature","properties":{"NAME":"Awaeté (Asurini of the Xingu)","SUBJECTO":"Awaeté (Asurini of the Xingu)","PARTOF":"Awaeté (Asurini of the Xingu)","BORDERPRECISION":"1"},"bbox":[-52.61,-5.015,-51.374,-3.521],"geometry":{"type":"MultiPolygon","coordinates":[[[[-52.329,-5.015],[-52.61,-4.206],[-52.588,-3.788],[-52.292,-3.521],[-51.74,-3.586],[-51.392,-4.177],[-51.374,-4.603],[-51.708,-4.865],[-52.329,-5.015]]]]}},{"type":"Feature","properties":{"NAME":"Multnomah","SUBJECTO":"Multnomah","PARTOF":"Multnomah","BORDERPRECISION":"1"},"bbox":[-123.007,45.568,-122.586,46.171],"geometry":{"type":"MultiPolygon","coordinates":[[[[-122.586,45.587],[-122.75,45.568],[-123.007,45.834],[-122.975,46.171],[-122.75,45.984],[-122.586,45.587]]]]}},{"type":"Feature","properties":{"NAME":"Karankawa","SUBJECTO":"Karankawa","PARTOF":"Karankawa","BORDERPRECISION":"1"},"bbox":[-97.826,27.533,-94.458,29.934],"geometry":{"type":"MultiPolygon","coordinates":[[[[-94.602,29.549],[-94.797,29.563],[-94.936,29.77],[-94.661,29.836],[-94.497,29.738],[-94.458,29.544],[-94.602,29.549]]],[[[-95.058,29.675],[-94.845,29.346],[-95.603,28.799],[-96.015,28.656],[-96.717,28.712],[-96.774,28.623],[-96.577,28.426],[-96.685,28.248],[-97.568,27.909],[-97.267,27.674],[-97.4,27.533],[-97.557,27.617],[-97.826,28.536],[-97.721,28.821],[-95.799,29.457],[-95.522,29.647],[-95.66,29.934],[-95.099,29.895],[-95.058,29.675]]]]}},{"type":"Feature","properties":{"NAME":"Hiaitsiihi","SUBJECTO":"Hiaitsiihi","PARTOF":"Hiaitsiihi","BORDERPRECISION":"1"},"bbox":[-62.418,-7.857,-61.68,-6.463],"geometry":{"type":"MultiPolygon","coordinates":[[[[-62.219,-7.857],[-62.418,-7.76],[-62.341,-7.188],[-62.106,-6.986],[-61.904,-6.464],[-61.753,-6.463],[-61.68,-6.561],[-61.877,-6.98],[-62.171,-7.202],[-62.219,-7.857]]]]}},{"type":"Feature","properties":{"NAME":"Barasano/Panenoá","SUBJECTO":"Barasano/Panenoá","PARTOF":"Barasano/Panenoá","BORDERPRECISION":"1"},"bbox":[-70.998,-0.495,-67.172,1.149],"geometry":{"type":"MultiPolygon","coordinates":[[[[-67.172,0.07],[-67.358,-0.314],[-68.21,-0.315],[-69.394,-0.084],[-70.34,-0.495],[-70.841,-0.344],[-70.998,0.065],[-70.449,0.66],[-69.197,1.149],[-68.229,0.604],[-67.607,0.406],[-67.172,0.07]]]]}},{"type":"Feature","properties":{"NAME":"Guajajara","SUBJECTO":"Guajajara","PARTOF":"Guajajara","BORDERPRECISION":"1"},"bbox":[-46.982,-6.098,-44.666,-3.529],"geometry":{"type":"MultiPolygon","coordinates":[[[[-46.207,-3.534],[-45.841,-3.529],[-45.228,-3.846],[-44.821,-4.465],[-44.666,-5.091],[-44.998,-5.709],[-46.04,-6.098],[-46.716,-5.737],[-46.982,-5.2],[-46.923,-4.331],[-46.628,-3.688],[-46.207,-3.534]]]]}},{"type":"Feature","properties":{"NAME":"Shakori","SUBJECTO":"Shakori","PARTOF":"Shakori","BORDERPRECISION":"1"},"bbox":[-79.999,35.835,-78.803,36.308],"geometry":{"type":"MultiPolygon","coordinates":[[[[-79.71,36.308],[-78.896,36.281],[-78.803,36.039],[-78.907,35.893],[-79.213,35.835],[-79.803,35.857],[-79.983,35.964],[-79.999,36.14],[-79.71,36.308]]]]}},{"type":"Feature","properties":{"NAME":"Weenhayek/Wichí","SUBJECTO":"Weenhayek/Wichí","PARTOF":"Weenhayek/Wichí","BORDERPRECISION":"1"},"bbox":[-65.026,-25.673,-60.503,-21.39],"geometry":{"type":"MultiPolygon","coordinates":[[[[-63.813,-21.984],[-63.257,-21.459],[-62.81,-21.39],[-62.511,-21.806],[-62.074,-22.857],[-61.375,-23.423],[-60.518,-24.701],[-60.503,-25.18],[-60.689,-25.376],[-61.108,-25.516],[-61.837,-25.432],[-64.998,-25.673],[-65.026,-25.505],[-64.794,-25.193],[-64.375,-24.864],[-64.226,-24.371],[-64.273,-23.699],[-64.515,-23.205],[-64.478,-22.914],[-64.105,-22.554],[-63.813,-21.984]]]]}},{"type":"Feature","properties":{"NAME":"Carcross/Tagish First Nation (BC)","SUBJECTO":"Carcross/Tagish First Nation (BC)","PARTOF":"Carcross/Tagish First Nation (BC)","BORDERPRECISION":"1"},"bbox":[-136.422,59.304,-133.175,60.001],"geometry":{"type":"MultiPolygon","coordinates":[[[[-136.422,60.001],[-133.175,60.001],[-133.895,59.943],[-134.174,59.304],[-135.027,59.345],[-135.024,59.57],[-135.486,59.796],[-136.202,59.634],[-136.422,60.001]]]]}},{"type":"Feature","properties":{"NAME":"Weenhayek","SUBJECTO":"Weenhayek","PARTOF":"Weenhayek","BORDERPRECISION":"1"},"bbox":[-64.047,-23.461,-62.709,-21.052],"geometry":{"type":"MultiPolygon","coordinates":[[[[-63.889,-21.098],[-63.341,-21.052],[-63.049,-21.166],[-62.709,-22.677],[-62.818,-23.237],[-63.062,-23.461],[-63.682,-23.438],[-63.864,-23.193],[-64.047,-21.924],[-64.047,-21.46],[-63.889,-21.098]]]]}},{"type":"Feature","properties":{"NAME":"Matlatzinco/Tlahuica/Ocuiltec","SUBJECTO":"Matlatzinco/Tlahuica/Ocuiltec","PARTOF":"Matlatzinco/Tlahuica/Ocuiltec","BORDERPRECISION":"1"},"bbox":[-100.351,18.384,-99.091,19.301],"geometry":{"type":"MultiPolygon","coordinates":[[[[-99.814,19.041],[-99.568,19.083],[-99.091,18.849],[-99.164,18.384],[-99.77,18.76],[-100.241,18.575],[-100.229,18.942],[-100.351,18.99],[-99.992,19.301],[-99.814,19.041]]]]}},{"type":"Feature","properties":{"NAME":"Hul'qumi'num Treaty Group","SUBJECTO":"Hul'qumi'num Treaty Group","PARTOF":"Hul'qumi'num Treaty Group","BORDERPRECISION":"1"},"bbox":[-124.876,47.882,-121.397,49.589],"geometry":{"type":"MultiPolygon","coordinates":[[[[-124.43,48.347],[-122.954,48.098],[-124.033,48.175],[-124.586,48.372],[-124.43,48.347]]],[[[-122.345,48.077],[-122.223,47.994],[-122.388,47.882],[-122.345,48.077]]],[[[-122.535,48.697],[-122.575,48.776],[-122.46,48.559],[-122.535,48.697]]],[[[-122.9,49.067],[-123.224,49.338],[-122.194,49.171],[-121.752,49.258],[-121.397,49.589],[-121.415,49.37],[-121.7,49.203],[-122.345,49.097],[-122.807,49.193],[-122.9,49.067]]],[[[-124.718,49.491],[-123.988,49.239],[-124.876,49.573],[-124.718,49.491]]],[[[-123.645,48.818],[-123.593,48.635],[-123.841,48.571],[-124.612,48.932],[-124.525,49.13],[-123.834,49.115],[-123.645,48.818]]]]}},{"type":"Feature","properties":{"NAME":"Mbya","SUBJECTO":"Mbya","PARTOF":"Mbya","BORDERPRECISION":"1"},"bbox":[-57.676,-32.924,-45.176,-22.887],"geometry":{"type":"MultiPolygon","coordinates":[[[[-45.364,-23.697],[-45.459,-23.856],[-45.795,-23.736],[-46.206,-23.883],[-47.886,-24.985],[-48.125,-25.291],[-48.725,-25.426],[-48.516,-25.876],[-48.611,-26.245],[-48.775,-26.385],[-48.603,-26.677],[-48.564,-27.681],[-48.728,-28.367],[-49.936,-29.627],[-50.469,-30.74],[-51.477,-31.823],[-50.582,-30.416],[-50.609,-30.302],[-51.232,-30.265],[-51.445,-31.015],[-52.144,-31.747],[-52.507,-32.924],[-52.817,-32.848],[-53.24,-32.529],[-55.987,-29.816],[-55.888,-28.502],[-56.085,-27.628],[-56.665,-27.347],[-57.676,-26.12],[-57.401,-24.874],[-57.004,-24.051],[-55.614,-23.048],[-53.983,-22.887],[-53.455,-23.06],[-52.897,-23.455],[-51.751,-23.857],[-50.637,-23.784],[-47.1,-22.966],[-45.622,-23.139],[-45.176,-23.519],[-45.364,-23.697]]]]}},{"type":"Feature","properties":{"NAME":"Kiriri","SUBJECTO":"Kiriri","PARTOF":"Kiriri","BORDERPRECISION":"1"},"bbox":[-38.706,-10.715,-38.528,-10.577],"geometry":{"type":"MultiPolygon","coordinates":[[[[-38.678,-10.593],[-38.53,-10.577],[-38.528,-10.692],[-38.706,-10.715],[-38.678,-10.593]]]]}},{"type":"Feature","properties":{"NAME":"Tumbalalá","SUBJECTO":"Tumbalalá","PARTOF":"Tumbalalá","BORDERPRECISION":"1"},"bbox":[-39.506,-8.837,-39.276,-8.569],"geometry":{"type":"MultiPolygon","coordinates":[[[[-39.506,-8.603],[-39.276,-8.569],[-39.316,-8.837],[-39.457,-8.818],[-39.506,-8.603]]]]}},{"type":"Feature","properties":{"NAME":"Teslin Tlingit Council (Yukon)","SUBJECTO":"Teslin Tlingit Council (Yukon)","PARTOF":"Teslin Tlingit Council (Yukon)","BORDERPRECISION":"1"},"bbox":[-134.341,59.988,-130.496,61.711],"geometry":{"type":"MultiPolygon","coordinates":[[[[-134.341,60.962],[-133.989,60.962],[-133.945,61.565],[-133.594,61.711],[-131.748,61.533],[-130.649,60.866],[-130.913,60.619],[-130.891,60.163],[-130.496,59.988],[-133.198,59.988],[-133.66,60.273],[-134.341,60.962]]]]}},{"type":"Feature","properties":{"NAME":"Potawatomi-Shawnee (Oklahoma)","SUBJECTO":"Potawatomi-Shawnee (Oklahoma)","PARTOF":"Potawatomi-Shawnee (Oklahoma)","BORDERPRECISION":"1"},"bbox":[-97.254,34.9,-96.776,35.544],"geometry":{"type":"MultiPolygon","coordinates":[[[[-97.247,35.544],[-96.949,35.315],[-96.777,35.41],[-96.776,34.9],[-97.254,34.95],[-97.247,35.544]]]]}},{"type":"Feature","properties":{"NAME":"Ket Chonhab’ Kob’a (Chuj)","SUBJECTO":"Ket Chonhab’ Kob’a (Chuj)","PARTOF":"Ket Chonhab’ Kob’a (Chuj)","BORDERPRECISION":"1"},"bbox":[-92.065,15.698,-91.437,16.308],"geometry":{"type":"MultiPolygon","coordinates":[[[[-91.867,15.812],[-92.065,16.255],[-91.71,16.308],[-91.46,16.124],[-91.437,15.831],[-91.555,15.698],[-91.867,15.812]]]]}},{"type":"Feature","properties":{"NAME":"Épera","SUBJECTO":"Épera","PARTOF":"Épera","BORDERPRECISION":"1"},"bbox":[-79.162,0.849,-78.813,1.102],"geometry":{"type":"MultiPolygon","coordinates":[[[[-78.945,1.102],[-78.813,1.057],[-78.843,0.924],[-79.128,0.849],[-79.162,1.011],[-78.945,1.102]]]]}},{"type":"Feature","properties":{"NAME":"Yamayeka (Yamaye)","SUBJECTO":"Yamayeka (Yamaye)","PARTOF":"Yamayeka (Yamaye)","BORDERPRECISION":"1"},"bbox":[-78.325,17.831,-76.319,18.51],"geometry":{"type":"MultiPolygon","coordinates":[[[[-77.769,18.51],[-76.426,18.119],[-76.319,17.903],[-76.806,18.004],[-77.425,17.831],[-78.325,18.35],[-77.769,18.51]]]]}},{"type":"Feature","properties":{"NAME":"Choctaw (Oklahoma)","SUBJECTO":"Choctaw (Oklahoma)","PARTOF":"Choctaw (Oklahoma)","BORDERPRECISION":"1"},"bbox":[-96.452,33.621,-94.434,35.445],"geometry":{"type":"MultiPolygon","coordinates":[[[[-94.434,35.388],[-94.507,33.621],[-95.226,33.962],[-95.833,33.835],[-96.433,33.896],[-96.452,34.912],[-96.356,35.007],[-96.187,34.959],[-96.005,35.148],[-95.386,35.326],[-95.231,35.266],[-95.073,35.445],[-94.664,35.293],[-94.434,35.388]]]]}},{"type":"Feature","properties":{"NAME":"Tampachoa (Mansos)","SUBJECTO":"Tampachoa (Mansos)","PARTOF":"Tampachoa (Mansos)","BORDERPRECISION":"1"},"bbox":[-107.81,31.567,-106.084,33.307],"geometry":{"type":"MultiPolygon","coordinates":[[[[-107.147,31.584],[-107.635,31.722],[-107.81,31.931],[-107.76,33.161],[-107.158,33.307],[-106.774,33.087],[-106.084,33.055],[-106.113,31.717],[-106.347,31.567],[-107.147,31.584]]]]}},{"type":"Feature","properties":{"NAME":"Bia Mbyá","SUBJECTO":"Bia Mbyá","PARTOF":"Bia Mbyá","BORDERPRECISION":"1"},"bbox":[-65.091,-16.852,-63.807,-15.844],"geometry":{"type":"MultiPolygon","coordinates":[[[[-64.867,-16.852],[-65.091,-16.458],[-65.011,-16.131],[-64.771,-15.844],[-64.196,-15.89],[-63.839,-16.141],[-63.807,-16.392],[-63.999,-16.699],[-64.332,-16.849],[-64.867,-16.852]]]]}},{"type":"Feature","properties":{"NAME":"Tequesta","SUBJECTO":"Tequesta","PARTOF":"Tequesta","BORDERPRECISION":"1"},"bbox":[-80.866,25.186,-80.05,26.754],"geometry":{"type":"MultiPolygon","coordinates":[[[[-80.05,26.551],[-80.354,25.548],[-80.306,25.348],[-80.449,25.191],[-80.866,25.186],[-80.463,25.953],[-80.377,26.706],[-80.065,26.754],[-80.05,26.551]]]]}},{"type":"Feature","properties":{"NAME":"Panzaleo","SUBJECTO":"Panzaleo","PARTOF":"Panzaleo","BORDERPRECISION":"1"},"bbox":[-79.191,-1.173,-78.412,-0.574],"geometry":{"type":"MultiPolygon","coordinates":[[[[-78.879,-1.173],[-79.075,-1.1],[-79.191,-0.864],[-78.978,-0.574],[-78.412,-0.91],[-78.456,-1.081],[-78.879,-1.173]]]]}},{"type":"Feature","properties":{"NAME":"Beaver","SUBJECTO":"Beaver","PARTOF":"Beaver","BORDERPRECISION":"1"},"bbox":[-126.167,55.204,-112.961,58.614],"geometry":{"type":"MultiPolygon","coordinates":[[[[-114.038,58.614],[-113.291,57.985],[-112.961,56.825],[-113.093,56.292],[-113.423,55.628],[-115.137,55.404],[-120.19,55.566],[-121.707,55.504],[-123.135,55.204],[-126.167,57.821],[-123.574,58.39],[-122.893,58.356],[-121.179,57.833],[-120.234,57.763],[-116.829,58.309],[-115.818,58.379],[-115.049,58.286],[-114.038,58.614]]]]}},{"type":"Feature","properties":{"NAME":"Toba-Lengua","SUBJECTO":"Toba-Lengua","PARTOF":"Toba-Lengua","BORDERPRECISION":"1"},"bbox":[-58.76,-25.177,-56.652,-24.093],"geometry":{"type":"MultiPolygon","coordinates":[[[[-58.76,-24.288],[-58.587,-24.183],[-58.324,-24.231],[-57.615,-24.502],[-57.379,-24.464],[-56.953,-24.093],[-56.777,-24.104],[-56.652,-24.288],[-57.317,-25.177],[-58.744,-24.444],[-58.76,-24.288]]]]}},{"type":"Feature","properties":{"NAME":"Mechoopda","SUBJECTO":"Mechoopda","PARTOF":"Mechoopda","BORDERPRECISION":"1"},"bbox":[-121.97,39.499,-121.705,39.746],"geometry":{"type":"MultiPolygon","coordinates":[[[[-121.931,39.746],[-121.705,39.742],[-121.769,39.541],[-121.97,39.499],[-121.931,39.746]]]]}},{"type":"Feature","properties":{"NAME":"Mohawk (Kalapuya)","SUBJECTO":"Mohawk (Kalapuya)","PARTOF":"Mohawk (Kalapuya)","BORDERPRECISION":"1"},"bbox":[-122.972,44.09,-122.573,44.362],"geometry":{"type":"MultiPolygon","coordinates":[[[[-122.972,44.09],[-122.921,44.279],[-122.699,44.362],[-122.573,44.149],[-122.972,44.09]]]]}},{"type":"Feature","properties":{"NAME":"Cheroenhaka (Nottoway)","SUBJECTO":"Cheroenhaka (Nottoway)","PARTOF":"Cheroenhaka (Nottoway)","BORDERPRECISION":"1"},"bbox":[-78.398,36.607,-76.737,37.167],"geometry":{"type":"MultiPolygon","coordinates":[[[[-77.786,37.167],[-77,37.106],[-76.737,36.858],[-76.822,36.717],[-77.259,36.607],[-77.723,36.831],[-78.398,36.95],[-78.289,37.165],[-77.786,37.167]]]]}},{"type":"Feature","properties":{"NAME":"oθaakiiwaki‧hina‧ki (Sauk)","SUBJECTO":"oθaakiiwaki‧hina‧ki (Sauk)","PARTOF":"oθaakiiwaki‧hina‧ki (Sauk)","BORDERPRECISION":"1"},"bbox":[-84.755,42.665,-82.44,44.031],"geometry":{"type":"MultiPolygon","coordinates":[[[[-83.412,43.818],[-83.074,44.031],[-82.748,43.962],[-82.44,42.987],[-82.55,42.698],[-84.022,42.665],[-84.755,42.78],[-84.629,43.62],[-84.341,43.705],[-83.744,43.621],[-83.412,43.818]]]]}},{"type":"Feature","properties":{"NAME":"Boriken Taino","SUBJECTO":"Boriken Taino","PARTOF":"Boriken Taino","BORDERPRECISION":"1"},"bbox":[-67.211,17.987,-65.724,18.515],"geometry":{"type":"MultiPolygon","coordinates":[[[[-66.811,18.515],[-65.952,18.472],[-65.724,18.333],[-65.967,18.027],[-67.152,17.987],[-67.211,18.438],[-66.811,18.515]]]]}},{"type":"Feature","properties":{"NAME":"Me-Wuk (Southern Sierra Miwok)","SUBJECTO":"Me-Wuk (Southern Sierra Miwok)","PARTOF":"Me-Wuk (Southern Sierra Miwok)","BORDERPRECISION":"1"},"bbox":[-120.487,37.08,-119.244,37.844],"geometry":{"type":"MultiPolygon","coordinates":[[[[-120.487,37.622],[-120.256,37.76],[-119.489,37.844],[-119.244,37.677],[-119.905,37.08],[-120.487,37.622]]]]}},{"type":"Feature","properties":{"NAME":"Secotan","SUBJECTO":"Secotan","PARTOF":"Secotan","BORDERPRECISION":"1"},"bbox":[-77.076,35.37,-76.382,35.984],"geometry":{"type":"MultiPolygon","coordinates":[[[[-76.382,35.984],[-76.408,35.642],[-76.645,35.571],[-76.581,35.461],[-77.053,35.58],[-76.574,35.37],[-77.076,35.555],[-76.992,35.795],[-76.382,35.984]]]]}},{"type":"Feature","properties":{"NAME":"Gitga’at Lax Yuup","SUBJECTO":"Gitga’at Lax Yuup","PARTOF":"Gitga’at Lax Yuup","BORDERPRECISION":"1"},"bbox":[-129.645,53.023,-128.177,54.066],"geometry":{"type":"MultiPolygon","coordinates":[[[[-128.889,53.418],[-128.238,53.196],[-128.177,53.045],[-128.512,53.023],[-128.889,53.418]]],[[[-129.06,53.739],[-129.434,53.518],[-129.645,53.673],[-129.353,53.752],[-129.26,54.03],[-128.897,54.066],[-128.809,53.797],[-129.06,53.739]]]]}},{"type":"Feature","properties":{"NAME":"Gitga’at","SUBJECTO":"Gitga’at","PARTOF":"Gitga’at","BORDERPRECISION":"1"},"bbox":[-129.645,53.023,-128.177,54.066],"geometry":{"type":"MultiPolygon","coordinates":[[[[-128.889,53.418],[-128.238,53.196],[-128.177,53.045],[-128.512,53.023],[-128.889,53.418]]],[[[-129.06,53.739],[-129.434,53.518],[-129.645,53.673],[-129.353,53.752],[-129.26,54.03],[-128.897,54.066],[-128.809,53.797],[-129.06,53.739]]]]}},{"type":"Feature","properties":{"NAME":"Arosaguntacook","SUBJECTO":"Arosaguntacook","PARTOF":"Arosaguntacook","BORDERPRECISION":"1"},"bbox":[-73.01,43.752,-69.695,46.118],"geometry":{"type":"MultiPolygon","coordinates":[[[[-69.826,43.752],[-69.969,43.812],[-69.922,43.913],[-70.212,43.801],[-70.802,44.342],[-71.323,44.355],[-71.139,45.067],[-71.27,45.257],[-72.618,45.695],[-73.01,46.049],[-72.456,46.118],[-70.785,45.363],[-69.695,43.869],[-69.826,43.752]]]]}},{"type":"Feature","properties":{"NAME":"Ahtna Nenn’","SUBJECTO":"Ahtna Nenn’","PARTOF":"Ahtna Nenn’","BORDERPRECISION":"1"},"bbox":[-151.065,60.5,-140.841,63.744],"geometry":{"type":"MultiPolygon","coordinates":[[[[-140.895,61.207],[-140.841,60.753],[-141.039,60.5],[-144.613,60.68],[-145.662,60.908],[-145.612,60.999],[-145.997,61.308],[-147.935,61.566],[-149.19,61.578],[-149.218,61.702],[-148.356,61.894],[-148.192,62.074],[-148.765,62.509],[-150.395,62.467],[-150.753,62.56],[-151.065,63.014],[-149.293,63.371],[-149.209,63.622],[-148.257,63.744],[-143.258,63.262],[-143.007,63.172],[-142.962,63.054],[-143.123,62.849],[-142.734,62.582],[-142.645,62.371],[-142.835,61.831],[-142.754,61.744],[-141.101,61.506],[-140.895,61.207]]]]}},{"type":"Feature","properties":{"NAME":"Janos","SUBJECTO":"Janos","PARTOF":"Janos","BORDERPRECISION":"1"},"bbox":[-108.94,30.42,-107.49,31.915],"geometry":{"type":"MultiPolygon","coordinates":[[[[-108.138,30.42],[-108.457,30.581],[-108.94,31.119],[-108.918,31.269],[-108.512,31.494],[-108.281,31.784],[-107.688,31.915],[-107.49,31.307],[-107.721,30.572],[-108.138,30.42]]]]}},{"type":"Feature","properties":{"NAME":"Ditidaht","SUBJECTO":"Ditidaht","PARTOF":"Ditidaht","BORDERPRECISION":"1"},"bbox":[-125.06,48.653,-123.975,49.115],"geometry":{"type":"MultiPolygon","coordinates":[[[[-125.06,48.783],[-124.541,49.115],[-123.975,48.772],[-124.066,48.678],[-124.387,48.865],[-124.655,48.653],[-125.06,48.783]]]]}},{"type":"Feature","properties":{"NAME":"Unknown","SUBJECTO":"","PARTOF":"","BORDERPRECISION":"1"},"bbox":[-109.93,74.945,-109.578,75.251],"geometry":{"type":"MultiPolygon","coordinates":[[[[-109.93,74.945],[-109.863,75.251],[-109.863,74.957],[-109.578,75.008],[-109.93,74.945]]]]}},{"type":"Feature","properties":{"NAME":"Unknown","SUBJECTO":"","PARTOF":"","BORDERPRECISION":"1"},"bbox":[-180,64.383,-170.473,68.917],"geometry":{"type":"MultiPolygon","coordinates":[[[[-180,65.311],[-180,68.917],[-175.514,67.669],[-175.006,66.957],[-175.101,66.765],[-174.635,66.405],[-174.193,66.288],[-174.068,66.435],[-174.378,66.7],[-174.337,67.077],[-173.875,67.159],[-173.174,66.99],[-171.958,66.956],[-170.473,66.295],[-171.106,66.094],[-171.485,65.833],[-170.976,65.678],[-171.669,65.889],[-171.561,65.785],[-171.793,65.608],[-173.043,65.806],[-172.562,65.515],[-172.437,65.02],[-173.165,64.968],[-173.25,64.896],[-173.123,64.675],[-174.037,64.554],[-174.001,64.674],[-174.115,64.717],[-174.519,64.659],[-175.187,64.849],[-175.301,64.726],[-175.827,64.934],[-176.071,65.188],[-175.993,65.268],[-176.137,65.457],[-176.529,65.61],[-178.654,65.54],[-178.697,65.832],[-178.975,66.051],[-179.379,65.996],[-180,65.311]]],[[[-174.261,64.461],[-174.379,64.619],[-173.724,64.383],[-174.261,64.461]]]]}},{"type":"Feature","properties":{"NAME":"Unknown","SUBJECTO":"","PARTOF":"","BORDERPRECISION":"1"},"bbox":[-113.32,70.06,-110.215,70.324],"geometry":{"type":"MultiPolygon","coordinates":[[[[-110.215,70.324],[-110.215,70.14],[-113.32,70.06],[-110.918,70.14],[-110.215,70.324]]]]}},{"type":"Feature","properties":{"NAME":"Unknown","SUBJECTO":"","PARTOF":"","BORDERPRECISION":"1"},"bbox":[-50.647,-1.735,-48.402,-0.195],"geometry":{"type":"MultiPolygon","coordinates":[[[[-50.225,-1.735],[-50.476,-1.679],[-50.647,-1.266],[-50.501,-0.262],[-49.143,-0.195],[-48.402,-0.391],[-48.886,-1.421],[-49.347,-1.645],[-50.225,-1.735]]]]}},{"type":"Feature","properties":{"NAME":"Unknown","SUBJECTO":"","PARTOF":"","BORDERPRECISION":"1"},"bbox":[-133.271,54.846,-132.174,55.621],"geometry":{"type":"MultiPolygon","coordinates":[[[[-133.016,55.371],[-133.271,55.621],[-133.065,55.419],[-132.644,55.446],[-132.8,55.274],[-133.016,55.371]]],[[[-132.174,54.846],[-132.303,54.983],[-132.175,55.051],[-132.177,55.285],[-132.174,54.846]]]]}},{"type":"Feature","properties":{"NAME":"Unknown","SUBJECTO":"","PARTOF":"","BORDERPRECISION":"1"},"bbox":[-172.052,63.6,-171.739,63.75],"geometry":{"type":"MultiPolygon","coordinates":[[[[-171.972,63.729],[-171.739,63.75],[-172.052,63.6],[-171.972,63.729]]]]}},{"type":"Feature","properties":{"NAME":"Unknown","SUBJECTO":"","PARTOF":"","BORDERPRECISION":"1"},"bbox":[-146.357,61.136,-145.821,61.365],"geometry":{"type":"MultiPolygon","coordinates":[[[[-145.821,61.136],[-146.357,61.365],[-145.997,61.308],[-145.821,61.136]]]]}},{"type":"Feature","properties":{"NAME":"Unknown","SUBJECTO":"","PARTOF":"","BORDERPRECISION":"1"},"bbox":[-137.029,68.05,-136.582,68.228],"geometry":{"type":"MultiPolygon","coordinates":[[[[-136.627,68.05],[-137.029,68.228],[-136.582,68.186],[-136.627,68.05]]]]}},{"type":"Feature","properties":{"NAME":"Unknown","SUBJECTO":"","PARTOF":"","BORDERPRECISION":"1"},"bbox":[-127.983,55.223,-127.866,55.362],"geometry":{"type":"MultiPolygon","coordinates":[[[[-127.983,55.274],[-127.866,55.362],[-127.905,55.223],[-127.983,55.274]]]]}},{"type":"Feature","properties":{"NAME":"Unknown","SUBJECTO":"","PARTOF":"","BORDERPRECISION":"1"},"bbox":[-128.437,55.134,-128.154,55.171],"geometry":{"type":"MultiPolygon","coordinates":[[[[-128.315,55.134],[-128.437,55.171],[-128.154,55.141],[-128.315,55.134]]]]}},{"type":"Feature","properties":{"NAME":"Unknown","SUBJECTO":"","PARTOF":"","BORDERPRECISION":"1"},"bbox":[-130.693,56.112,-130.089,56.582],"geometry":{"type":"MultiPolygon","coordinates":[[[[-130.693,56.38],[-130.204,56.582],[-130.089,56.475],[-130.212,56.375],[-130.22,56.112],[-130.693,56.38]]]]}},{"type":"Feature","properties":{"NAME":"Unknown","SUBJECTO":"","PARTOF":"","BORDERPRECISION":"1"},"bbox":[-155.321,58.498,-154.371,59.083],"geometry":{"type":"MultiPolygon","coordinates":[[[[-154.8,58.762],[-154.371,59.083],[-154.754,58.668],[-155.321,58.498],[-154.8,58.762]]]]}},{"type":"Feature","properties":{"NAME":"Unknown","SUBJECTO":"","PARTOF":"","BORDERPRECISION":"1"},"bbox":[-75.952,-5.497,-75.749,-5.12],"geometry":{"type":"MultiPolygon","coordinates":[[[[-75.749,-5.12],[-75.952,-5.497],[-75.922,-5.153],[-75.749,-5.12]]]]}},{"type":"Feature","properties":{"NAME":"Unknown","SUBJECTO":"","PARTOF":"","BORDERPRECISION":"1"},"bbox":[-73.809,-2.194,-73.677,-2.046],"geometry":{"type":"MultiPolygon","coordinates":[[[[-73.677,-2.194],[-73.809,-2.145],[-73.677,-2.046],[-73.677,-2.194]]]]}},{"type":"Feature","properties":{"NAME":"Unknown","SUBJECTO":"","PARTOF":"","BORDERPRECISION":"1"},"bbox":[-75.516,-6.288,-74.994,-5.908],"geometry":{"type":"MultiPolygon","coordinates":[[[[-75.275,-5.964],[-74.994,-6.089],[-75.443,-6.288],[-75.516,-5.908],[-75.275,-5.964]]]]}},{"type":"Feature","properties":{"NAME":"Unknown","SUBJECTO":"","PARTOF":"","BORDERPRECISION":"1"},"bbox":[-75.737,-3.178,-74.985,-2.216],"geometry":{"type":"MultiPolygon","coordinates":[[[[-75.303,-2.67],[-74.985,-3.178],[-75.737,-2.216],[-75.303,-2.67]]]]}},{"type":"Feature","properties":{"NAME":"Unknown","SUBJECTO":"","PARTOF":"","BORDERPRECISION":"1"},"bbox":[-79.103,-4.776,-78.238,-3.54],"geometry":{"type":"MultiPolygon","coordinates":[[[[-78.908,-4.776],[-79.097,-4.496],[-79.103,-3.739],[-78.673,-4.45],[-78.484,-3.856],[-78.238,-3.54],[-78.54,-4.382],[-78.908,-4.776]]]]}},{"type":"Feature","properties":{"NAME":"Unknown","SUBJECTO":"","PARTOF":"","BORDERPRECISION":"1"},"bbox":[-79.984,-4.722,-79.684,-4.354],"geometry":{"type":"MultiPolygon","coordinates":[[[[-79.907,-4.437],[-79.974,-4.603],[-79.872,-4.722],[-79.984,-4.354],[-79.684,-4.456],[-79.907,-4.437]]]]}},{"type":"Feature","properties":{"NAME":"Unknown","SUBJECTO":"","PARTOF":"","BORDERPRECISION":"1"},"bbox":[-76.437,-2.047,-75.026,-0.91],"geometry":{"type":"MultiPolygon","coordinates":[[[[-76.295,-1.913],[-76.437,-1.81],[-76.393,-1.579],[-76.129,-1.702],[-75.617,-1.589],[-75.454,-1.08],[-76.004,-1.174],[-76.088,-0.91],[-75.284,-0.985],[-75.06,-1.391],[-75.026,-1.999],[-75.415,-1.841],[-75.836,-1.875],[-76.043,-2.047],[-76.295,-1.913]]]]}},{"type":"Feature","properties":{"NAME":"Unknown","SUBJECTO":"","PARTOF":"","BORDERPRECISION":"1"},"bbox":[-76.627,37.373,-76.25,37.702],"geometry":{"type":"MultiPolygon","coordinates":[[[[-76.566,37.702],[-76.284,37.625],[-76.396,37.584],[-76.25,37.548],[-76.258,37.373],[-76.627,37.568],[-76.566,37.702]]]]}},{"type":"Feature","properties":{"NAME":"Unknown","SUBJECTO":"","PARTOF":"","BORDERPRECISION":"1"},"bbox":[-76.943,38.083,-76.708,38.251],"geometry":{"type":"MultiPolygon","coordinates":[[[[-76.943,38.251],[-76.708,38.178],[-76.855,38.083],[-76.943,38.251]]]]}},{"type":"Feature","properties":{"NAME":"Unknown","SUBJECTO":"","PARTOF":"","BORDERPRECISION":"1"},"bbox":[-76.51,37.906,-76.232,38.069],"geometry":{"type":"MultiPolygon","coordinates":[[[[-76.286,38.002],[-76.232,37.906],[-76.51,38.069],[-76.286,38.002]]]]}},{"type":"Feature","properties":{"NAME":"Unknown","SUBJECTO":"","PARTOF":"","BORDERPRECISION":"1"},"bbox":[-81.127,32.927,-79.472,33.41],"geometry":{"type":"MultiPolygon","coordinates":[[[[-79.564,32.927],[-80.054,33.039],[-80.793,32.951],[-81.127,33.41],[-79.861,33.172],[-79.532,33.29],[-79.472,33.219],[-79.66,33.094],[-79.564,32.927]]]]}},{"type":"Feature","properties":{"NAME":"Unknown","SUBJECTO":"","PARTOF":"","BORDERPRECISION":"1"},"bbox":[-127.617,51.392,-127.178,51.535],"geometry":{"type":"MultiPolygon","coordinates":[[[[-127.617,51.392],[-127.178,51.535],[-127.211,51.396],[-127.617,51.392]]]]}},{"type":"Feature","properties":{"NAME":"Unknown","SUBJECTO":"","PARTOF":"","BORDERPRECISION":"1"},"bbox":[-124.63,42.855,-124.473,43.258],"geometry":{"type":"MultiPolygon","coordinates":[[[[-124.63,43.014],[-124.473,43.258],[-124.603,42.855],[-124.63,43.014]]]]}},{"type":"Feature","properties":{"NAME":"Unknown","SUBJECTO":"","PARTOF":"","BORDERPRECISION":"1"},"bbox":[-124.582,42.459,-124.494,42.729],"geometry":{"type":"MultiPolygon","coordinates":[[[[-124.561,42.602],[-124.582,42.729],[-124.494,42.459],[-124.561,42.602]]]]}},{"type":"Feature","properties":{"NAME":"Unknown","SUBJECTO":"","PARTOF":"","BORDERPRECISION":"1"},"bbox":[-124.302,43.84,-124.215,44.51],"geometry":{"type":"MultiPolygon","coordinates":[[[[-124.302,43.924],[-124.215,44.51],[-124.248,43.84],[-124.302,43.924]]]]}},{"type":"Feature","properties":{"NAME":"Unknown","SUBJECTO":"","PARTOF":"","BORDERPRECISION":"1"},"bbox":[-82.53,54.906,-82.229,55.078],"geometry":{"type":"MultiPolygon","coordinates":[[[[-82.383,55.056],[-82.229,54.906],[-82.53,55.078],[-82.383,55.056]]]]}},{"type":"Feature","properties":{"NAME":"Unknown","SUBJECTO":"","PARTOF":"","BORDERPRECISION":"1"},"bbox":[-116.585,31.099,-116.362,31.396],"geometry":{"type":"MultiPolygon","coordinates":[[[[-116.509,31.273],[-116.585,31.396],[-116.362,31.099],[-116.509,31.273]]]]}},{"type":"Feature","properties":{"NAME":"Unknown","SUBJECTO":"","PARTOF":"","BORDERPRECISION":"1"},"bbox":[-116.102,30.286,-114.952,30.704],"geometry":{"type":"MultiPolygon","coordinates":[[[[-116.058,30.339],[-116.102,30.442],[-115.979,30.32],[-114.952,30.704],[-115.869,30.286],[-116.058,30.339]]]]}},{"type":"Feature","properties":{"NAME":"Unknown","SUBJECTO":"","PARTOF":"","BORDERPRECISION":"1"},"bbox":[-112.172,25.475,-111.237,25.756],"geometry":{"type":"MultiPolygon","coordinates":[[[[-112.172,25.75],[-111.904,25.756],[-111.79,25.557],[-111.237,25.572],[-111.845,25.475],[-111.997,25.728],[-112.172,25.75]]]]}},{"type":"Feature","properties":{"NAME":"Unknown","SUBJECTO":"","PARTOF":"","BORDERPRECISION":"1"},"bbox":[-123.892,39.331,-123.816,39.529],"geometry":{"type":"MultiPolygon","coordinates":[[[[-123.892,39.414],[-123.816,39.529],[-123.856,39.331],[-123.892,39.414]]]]}},{"type":"Feature","properties":{"NAME":"Unknown","SUBJECTO":"","PARTOF":"","BORDERPRECISION":"1"},"bbox":[-124.407,40.498,-123.992,41.646],"geometry":{"type":"MultiPolygon","coordinates":[[[[-124.367,40.751],[-124.179,41.195],[-124.171,41.646],[-124.08,41.541],[-124.146,41.096],[-123.992,40.987],[-124.126,41.019],[-124.407,40.498],[-124.367,40.751]]]]}},{"type":"Feature","properties":{"NAME":"Unknown","SUBJECTO":"","PARTOF":"","BORDERPRECISION":"1"},"bbox":[-84.16,9.45,-83.401,9.851],"geometry":{"type":"MultiPolygon","coordinates":[[[[-84.16,9.45],[-84.022,9.823],[-83.695,9.851],[-83.401,9.461],[-84.16,9.45]]]]}},{"type":"Feature","properties":{"NAME":"Unknown","SUBJECTO":"","PARTOF":"","BORDERPRECISION":"1"},"bbox":[-87.416,11.538,-85.929,12.723],"geometry":{"type":"MultiPolygon","coordinates":[[[[-86.434,11.767],[-86.742,12.101],[-86.636,12.21],[-86.749,12.505],[-87.158,12.522],[-87.416,12.723],[-86.793,12.682],[-86.598,12.263],[-85.981,11.864],[-85.929,11.663],[-86.193,11.538],[-86.434,11.767]]]]}},{"type":"Feature","properties":{"NAME":"Unknown","SUBJECTO":"","PARTOF":"","BORDERPRECISION":"1"},"bbox":[-85.642,9.583,-84.844,10.311],"geometry":{"type":"MultiPolygon","coordinates":[[[[-85.255,10.311],[-85.116,9.981],[-84.844,9.841],[-85.089,9.583],[-85.642,9.979],[-85.405,10.027],[-85.255,10.311]]]]}},{"type":"Feature","properties":{"NAME":"Unknown","SUBJECTO":"","PARTOF":"","BORDERPRECISION":"1"},"bbox":[-81.297,-6.099,-81.2,-5.975],"geometry":{"type":"MultiPolygon","coordinates":[[[[-81.297,-6.041],[-81.251,-5.975],[-81.2,-6.099],[-81.297,-6.041]]]]}},{"type":"Feature","properties":{"NAME":"Unknown","SUBJECTO":"","PARTOF":"","BORDERPRECISION":"1"},"bbox":[-82.98,7.27,-78.761,9.638],"geometry":{"type":"MultiPolygon","coordinates":[[[[-79.068,9.034],[-79.717,8.883],[-79.712,8.616],[-80.425,8.192],[-79.971,7.558],[-80.406,7.299],[-80.814,7.27],[-81.117,7.943],[-81.197,7.64],[-81.562,7.824],[-81.664,8.165],[-82.654,8.321],[-82.957,8.047],[-82.98,8.374],[-82.797,8.623],[-81.626,8.308],[-81.57,8.113],[-81.425,8.099],[-81.067,8.48],[-81.213,8.833],[-80.124,9.224],[-79.5,9.638],[-79.103,9.553],[-79.189,9.341],[-78.761,9.342],[-78.965,8.991],[-79.068,9.034]]]]}},{"type":"Feature","properties":{"NAME":"Unknown","SUBJECTO":"","PARTOF":"","BORDERPRECISION":"1"},"bbox":[-80.482,-3.723,-78.306,1.174],"geometry":{"type":"MultiPolygon","coordinates":[[[[-80.025,-3.274],[-79.866,-2.987],[-79.678,-2.914],[-79.604,-2.633],[-79.728,-2.219],[-80.088,-1.849],[-80.232,-0.787],[-80.482,-0.384],[-80.109,0.049],[-80.086,0.818],[-79.136,1.174],[-79.162,0.903],[-78.914,0.385],[-79.62,0.354],[-79.804,0.742],[-79.967,0.601],[-79.893,0.339],[-78.646,0.429],[-78.493,0.773],[-78.306,0.567],[-78.989,0.273],[-78.702,0.142],[-78.774,-0.084],[-78.637,-0.212],[-79.296,-0.908],[-79.373,-1.273],[-79.183,-2.245],[-79.439,-2.389],[-79.737,-3.234],[-79.453,-3.45],[-79.523,-3.672],[-79.708,-3.723],[-79.984,-3.577],[-80.025,-3.274]],[[-79.151,-0.528],[-79.133,-0.269],[-79.296,-0.022],[-79.433,-0.019],[-79.381,-0.545],[-79.151,-0.528]]]]}},{"type":"Feature","properties":{"NAME":"Unknown","SUBJECTO":"","PARTOF":"","BORDERPRECISION":"1"},"bbox":[-105.687,18.712,-103.58,21.821],"geometry":{"type":"MultiPolygon","coordinates":[[[[-103.975,18.88],[-104.948,19.438],[-105.687,20.403],[-105.312,20.588],[-105.44,20.835],[-105.23,21.35],[-104.69,21.821],[-104.214,21.175],[-103.82,21.277],[-103.752,21.516],[-103.709,21.401],[-103.718,21.173],[-104.05,20.85],[-104.058,20.6],[-104.586,20.344],[-104.561,20.195],[-104.259,20.069],[-104.122,19.571],[-104.424,19.611],[-104.405,19.303],[-104.118,19.303],[-104.072,19.517],[-103.755,19.729],[-103.58,19.453],[-103.841,18.712],[-103.975,18.88]]]]}},{"type":"Feature","properties":{"NAME":"Unknown","SUBJECTO":"","PARTOF":"","BORDERPRECISION":"1"},"bbox":[-94.275,15.321,-92.796,16.914],"geometry":{"type":"MultiPolygon","coordinates":[[[[-93.33,15.534],[-93.977,16.03],[-94.08,16.443],[-94.275,16.578],[-93.881,16.914],[-93.587,16.726],[-94.015,16.704],[-93.961,16.501],[-93.765,16.477],[-93.71,16.679],[-93.582,16.712],[-93.496,16.491],[-93.351,16.464],[-93.146,16.686],[-93.214,16.543],[-93.078,16.349],[-92.898,16.375],[-92.796,16.214],[-93.096,15.798],[-93.601,16.178],[-93.779,16.07],[-93.82,15.953],[-93.063,15.321],[-93.33,15.534]]]]}},{"type":"Feature","properties":{"NAME":"Unknown","SUBJECTO":"","PARTOF":"","BORDERPRECISION":"1"},"bbox":[-92.306,14.144,-91.522,14.662],"geometry":{"type":"MultiPolygon","coordinates":[[[[-91.925,14.354],[-92.306,14.662],[-91.701,14.541],[-91.708,14.32],[-91.522,14.302],[-91.634,14.144],[-91.925,14.354]]]]}},{"type":"Feature","properties":{"NAME":"Unknown","SUBJECTO":"","PARTOF":"","BORDERPRECISION":"1"},"bbox":[-99.725,16.765,-99.339,17.647],"geometry":{"type":"MultiPolygon","coordinates":[[[[-99.72,16.834],[-99.725,17.647],[-99.339,17.24],[-99.419,16.765],[-99.72,16.834]]]]}},{"type":"Feature","properties":{"NAME":"Unknown","SUBJECTO":"","PARTOF":"","BORDERPRECISION":"1"},"bbox":[-63.829,-33.659,-62.165,-31.321],"geometry":{"type":"MultiPolygon","coordinates":[[[[-63.604,-33.585],[-63.829,-33.536],[-63.741,-33.244],[-63.054,-32.332],[-62.683,-31.488],[-62.242,-31.321],[-62.165,-32.533],[-62.284,-33.401],[-62.712,-33.411],[-63.209,-33.659],[-63.604,-33.585]]]]}},{"type":"Feature","properties":{"NAME":"Unknown","SUBJECTO":"","PARTOF":"","BORDERPRECISION":"1"},"bbox":[-62.394,-28.501,-61.414,-25.437],"geometry":{"type":"MultiPolygon","coordinates":[[[[-62.394,-28.501],[-62.063,-28.048],[-61.936,-27.516],[-61.952,-25.788],[-62.2,-25.494],[-61.794,-25.437],[-61.764,-26.087],[-61.414,-26.65],[-61.933,-28.299],[-62.394,-28.501]]]]}},{"type":"Feature","properties":{"NAME":"Unknown","SUBJECTO":"","PARTOF":"","BORDERPRECISION":"1"},"bbox":[-60.379,-24.05,-59.722,-23.238],"geometry":{"type":"MultiPolygon","coordinates":[[[[-60.203,-23.51],[-60.144,-23.238],[-59.788,-23.413],[-59.722,-23.659],[-59.998,-24.05],[-60.379,-23.989],[-60.203,-23.51]]]]}},{"type":"Feature","properties":{"NAME":"Unknown","SUBJECTO":"","PARTOF":"","BORDERPRECISION":"1"},"bbox":[-59.219,-24.389,-58.784,-24.057],"geometry":{"type":"MultiPolygon","coordinates":[[[[-59.219,-24.057],[-59.117,-24.267],[-58.784,-24.387],[-59.102,-24.389],[-59.219,-24.057]]]]}},{"type":"Feature","properties":{"NAME":"Unknown","SUBJECTO":"","PARTOF":"","BORDERPRECISION":"1"},"bbox":[-76.182,-4.209,-75.601,-3.427],"geometry":{"type":"MultiPolygon","coordinates":[[[[-75.843,-3.706],[-75.955,-3.796],[-75.945,-4.209],[-76.182,-3.78],[-76.035,-3.427],[-75.601,-3.68],[-75.843,-3.706]]]]}},{"type":"Feature","properties":{"NAME":"Unknown","SUBJECTO":"","PARTOF":"","BORDERPRECISION":"1"},"bbox":[-74.813,-4.343,-73.526,-2.228],"geometry":{"type":"MultiPolygon","coordinates":[[[[-73.666,-3.162],[-73.526,-3.303],[-73.547,-4.157],[-73.991,-4.343],[-74.162,-4.005],[-73.756,-4.049],[-73.594,-3.722],[-73.618,-3.47],[-74.693,-2.584],[-74.813,-2.228],[-74.19,-2.617],[-73.666,-3.162]]]]}},{"type":"Feature","properties":{"NAME":"Unknown","SUBJECTO":"","PARTOF":"","BORDERPRECISION":"1"},"bbox":[-74.892,-4.449,-74.445,-3.956],"geometry":{"type":"MultiPolygon","coordinates":[[[[-74.737,-3.956],[-74.445,-4.422],[-74.787,-4.449],[-74.892,-3.957],[-74.737,-3.956]]]]}},{"type":"Feature","properties":{"NAME":"Unknown","SUBJECTO":"","PARTOF":"","BORDERPRECISION":"1"},"bbox":[-59.319,-29.144,-56.412,-26.139],"geometry":{"type":"MultiPolygon","coordinates":[[[[-58.707,-28.926],[-59.319,-29.055],[-59.118,-28.368],[-58.772,-28.156],[-58.63,-27.365],[-57.923,-26.139],[-57.392,-27.09],[-56.588,-27.645],[-56.412,-28.142],[-56.766,-29.144],[-58.707,-28.926]]]]}},{"type":"Feature","properties":{"NAME":"Unknown","SUBJECTO":"","PARTOF":"","BORDERPRECISION":"1"},"bbox":[-70.232,-14.469,-67.878,-13.138],"geometry":{"type":"MultiPolygon","coordinates":[[[[-69.224,-13.678],[-70.232,-13.288],[-70.038,-13.187],[-68.386,-13.138],[-68.243,-13.365],[-68.76,-13.467],[-68.789,-13.967],[-68.14,-14.194],[-67.878,-14.469],[-68.869,-14.149],[-69.224,-13.678]]]]}},{"type":"Feature","properties":{"NAME":"Unknown","SUBJECTO":"","PARTOF":"","BORDERPRECISION":"1"},"bbox":[-77.635,-8.09,-77.2,-7.015],"geometry":{"type":"MultiPolygon","coordinates":[[[[-77.381,-8.011],[-77.635,-7.015],[-77.2,-8.09],[-77.381,-8.011]]]]}},{"type":"Feature","properties":{"NAME":"Unknown","SUBJECTO":"","PARTOF":"","BORDERPRECISION":"1"},"bbox":[-71.4,-1.97,-70.796,-1.449],"geometry":{"type":"MultiPolygon","coordinates":[[[[-70.831,-1.68],[-70.796,-1.97],[-71.4,-1.686],[-71.133,-1.449],[-70.82,-1.549],[-70.831,-1.68]]]]}},{"type":"Feature","properties":{"NAME":"Unknown","SUBJECTO":"","PARTOF":"","BORDERPRECISION":"1"},"bbox":[-76.892,-9.948,-75.46,-6.687],"geometry":{"type":"MultiPolygon","coordinates":[[[[-75.561,-9.526],[-75.46,-9.574],[-75.652,-9.948],[-75.817,-9.589],[-76.729,-8.914],[-76.892,-8.641],[-76.144,-8.51],[-76.18,-7.366],[-76,-6.804],[-75.48,-6.687],[-75.512,-7.448],[-75.763,-8.272],[-75.777,-8.988],[-75.561,-9.526]]]]}},{"type":"Feature","properties":{"NAME":"Unknown","SUBJECTO":"","PARTOF":"","BORDERPRECISION":"1"},"bbox":[-64.652,-18.794,-63.852,-16.69],"geometry":{"type":"MultiPolygon","coordinates":[[[[-64.354,-18.428],[-64.652,-17.915],[-64.23,-17.35],[-64.503,-16.854],[-63.989,-16.69],[-63.852,-17.596],[-64.259,-18.794],[-64.354,-18.428]]]]}},{"type":"Feature","properties":{"NAME":"Unknown","SUBJECTO":"","PARTOF":"","BORDERPRECISION":"1"},"bbox":[-66.834,-15.673,-66.757,-15.446],"geometry":{"type":"MultiPolygon","coordinates":[[[[-66.757,-15.491],[-66.771,-15.673],[-66.834,-15.446],[-66.757,-15.491]]]]}},{"type":"Feature","properties":{"NAME":"Unknown","SUBJECTO":"","PARTOF":"","BORDERPRECISION":"1"},"bbox":[-71.499,-13.342,-70.837,-13.08],"geometry":{"type":"MultiPolygon","coordinates":[[[[-70.837,-13.262],[-70.98,-13.342],[-71.499,-13.08],[-70.996,-13.119],[-70.837,-13.262]]]]}},{"type":"Feature","properties":{"NAME":"Unknown","SUBJECTO":"","PARTOF":"","BORDERPRECISION":"1"},"bbox":[-72.531,-45.927,-72.351,-45.665],"geometry":{"type":"MultiPolygon","coordinates":[[[[-72.395,-45.815],[-72.531,-45.927],[-72.351,-45.665],[-72.395,-45.815]]]]}},{"type":"Feature","properties":{"NAME":"Unknown","SUBJECTO":"","PARTOF":"","BORDERPRECISION":"1"},"bbox":[-67.53,-15.117,-65.517,-13.434],"geometry":{"type":"MultiPolygon","coordinates":[[[[-66.852,-14.97],[-67.003,-15.117],[-67.53,-14.593],[-67.351,-13.434],[-67.051,-13.583],[-66.67,-13.538],[-66.446,-14.135],[-65.911,-14.417],[-65.517,-14.426],[-66.225,-14.626],[-66.496,-15.031],[-66.613,-14.7],[-66.852,-14.97]]]]}},{"type":"Feature","properties":{"NAME":"Unknown","SUBJECTO":"","PARTOF":"","BORDERPRECISION":"1"},"bbox":[-70.563,-32.459,-64.207,-27.315],"geometry":{"type":"MultiPolygon","coordinates":[[[[-66.875,-31.892],[-67.789,-30.663],[-69.733,-30.626],[-70.244,-30.72],[-70.343,-30.996],[-70.401,-30.52],[-70.563,-30.489],[-70.47,-29.901],[-69.695,-29.521],[-68.963,-28.591],[-68.157,-28.517],[-67.869,-28.348],[-67.642,-27.722],[-67.429,-27.486],[-66.325,-27.315],[-65.293,-27.647],[-64.794,-28.209],[-64.583,-29.223],[-64.403,-29.498],[-64.207,-29.547],[-64.942,-29.721],[-65.719,-30.542],[-65.921,-30.962],[-65.828,-32.459],[-66.666,-32.122],[-66.875,-31.892]]]]}},{"type":"Feature","properties":{"NAME":"Unknown","SUBJECTO":"","PARTOF":"","BORDERPRECISION":"1"},"bbox":[-72.3,-45.513,-72.194,-44.994],"geometry":{"type":"MultiPolygon","coordinates":[[[[-72.194,-45.25],[-72.3,-45.513],[-72.239,-44.994],[-72.194,-45.25]]]]}},{"type":"Feature","properties":{"NAME":"Unknown","SUBJECTO":"","PARTOF":"","BORDERPRECISION":"1"},"bbox":[-70.711,-2.642,-65.565,-1.507],"geometry":{"type":"MultiPolygon","coordinates":[[[[-70.028,-2.492],[-69.679,-2.374],[-69.547,-1.643],[-69.389,-1.507],[-67.542,-1.693],[-67.146,-1.861],[-66.632,-1.785],[-65.565,-1.893],[-65.618,-2.049],[-65.908,-2.137],[-66.7,-1.97],[-67.319,-2.039],[-68.87,-2.581],[-69.551,-2.642],[-70.223,-2.594],[-70.711,-2.075],[-70.028,-2.492]]]]}},{"type":"Feature","properties":{"NAME":"Unknown","SUBJECTO":"","PARTOF":"","BORDERPRECISION":"1"},"bbox":[-69.781,-1.684,-67.13,-0.084],"geometry":{"type":"MultiPolygon","coordinates":[[[[-69.394,-0.084],[-67.741,-0.341],[-67.583,-0.534],[-67.13,-0.661],[-67.374,-0.848],[-67.496,-1.14],[-67.544,-1.684],[-69.385,-1.494],[-69.302,-1.029],[-69.553,-0.503],[-69.781,-0.312],[-69.394,-0.084]]]]}},{"type":"Feature","properties":{"NAME":"Unknown","SUBJECTO":"","PARTOF":"","BORDERPRECISION":"1"},"bbox":[-59.167,-11.977,-58.535,-11.668],"geometry":{"type":"MultiPolygon","coordinates":[[[[-58.815,-11.971],[-59.167,-11.734],[-59.001,-11.668],[-58.535,-11.977],[-58.815,-11.971]]]]}},{"type":"Feature","properties":{"NAME":"Unknown","SUBJECTO":"","PARTOF":"","BORDERPRECISION":"1"},"bbox":[-65.897,-2.238,-65.597,-2.056],"geometry":{"type":"MultiPolygon","coordinates":[[[[-65.617,-2.056],[-65.597,-2.238],[-65.897,-2.14],[-65.617,-2.056]]]]}},{"type":"Feature","properties":{"NAME":"Unknown","SUBJECTO":"","PARTOF":"","BORDERPRECISION":"1"},"bbox":[-74.381,-47.479,-73.935,-47.175],"geometry":{"type":"MultiPolygon","coordinates":[[[[-74.381,-47.423],[-74.328,-47.292],[-73.935,-47.175],[-74.162,-47.479],[-74.381,-47.423]]]]}},{"type":"Feature","properties":{"NAME":"Unknown","SUBJECTO":"","PARTOF":"","BORDERPRECISION":"1"},"bbox":[-71.035,-52.91,-70.572,-52.691],"geometry":{"type":"MultiPolygon","coordinates":[[[[-70.734,-52.802],[-70.78,-52.91],[-71.035,-52.74],[-70.572,-52.691],[-70.734,-52.802]]]]}},{"type":"Feature","properties":{"NAME":"Unknown","SUBJECTO":"","PARTOF":"","BORDERPRECISION":"1"},"bbox":[-66.807,5.875,-65.83,6.364],"geometry":{"type":"MultiPolygon","coordinates":[[[[-66.075,6.077],[-66.287,5.875],[-66.807,6.175],[-66.733,6.364],[-66.16,6.166],[-65.83,6.194],[-66.075,6.077]]]]}},{"type":"Feature","properties":{"NAME":"Unknown","SUBJECTO":"","PARTOF":"","BORDERPRECISION":"1"},"bbox":[-72.668,-17.985,-70.809,-16.174],"geometry":{"type":"MultiPolygon","coordinates":[[[[-71.224,-17.805],[-71.612,-17.221],[-72.668,-16.698],[-72.303,-16.174],[-71.334,-17.135],[-71.05,-16.952],[-70.809,-17.985],[-71.224,-17.805]]]]}},{"type":"Feature","properties":{"NAME":"Unknown","SUBJECTO":"","PARTOF":"","BORDERPRECISION":"1"},"bbox":[-72.127,-0.811,-71.242,-0.443],"geometry":{"type":"MultiPolygon","coordinates":[[[[-71.526,-0.732],[-71.823,-0.811],[-72.127,-0.443],[-71.242,-0.767],[-71.526,-0.732]]]]}},{"type":"Feature","properties":{"NAME":"Unknown","SUBJECTO":"","PARTOF":"","BORDERPRECISION":"1"},"bbox":[-79.389,-8.36,-76.741,-4.628],"geometry":{"type":"MultiPolygon","coordinates":[[[[-77.694,-5.974],[-78.189,-6.033],[-79.326,-5.754],[-79.389,-4.628],[-79.224,-4.685],[-79.333,-5.232],[-79.141,-5.723],[-78.708,-5.758],[-78.658,-5.321],[-78.38,-5.494],[-77.753,-5.417],[-77.48,-5.54],[-77.48,-5.883],[-76.853,-6.062],[-77.125,-6.861],[-76.741,-7.524],[-76.959,-8.36],[-77.188,-8.095],[-77.639,-6.98],[-77.524,-6.202],[-77.694,-5.974]]]]}},{"type":"Feature","properties":{"NAME":"Unknown","SUBJECTO":"","PARTOF":"","BORDERPRECISION":"1"},"bbox":[-59.425,-16.638,-53.031,-11.059],"geometry":{"type":"MultiPolygon","coordinates":[[[[-58.475,-12.165],[-58.468,-12.017],[-57.908,-12.244],[-57.877,-12.558],[-58.042,-12.74],[-58.033,-12.969],[-57.529,-12.997],[-57.387,-12.845],[-57.439,-12.469],[-57.749,-12.173],[-57.52,-11.921],[-57.627,-11.25],[-56.978,-12.209],[-56.045,-12.377],[-56.032,-12.698],[-55.675,-12.897],[-55.647,-14.287],[-54.926,-14.544],[-54.474,-14.499],[-54.32,-14.336],[-54.44,-14.068],[-55.038,-13.875],[-55.62,-13.913],[-55.673,-12.898],[-55.509,-12.399],[-55.076,-12.326],[-54.92,-12.173],[-54.651,-11.091],[-53.886,-11.059],[-54.194,-12.694],[-54.006,-12.752],[-53.999,-13.017],[-53.031,-13.03],[-53.087,-13.333],[-54.084,-13.788],[-54.168,-15.117],[-56.492,-15.61],[-57.897,-16.076],[-58.269,-16.362],[-58.353,-16.638],[-58.39,-15.934],[-58.782,-15.288],[-59.408,-14.725],[-59.425,-14.542],[-59.284,-13.18],[-59.009,-12.719],[-58.512,-12.42],[-58.475,-12.165]],[[-58.649,-13.968],[-59.044,-13.997],[-59.312,-14.504],[-58.56,-15.018],[-58.158,-15.132],[-57.008,-15.059],[-56.382,-14.342],[-56.29,-14.066],[-56.406,-13.643],[-56.71,-13.528],[-57.881,-13.735],[-58.236,-12.932],[-58.354,-13.472],[-58.649,-13.968]]]]}},{"type":"Feature","properties":{"NAME":"Unknown","SUBJECTO":"","PARTOF":"","BORDERPRECISION":"1"},"bbox":[-79.091,-3.696,-77.39,0.228],"geometry":{"type":"MultiPolygon","coordinates":[[[[-77.784,-0.632],[-78.048,-1.05],[-78.038,-1.551],[-78.343,-1.936],[-78.408,-2.656],[-78.793,-3.472],[-79.091,-3.696],[-78.513,-2.681],[-78.435,-1.572],[-78.103,-1.264],[-78.408,-0.989],[-78.415,-0.777],[-77.855,0.228],[-77.736,0.083],[-77.39,0.02],[-77.461,-0.297],[-77.784,-0.632]]]]}},{"type":"Feature","properties":{"NAME":"Unknown","SUBJECTO":"","PARTOF":"","BORDERPRECISION":"1"},"bbox":[-79.067,9.094,-77.829,9.517],"geometry":{"type":"MultiPolygon","coordinates":[[[[-78.967,9.473],[-78.266,9.386],[-77.829,9.094],[-78.476,9.419],[-79.067,9.435],[-79.065,9.517],[-78.967,9.473]]]]}},{"type":"Feature","properties":{"NAME":"Unknown","SUBJECTO":"","PARTOF":"","BORDERPRECISION":"1"},"bbox":[-75.996,-0.769,-70.948,11.061],"geometry":{"type":"MultiPolygon","coordinates":[[[[-75.573,10.119],[-75.339,10.726],[-75.258,10.452],[-74.773,10.409],[-74.668,10.689],[-74.741,11.061],[-74.449,10.77],[-74.331,10.913],[-74.367,10.774],[-74.148,10.642],[-73.838,9.898],[-73.27,10.372],[-73.519,9.636],[-73.719,9.424],[-73.821,8.654],[-73.726,8.316],[-73.102,7.66],[-72.545,7.641],[-72.456,7.374],[-72.662,6.99],[-72.913,6.862],[-73.202,7.536],[-73.828,6.896],[-73.814,6.336],[-74.03,6.312],[-74.403,5.968],[-74.68,4.333],[-74.127,4.151],[-73.212,4.691],[-72.529,5.64],[-72.479,5.961],[-72.42,5.296],[-71.904,4.983],[-71.43,4.883],[-71.989,4.59],[-72.111,4.296],[-72.58,4.307],[-72.975,4.576],[-73.206,4.341],[-73.889,4.021],[-74.018,3.467],[-73.833,3.108],[-73.539,2.915],[-72.529,2.87],[-71.977,3.311],[-71.727,2.996],[-71.332,2.895],[-71.775,2.656],[-72.258,2.632],[-72.507,2.248],[-72.38,2.109],[-71.785,2.259],[-71.569,2.132],[-71.314,2.303],[-71.034,2.178],[-71.015,1.143],[-71.185,0.823],[-70.948,0.243],[-71.28,0.13],[-71.439,-0.214],[-71.146,-0.769],[-72.227,-0.389],[-71.736,0.322],[-72.532,1.141],[-72.761,1.162],[-73.1,0.795],[-73.122,0.043],[-72.908,-0.175],[-74.004,-0.068],[-74.762,0.991],[-75.2,0.943],[-75.247,0.766],[-75.996,1.131],[-75.787,1.764],[-74.975,2.985],[-75.142,3.402],[-74.948,4.136],[-75.052,4.325],[-75.347,4.433],[-74.945,5.23],[-74.656,5.348],[-74.427,6.262],[-73.807,7.11],[-73.853,7.349],[-74.29,7.617],[-74.495,7.955],[-74.069,8.302],[-74.105,8.901],[-74.906,9.349],[-75.573,10.119]],[[-73.704,1.049],[-73.809,2.63],[-74.021,2.871],[-74.284,2.893],[-74.49,2.554],[-74.351,1.063],[-73.99,0.932],[-73.704,1.049]]]]}},{"type":"Feature","properties":{"NAME":"Unknown","SUBJECTO":"","PARTOF":"","BORDERPRECISION":"1"},"bbox":[-77.758,8.796,-77.577,9.031],"geometry":{"type":"MultiPolygon","coordinates":[[[[-77.678,8.961],[-77.577,8.796],[-77.758,9.031],[-77.678,8.961]]]]}},{"type":"Feature","properties":{"NAME":"Unknown","SUBJECTO":"","PARTOF":"","BORDERPRECISION":"1"},"bbox":[-84.905,15.609,-84.177,15.933],"geometry":{"type":"MultiPolygon","coordinates":[[[[-84.65,15.933],[-84.177,15.707],[-84.905,15.609],[-84.65,15.933]]]]}},{"type":"Feature","properties":{"NAME":"Unknown","SUBJECTO":"","PARTOF":"","BORDERPRECISION":"1"},"bbox":[-94.922,16.815,-90.421,21.065],"geometry":{"type":"MultiPolygon","coordinates":[[[[-94.242,18.24],[-92.098,18.76],[-92.107,18.516],[-91.73,18.416],[-91.479,18.634],[-91.702,18.823],[-90.935,19.382],[-90.896,19.754],[-90.672,19.947],[-90.673,20.676],[-90.421,21.065],[-90.747,19.29],[-91.262,18.867],[-91.461,18.159],[-91.577,18.169],[-91.676,17.855],[-92.218,17.816],[-92.51,18.624],[-92.705,18.634],[-93.147,18.267],[-93.094,17.918],[-93.22,17.665],[-93.489,17.43],[-93.714,17.568],[-93.977,17.497],[-93.881,16.915],[-94.027,16.815],[-94.455,16.973],[-94.922,16.957],[-94.907,17.112],[-94.51,17.018],[-93.98,17.134],[-94.267,17.477],[-94.091,17.654],[-94.179,18.009],[-94.421,18.256],[-94.242,18.24]]]]}},{"type":"Feature","properties":{"NAME":"Unknown","SUBJECTO":"","PARTOF":"","BORDERPRECISION":"1"},"bbox":[-83.831,8.528,-82.159,10.48],"geometry":{"type":"MultiPolygon","coordinates":[[[[-83.377,10.48],[-82.752,9.744],[-82.326,9.445],[-82.159,9.016],[-82.344,9.172],[-82.437,9.058],[-82.273,8.862],[-82.247,8.528],[-82.91,8.744],[-82.529,9.181],[-82.553,9.45],[-82.741,9.465],[-82.678,9.646],[-82.916,9.668],[-83.421,10.039],[-83.664,9.989],[-83.831,10.402],[-83.515,10.371],[-83.377,10.48]]]]}},{"type":"Feature","properties":{"NAME":"Unknown","SUBJECTO":"","PARTOF":"","BORDERPRECISION":"1"},"bbox":[-51.474,-0.375,-49.884,2.104],"geometry":{"type":"MultiPolygon","coordinates":[[[[-50.555,1.969],[-49.969,1.728],[-49.884,1.214],[-50.12,1.054],[-50.647,0.272],[-51.474,-0.375],[-51.045,0.242],[-50.917,0.659],[-50.933,1.285],[-50.628,1.83],[-50.628,2.104],[-50.555,1.969]]]]}},{"type":"Feature","properties":{"NAME":"Unknown","SUBJECTO":"","PARTOF":"","BORDERPRECISION":"1"},"bbox":[-53.948,2.936,-51.003,5.201],"geometry":{"type":"MultiPolygon","coordinates":[[[[-52.422,4.969],[-51.71,4.228],[-51.315,4.261],[-51.003,3.286],[-51.799,2.936],[-52.376,2.952],[-53.034,3.224],[-53.948,5.048],[-53.903,5.201],[-52.775,4.992],[-52.598,5.12],[-52.422,4.969]],[[-51.283,3.769],[-51.432,4.016],[-51.742,3.85],[-51.77,3.368],[-51.63,3.124],[-51.294,3.201],[-51.201,3.576],[-51.283,3.769]]]]}},{"type":"Feature","properties":{"NAME":"Unknown","SUBJECTO":"","PARTOF":"","BORDERPRECISION":"1"},"bbox":[-60.789,-34.598,-57.572,-33.064],"geometry":{"type":"MultiPolygon","coordinates":[[[[-57.787,-34.598],[-58.34,-34.216],[-58.445,-34.379],[-60.789,-33.525],[-60.721,-33.064],[-59.641,-33.712],[-58.581,-34.036],[-57.572,-34.568],[-57.787,-34.598]]]]}},{"type":"Feature","properties":{"NAME":"Unknown","SUBJECTO":"","PARTOF":"","BORDERPRECISION":"1"},"bbox":[-74.837,-22.93,-34.918,5.509],"geometry":{"type":"MultiPolygon","coordinates":[[[[-51.774,-0.855],[-52.143,-1.517],[-51.791,-1.535],[-50.977,-1.114],[-50.528,-1.933],[-49.622,-1.925],[-49.291,-1.791],[-49.423,-2.359],[-48.527,-1.586],[-48.043,-0.816],[-47.237,-0.68],[-46.928,-0.928],[-45.643,-1.363],[-45.371,-1.757],[-45.076,-1.604],[-44.796,-1.736],[-44.462,-2.269],[-44.711,-2.759],[-44.593,-3.147],[-44.222,-2.777],[-43.233,-2.419],[-42.316,-2.818],[-41.606,-2.937],[-40.231,-2.851],[-39.05,-3.408],[-37.181,-4.954],[-36.636,-5.118],[-35.665,-5.18],[-35.345,-5.478],[-34.918,-7.167],[-34.925,-7.872],[-35.114,-8.661],[-35.599,-9.628],[-36.829,-10.736],[-37.187,-10.845],[-37.637,-11.951],[-38.266,-12.887],[-38.473,-12.989],[-38.509,-12.798],[-38.799,-12.627],[-39.07,-13.721],[-39.057,-14.922],[-39.315,-15.116],[-39.208,-16.006],[-38.968,-15.745],[-39.115,-16.736],[-39.655,-16.783],[-39.779,-16.592],[-40.511,-16.358],[-40.988,-16.44],[-41.434,-16.765],[-41.699,-17.394],[-41.759,-18.147],[-42.353,-18.787],[-42.534,-19.232],[-44.581,-20.73],[-46.006,-22.93],[-46.415,-22.685],[-46.823,-21.406],[-47.64,-20.247],[-48.258,-19.993],[-50.37,-20.032],[-51.616,-19.871],[-52.399,-19.437],[-51.334,-19.104],[-49.946,-18.343],[-49.191,-18.227],[-49.191,-17.787],[-49.385,-17.346],[-49.824,-16.834],[-51.283,-16.072],[-52.984,-15.375],[-52.487,-15.39],[-51.812,-14.839],[-50.877,-13.304],[-51.372,-11.702],[-51.817,-11.521],[-52.042,-11.594],[-52.428,-12.622],[-52.782,-13.145],[-52.79,-12.854],[-52.536,-12.595],[-52.983,-12.071],[-52.803,-11.92],[-52.907,-10.926],[-52.697,-10.702],[-53.083,-10.675],[-52.967,-9.903],[-52.158,-9.655],[-51.954,-9.237],[-51.136,-8.625],[-50.535,-7.668],[-50.696,-7.029],[-51.115,-6.87],[-52.521,-6.929],[-52.48,-6.657],[-52.195,-6.717],[-51.954,-6.549],[-51.995,-6.331],[-52.387,-5.984],[-51.756,-5.987],[-51.38,-5.39],[-50.443,-5.013],[-50.082,-5.17],[-49.762,-4.651],[-49.925,-4.432],[-50.072,-4.425],[-50.369,-4.621],[-50.442,-5.01],[-51.38,-5.389],[-51.409,-5.272],[-51.636,-5.229],[-52.003,-5.346],[-52.007,-4.97],[-51.493,-4.748],[-51.317,-4.394],[-51.673,-3.725],[-51.583,-3.589],[-51.968,-3.22],[-52.224,-3.184],[-52.469,-3.493],[-53.654,-2.817],[-54.126,-2.727],[-54.709,-3.244],[-54.87,-2.848],[-55.126,-2.828],[-54.997,-2.167],[-55.62,-1.909],[-56.088,-2.051],[-56.696,-2.615],[-57.549,-2.402],[-57.805,-2.785],[-58.077,-2.863],[-58.258,-3.143],[-58.521,-3.177],[-59.07,-3.67],[-59.069,-3.842],[-59.299,-3.968],[-59.418,-4.243],[-59.763,-4.37],[-59.938,-4.853],[-60.222,-4.91],[-60.602,-5.301],[-60.467,-5.927],[-60.212,-6.305],[-59.622,-6.66],[-58.965,-6.789],[-58.672,-6.728],[-58.741,-7.222],[-58.593,-7.575],[-58.775,-7.761],[-58.842,-8.119],[-58.43,-8.787],[-58.559,-8.925],[-58.923,-8.577],[-59.178,-8.592],[-59.564,-9.539],[-59.486,-9.946],[-59.577,-10.478],[-60.045,-10.419],[-60.511,-10.605],[-60.56,-10.419],[-60.911,-10.204],[-61.148,-10.681],[-61.421,-10.522],[-61.578,-10.203],[-61.863,-10.207],[-61.738,-10.502],[-61.81,-10.637],[-61.453,-10.889],[-61.322,-11.262],[-61.133,-11.243],[-60.922,-10.961],[-60.523,-10.742],[-60.517,-11.172],[-60.367,-11.502],[-59.838,-11.834],[-59.323,-11.802],[-59.469,-12.03],[-59.702,-12.098],[-59.698,-12.334],[-59.92,-12.67],[-60.027,-12.664],[-60.323,-12.194],[-60.511,-11.285],[-61.045,-11.248],[-61.396,-11.367],[-60.996,-12.066],[-60.921,-12.431],[-61.263,-12.379],[-61.374,-12.239],[-61.492,-12.412],[-60.92,-12.431],[-60.863,-12.634],[-61.051,-12.664],[-61.178,-12.538],[-61.252,-12.703],[-60.863,-12.635],[-60.381,-13.955],[-60.734,-13.665],[-60.814,-13.347],[-61.064,-13.053],[-61.662,-13.115],[-61.845,-13.671],[-62.527,-13.913],[-62.707,-13.655],[-63.386,-13.653],[-63.529,-13.323],[-62.85,-13.382],[-62.741,-13.012],[-63.053,-12.733],[-62.747,-12.951],[-62.218,-13.057],[-62.583,-12.746],[-62.855,-12.85],[-63.824,-12.275],[-63.337,-12.399],[-63.112,-12.327],[-62.852,-11.816],[-63.243,-11.734],[-62.818,-11.712],[-62.53,-11.496],[-62.693,-11.123],[-62.899,-11.154],[-62.996,-10.935],[-62.913,-10.827],[-63.22,-10.383],[-63.431,-10.459],[-63.502,-10.683],[-63.961,-10.514],[-64.046,-10.746],[-64.446,-10.844],[-64.267,-11.214],[-63.868,-11.312],[-63.982,-11.761],[-63.508,-11.849],[-63.875,-12],[-63.833,-12.27],[-64.528,-11.83],[-64.733,-12.05],[-64.944,-11.941],[-64.597,-11.075],[-64.679,-10.583],[-65.008,-10.171],[-65.294,-10.236],[-65.427,-10.477],[-65.251,-10.986],[-65.363,-11.144],[-65.259,-11.713],[-65.088,-11.711],[-64.918,-12.428],[-64.667,-12.37],[-64.676,-12.108],[-64.464,-11.896],[-63.206,-12.642],[-63.781,-12.43],[-64.379,-12.454],[-64.138,-13.005],[-64.987,-12.957],[-65.023,-12.596],[-65.192,-12.421],[-66.291,-12.658],[-66.213,-12.517],[-65.614,-12.419],[-65.464,-12.142],[-65.462,-10.531],[-65.501,-10.227],[-65.705,-9.999],[-66.285,-10.022],[-66.7,-10.261],[-67.086,-11.251],[-68.734,-11.661],[-68.731,-11.003],[-69.043,-10.556],[-69.271,-10.459],[-69.649,-9.623],[-70.013,-9.213],[-69.817,-7.465],[-69.844,-7.25],[-70.185,-6.871],[-70.755,-6.804],[-71.184,-6.943],[-71.47,-7.266],[-71.793,-8.028],[-72.26,-7.67],[-72.247,-7.914],[-72.083,-7.793],[-71.804,-8.027],[-71.938,-8.146],[-72.012,-8.623],[-71.894,-8.622],[-71.892,-8.979],[-72.18,-9.014],[-72.325,-8.808],[-72.1,-8.51],[-72.202,-8.146],[-72.442,-7.999],[-72.698,-8.111],[-72.76,-8.014],[-72.762,-7.842],[-72.532,-7.772],[-72.587,-7.56],[-73.055,-7.441],[-73.173,-7.558],[-73.184,-7.692],[-73.052,-7.572],[-73.101,-7.797],[-72.773,-7.842],[-72.771,-8.005],[-72.914,-7.957],[-73.172,-8.125],[-73.316,-8.854],[-73.806,-8.584],[-74.037,-8.293],[-73.751,-8.308],[-73.51,-8.161],[-73.458,-7.438],[-73.283,-7.403],[-73.671,-7.137],[-74.255,-7.115],[-74.492,-7.219],[-74.498,-7.845],[-74.679,-7.526],[-74.693,-6.477],[-74.837,-6.119],[-74.114,-5.715],[-74.612,-6.327],[-74.674,-6.68],[-74.434,-7.014],[-73.943,-6.888],[-73.581,-5.99],[-73.79,-5.554],[-74.01,-5.55],[-73.332,-4.593],[-72.993,-4.656],[-72.626,-4.369],[-71.782,-4.458],[-71.099,-4.361],[-69.974,-4.679],[-69.499,-4.626],[-69.047,-4.412],[-68.627,-3.947],[-67.335,-3.284],[-66.433,-3.184],[-66.066,-3.192],[-65.317,-3.474],[-64.98,-3.848],[-64.634,-3.878],[-63.797,-4.525],[-63.424,-4.603],[-63.09,-4.359],[-62.921,-3.948],[-63.005,-3.772],[-63.264,-3.551],[-63.983,-3.277],[-64.368,-2.803],[-64.774,-2.617],[-64.765,-2.183],[-60.407,-2.823],[-60.461,-2.728],[-60.518,-2.828],[-64.764,-2.174],[-64.889,-1.84],[-65.279,-1.686],[-65.563,-1.889],[-66.609,-1.781],[-65.857,-1.468],[-65.257,-0.391],[-65.818,-0.242],[-66.278,-0.388],[-66.624,-0.327],[-67.129,-0.114],[-67.344,0.274],[-68.425,0.737],[-67.914,0.995],[-67.491,0.971],[-67.301,1.164],[-67.225,0.859],[-67.112,0.862],[-67.141,1.412],[-67.035,1.514],[-66.889,1.242],[-66.471,1.601],[-66.429,2.266],[-66.82,2.103],[-66.787,4.085],[-66.443,4.166],[-66.646,3.152],[-65.936,2.859],[-65.318,2.997],[-65.856,1.761],[-65.76,1.082],[-66.285,0.762],[-66.483,0.421],[-66.295,0.105],[-65.285,0.252],[-65.243,-0.157],[-65.109,-0.244],[-64.773,0.644],[-63.388,0.984],[-63.081,1.191],[-62.729,0.8],[-62.476,1.207],[-62.174,1.063],[-62.183,1.36],[-61.409,1.798],[-61.324,2.057],[-61.492,2.252],[-61.534,2.037],[-61.971,2.101],[-61.987,2.303],[-61.654,2.546],[-62.165,3.494],[-62.087,3.689],[-60.441,2.199],[-59.875,1.861],[-60.305,1.613],[-60.408,1.108],[-60.154,0.696],[-59.264,0.099],[-58.926,-0.905],[-58.054,-1.697],[-57.347,-1.928],[-56.831,-1.313],[-56.947,-0.882],[-56.785,-0.626],[-56.499,-0.474],[-56.588,0.264],[-56.951,0.913],[-57.74,0.817],[-57.877,1.1],[-58.204,1.293],[-58.364,1.779],[-58.11,2.152],[-58.144,2.452],[-58.38,2.53],[-58.339,3.87],[-58.54,4.167],[-59.301,4.31],[-58.871,4.603],[-58.863,5.207],[-58.267,5.509],[-58.058,5.196],[-57.605,5.007],[-55.626,5.093],[-55.932,4.275],[-56.23,4.154],[-56.215,3.746],[-56.079,3.691],[-55.787,3.925],[-55.319,5.139],[-53.958,5.043],[-53.098,3.294],[-53.326,3.14],[-53.381,2.788],[-52.974,2.215],[-52.715,1.418],[-52.89,0.11],[-53.35,0.645],[-54.328,1.311],[-54.686,1.779],[-54.698,2.034],[-54.004,2.827],[-53.774,3.543],[-53.896,3.819],[-54.245,3.868],[-54.375,3.612],[-55.282,3.621],[-55.621,3.394],[-56.497,3.543],[-57.962,4.286],[-58.106,4.244],[-58.211,3.993],[-57.616,2.43],[-56.174,1.313],[-56.325,0.9],[-56.103,0.557],[-55.375,0.46],[-53.698,-0.686],[-53.069,-0.504],[-52.866,-0.187],[-52.733,-0.749],[-52.288,-1.175],[-51.992,-1.193],[-51.851,-0.763],[-51.535,-0.438],[-51.774,-0.855]],[[-61.938,-12.808],[-61.614,-12.763],[-61.514,-12.58],[-62.124,-11.912],[-61.922,-11.689],[-62.623,-11.834],[-62.961,-12.159],[-62.937,-12.425],[-62.693,-12.466],[-62.566,-12.327],[-61.938,-12.808]],[[-64.319,-9.898],[-64.367,-9.579],[-64.953,-9.806],[-64.773,-10.272],[-64.51,-10.265],[-64.319,-9.898]],[[-65.601,-9.709],[-65.401,-9.296],[-65.623,-9.001],[-66.116,-9.039],[-66.543,-9.393],[-66.378,-9.752],[-65.601,-9.709]],[[-63.393,-8.966],[-64.291,-9.181],[-64.343,-9.416],[-63.566,-9.444],[-63.179,-9.318],[-63.296,-8.957],[-63.393,-8.966]],[[-62.878,-8.027],[-62.353,-8.691],[-62.163,-8.682],[-61.978,-8.88],[-61.576,-8.613],[-61.035,-8.625],[-61.088,-8.293],[-61.606,-8.049],[-61.404,-7.223],[-61.753,-6.463],[-61.904,-6.464],[-62.106,-6.986],[-62.503,-6.768],[-62.861,-7.04],[-63.019,-7.433],[-62.878,-8.027]],[[-68.647,-8.238],[-68.418,-8.991],[-67.892,-8.94],[-67.965,-8.613],[-67.685,-8.488],[-67.738,-8.611],[-67.469,-9.21],[-67.237,-9.405],[-66.587,-9.257],[-66.266,-8.976],[-64.618,-8.622],[-64.534,-7.697],[-64.741,-7.288],[-63.135,-5.954],[-62.897,-5.922],[-62.819,-5.532],[-62.959,-5.417],[-63.201,-5.455],[-63.257,-5.67],[-63.136,-5.952],[-64.743,-7.282],[-64.8,-6.863],[-64.673,-6.678],[-64.82,-6.518],[-64.839,-6.194],[-64.39,-5.788],[-64.433,-5.665],[-64.619,-5.687],[-65.08,-6.046],[-65.036,-6.186],[-64.842,-6.194],[-64.823,-6.518],[-65.002,-6.542],[-65.282,-6.912],[-65.613,-6.941],[-65.857,-7.173],[-65.815,-7.319],[-65.581,-7.396],[-66.359,-7.279],[-66.861,-7.348],[-66.759,-7.112],[-66.21,-7.162],[-66.088,-6.786],[-66.235,-6.587],[-67.201,-6.489],[-67.814,-6.023],[-68.253,-6.723],[-68.678,-7.094],[-68.532,-7.434],[-68.828,-7.953],[-68.656,-8.06],[-68.647,-8.238]],[[-64.034,-7.27],[-64.065,-7.412],[-63.847,-7.422],[-63.844,-7.314],[-64.034,-7.27]],[[-71.148,-5.298],[-71.323,-5.65],[-71.099,-5.986],[-70.915,-5.92],[-70.875,-5.566],[-70.947,-5.342],[-71.148,-5.298]],[[-70.482,-4.83],[-70.459,-5.148],[-70.118,-5.111],[-70.164,-4.671],[-70.346,-4.672],[-70.482,-4.83]],[[-60.063,-1.062],[-60.06,-0.577],[-59.845,-0.436],[-59.767,0.096],[-60.028,0.408],[-60.355,0.419],[-60.471,-0.002],[-61.234,-0.52],[-61.563,-1.162],[-61.254,-1.916],[-60.642,-1.988],[-60.464,-1.785],[-60.422,-1.255],[-60.063,-1.062]],[[-72.585,-6.994],[-72.087,-6.91],[-72.018,-6.536],[-72.401,-6.399],[-72.785,-6.492],[-72.869,-6.872],[-72.585,-6.994]],[[-71.726,-5.069],[-72.004,-5.231],[-72.244,-4.74],[-72.708,-4.69],[-73.467,-5.185],[-73.445,-5.847],[-73.191,-6.076],[-72.053,-6.122],[-71.955,-5.531],[-71.726,-5.562],[-71.555,-5.436],[-71.606,-5.118],[-71.726,-5.069]],[[-45.344,-19.521],[-44.842,-19.519],[-44.658,-19.243],[-45.029,-19.01],[-45.365,-19.067],[-45.53,-19.333],[-45.344,-19.521]],[[-44.402,-15.331],[-44.068,-15.774],[-42.973,-16.164],[-42.6,-15.869],[-42.507,-15.304],[-42.699,-14.749],[-42.995,-14.45],[-44.016,-14.307],[-44.241,-14.388],[-44.46,-14.796],[-44.528,-15.042],[-44.402,-15.331]],[[-50.683,-12.581],[-50.349,-13.592],[-50.102,-13.971],[-49.521,-14.397],[-48.867,-14.724],[-47.951,-14.432],[-47.855,-13.961],[-47.982,-12.873],[-48.515,-12.035],[-48.623,-11.653],[-48.472,-11.36],[-48.444,-10.8],[-48.986,-10.194],[-49.951,-10.021],[-49.918,-9.396],[-50.047,-9.149],[-50.594,-9.133],[-51.098,-9.4],[-51.306,-9.659],[-51.555,-10.513],[-51.402,-11.006],[-50.775,-10.651],[-50.579,-10.721],[-50.737,-11.489],[-50.683,-12.581]],[[-48.072,-10.088],[-47.69,-9.984],[-47.63,-9.529],[-47.709,-9.25],[-48.124,-9.105],[-48.372,-9.277],[-48.409,-9.625],[-48.342,-10.003],[-48.072,-10.088]],[[-39.209,-13.953],[-39.78,-15.145],[-39.709,-15.584],[-39.584,-15.303],[-39.728,-15.119],[-39.209,-13.953]],[[-38.714,-10.66],[-38.598,-10.737],[-38.518,-10.594],[-38.714,-10.66]],[[-38.853,-10.421],[-38.734,-10.49],[-38.749,-10.374],[-38.853,-10.421]],[[-38.146,-9.041],[-38.592,-9.267],[-38.721,-9.541],[-38.13,-9.198],[-38.146,-9.041]],[[-38.664,-9.048],[-38.762,-8.801],[-38.951,-8.82],[-38.901,-9.123],[-38.664,-9.048]],[[-39.252,-8.62],[-39.502,-8.594],[-39.457,-8.818],[-39.316,-8.837],[-39.252,-8.62]],[[-38.673,-8.341],[-38.761,-8.478],[-38.669,-8.493],[-38.673,-8.341]],[[-38.722,-8.236],[-38.946,-8.199],[-38.935,-8.358],[-38.751,-8.356],[-38.722,-8.236]],[[-46.327,-7.864],[-46.391,-7.717],[-46.63,-7.642],[-47.261,-7.793],[-47.769,-8.436],[-47.322,-8.813],[-46.407,-8.57],[-46.282,-8.409],[-46.327,-7.864]],[[-48.432,-6.173],[-48.739,-6.644],[-49.198,-6.902],[-49.161,-7.268],[-48.516,-7.101],[-48.18,-6.651],[-47.998,-6.028],[-47.695,-6.472],[-47.386,-6.496],[-47.443,-5.527],[-48.047,-5.153],[-48.473,-5.139],[-48.746,-5.269],[-48.796,-5.461],[-48.29,-5.753],[-48.432,-6.173]],[[-46.794,-5.741],[-46.989,-5.691],[-47.175,-6.042],[-46.742,-6.06],[-46.794,-5.741]],[[-48.761,-4.914],[-48.778,-4.647],[-48.995,-4.629],[-49.024,-5.186],[-48.847,-5.333],[-48.761,-4.914]],[[-44.894,-6.22],[-44.948,-5.826],[-45.147,-5.8],[-44.506,-5.181],[-44.533,-4.444],[-44.755,-4.115],[-45.047,-4.108],[-45.553,-3.625],[-46.155,-3.534],[-46.164,-3.222],[-45.895,-3.189],[-45.807,-2.997],[-46.118,-2.503],[-46.373,-2.475],[-46.947,-1.755],[-46.931,-2.049],[-47.751,-2.26],[-48.39,-2.245],[-48.297,-2.695],[-47.074,-3.003],[-47.142,-3.831],[-46.982,-5.2],[-46.716,-5.737],[-46.24,-6.062],[-45.843,-6.063],[-45.916,-6.271],[-45.809,-6.599],[-45.708,-6.468],[-44.953,-6.337],[-44.894,-6.22]],[[-49.284,-2.801],[-50.243,-3.142],[-50.295,-3.438],[-50.012,-3.424],[-50.076,-3.099],[-49.255,-2.909],[-49.284,-2.801]],[[-55.617,0.336],[-55.812,0.261],[-56.086,0.399],[-56.174,0.208],[-56.034,-0.133],[-56.091,-0.461],[-55.581,-0.863],[-55.652,-0.676],[-55.418,0.191],[-55.617,0.336]]]]}},{"type":"Feature","properties":{"NAME":"Unknown","SUBJECTO":"","PARTOF":"","BORDERPRECISION":"1"},"bbox":[-74.254,11.27,-74.084,11.383],"geometry":{"type":"MultiPolygon","coordinates":[[[[-74.219,11.368],[-74.084,11.383],[-74.254,11.27],[-74.219,11.368]]]]}},{"type":"Feature","properties":{"NAME":"Unknown","SUBJECTO":"","PARTOF":"","BORDERPRECISION":"1"},"bbox":[-74.321,10.948,-74.267,11.234],"geometry":{"type":"MultiPolygon","coordinates":[[[[-74.309,11.12],[-74.267,11.234],[-74.321,10.948],[-74.309,11.12]]]]}},{"type":"Feature","properties":{"NAME":"Unknown","SUBJECTO":"","PARTOF":"","BORDERPRECISION":"1"},"bbox":[-71.782,4.471,-61.317,12.228],"geometry":{"type":"MultiPolygon","coordinates":[[[[-71.014,9.627],[-71.579,10.707],[-71.456,10.885],[-71.542,10.952],[-69.748,11.533],[-69.923,11.79],[-70.197,11.751],[-70.339,11.999],[-69.974,12.228],[-69.629,11.541],[-68.695,11.38],[-68.141,10.58],[-66.478,10.679],[-66.157,10.622],[-65.596,10.217],[-64.884,10.136],[-64.241,10.493],[-63.076,10.472],[-63.381,10.256],[-63.371,10.094],[-63.028,9.764],[-62.954,9.22],[-62.439,8.908],[-62.263,8.536],[-61.879,8.509],[-61.317,8.143],[-61.543,8.057],[-63.46,8.714],[-63.592,9.555],[-63.698,9.857],[-63.883,9.945],[-64.19,9.852],[-64.909,8.672],[-65.158,7.337],[-64.928,7.207],[-64.019,7.371],[-63.169,7.815],[-62.683,8.371],[-61.541,7.974],[-61.577,7.089],[-61.861,7.042],[-62.204,6.575],[-62.766,6.498],[-63.34,6.867],[-63.78,6.886],[-64.068,6.656],[-63.662,5.591],[-63.367,5.076],[-63.027,4.789],[-63.214,4.471],[-63.803,4.902],[-64.017,5.807],[-64.347,6.44],[-64.534,6.54],[-65.059,6.451],[-65.23,6.559],[-65.363,7.03],[-65.974,7.272],[-66.59,7.256],[-66.9,6.981],[-66.921,7.161],[-67.522,7.728],[-68.104,7.814],[-68.452,7.754],[-69.716,7.128],[-71.017,7.327],[-71.653,7.18],[-71.782,7.447],[-71.311,7.658],[-70.727,8.154],[-70.36,8.585],[-70.257,9.003],[-70.038,9.13],[-69.926,9.469],[-70.102,9.79],[-70.587,9.938],[-71.014,9.627]]]]}},{"type":"Feature","properties":{"NAME":"Unknown","SUBJECTO":"","PARTOF":"","BORDERPRECISION":"1"},"bbox":[-118.646,36.466,-118.553,36.599],"geometry":{"type":"MultiPolygon","coordinates":[[[[-118.646,36.599],[-118.553,36.545],[-118.632,36.466],[-118.646,36.599]]]]}},{"type":"Feature","properties":{"NAME":"Unknown","SUBJECTO":"","PARTOF":"","BORDERPRECISION":"1"},"bbox":[-120.684,38.056,-120.359,38.298],"geometry":{"type":"MultiPolygon","coordinates":[[[[-120.476,38.232],[-120.684,38.056],[-120.359,38.298],[-120.476,38.232]]]]}},{"type":"Feature","properties":{"NAME":"Unknown","SUBJECTO":"","PARTOF":"","BORDERPRECISION":"1"},"bbox":[-121.195,39.498,-120.871,39.746],"geometry":{"type":"MultiPolygon","coordinates":[[[[-121.108,39.555],[-120.871,39.746],[-121.195,39.498],[-121.108,39.555]]]]}},{"type":"Feature","properties":{"NAME":"Unknown","SUBJECTO":"","PARTOF":"","BORDERPRECISION":"1"},"bbox":[-113.426,41.229,-111.987,41.771],"geometry":{"type":"MultiPolygon","coordinates":[[[[-113.426,41.723],[-112.588,41.771],[-111.987,41.56],[-112.126,41.229],[-112.221,41.238],[-113.426,41.723]]]]}},{"type":"Feature","properties":{"NAME":"Unknown","SUBJECTO":"","PARTOF":"","BORDERPRECISION":"1"},"bbox":[-117.571,38.778,-116.131,41.545],"geometry":{"type":"MultiPolygon","coordinates":[[[[-116.653,41.459],[-116.131,41.472],[-116.543,41.278],[-116.565,40.647],[-117.158,40.061],[-117.158,39.351],[-117.543,38.778],[-117.571,39.662],[-116.863,40.942],[-116.82,41.545],[-116.653,41.459]]]]}},{"type":"Feature","properties":{"NAME":"Unknown","SUBJECTO":"","PARTOF":"","BORDERPRECISION":"1"},"bbox":[-123.761,39.901,-123.623,39.997],"geometry":{"type":"MultiPolygon","coordinates":[[[[-123.761,39.901],[-123.743,39.997],[-123.623,39.935],[-123.761,39.901]]]]}},{"type":"Feature","properties":{"NAME":"Unknown","SUBJECTO":"","PARTOF":"","BORDERPRECISION":"1"},"bbox":[-118.681,34.798,-117.911,34.94],"geometry":{"type":"MultiPolygon","coordinates":[[[[-118.575,34.94],[-117.911,34.798],[-118.681,34.883],[-118.575,34.94]]]]}},{"type":"Feature","properties":{"NAME":"Unknown","SUBJECTO":"","PARTOF":"","BORDERPRECISION":"1"},"bbox":[-122.21,39.796,-121.496,40.661],"geometry":{"type":"MultiPolygon","coordinates":[[[[-122.195,40.446],[-122.145,40.661],[-121.91,39.936],[-121.572,40.215],[-121.496,40.115],[-121.902,39.796],[-122.21,40.227],[-122.195,40.446]]]]}},{"type":"Feature","properties":{"NAME":"Unknown","SUBJECTO":"","PARTOF":"","BORDERPRECISION":"1"},"bbox":[-122.241,39.461,-122.104,39.884],"geometry":{"type":"MultiPolygon","coordinates":[[[[-122.123,39.61],[-122.104,39.461],[-122.241,39.461],[-122.201,39.884],[-122.123,39.61]]]]}},{"type":"Feature","properties":{"NAME":"Unknown","SUBJECTO":"","PARTOF":"","BORDERPRECISION":"1"},"bbox":[-127.617,53.391,-127.518,53.514],"geometry":{"type":"MultiPolygon","coordinates":[[[[-127.518,53.461],[-127.557,53.391],[-127.617,53.514],[-127.518,53.461]]]]}},{"type":"Feature","properties":{"NAME":"Unknown","SUBJECTO":"","PARTOF":"","BORDERPRECISION":"1"},"bbox":[-126.681,52.738,-126.069,53.006],"geometry":{"type":"MultiPolygon","coordinates":[[[[-126.518,52.897],[-126.069,52.738],[-126.562,52.836],[-126.681,53.006],[-126.518,52.897]]]]}},{"type":"Feature","properties":{"NAME":"Unknown","SUBJECTO":"","PARTOF":"","BORDERPRECISION":"1"},"bbox":[-127.465,53.038,-127.192,53.193],"geometry":{"type":"MultiPolygon","coordinates":[[[[-127.423,53.08],[-127.465,53.149],[-127.192,53.193],[-127.265,53.038],[-127.423,53.08]]]]}},{"type":"Feature","properties":{"NAME":"Unknown","SUBJECTO":"","PARTOF":"","BORDERPRECISION":"1"},"bbox":[-116.032,46.687,-115.623,46.745],"geometry":{"type":"MultiPolygon","coordinates":[[[[-115.763,46.71],[-116.032,46.687],[-115.623,46.745],[-115.763,46.71]]]]}},{"type":"Feature","properties":{"NAME":"Unknown","SUBJECTO":"","PARTOF":"","BORDERPRECISION":"1"},"bbox":[-80.521,35.187,-79.557,35.846],"geometry":{"type":"MultiPolygon","coordinates":[[[[-79.769,35.819],[-79.557,35.846],[-80.328,35.187],[-80.479,35.225],[-80.521,35.547],[-79.769,35.819]]]]}},{"type":"Feature","properties":{"NAME":"Unknown","SUBJECTO":"","PARTOF":"","BORDERPRECISION":"1"},"bbox":[-120.905,67.489,-120.287,67.755],"geometry":{"type":"MultiPolygon","coordinates":[[[[-120.905,67.626],[-120.663,67.755],[-120.287,67.489],[-120.905,67.626]]]]}},{"type":"Feature","properties":{"NAME":"Unknown","SUBJECTO":"","PARTOF":"","BORDERPRECISION":"1"},"bbox":[-159.364,62.639,-157.435,62.816],"geometry":{"type":"MultiPolygon","coordinates":[[[[-159.01,62.739],[-159.364,62.742],[-157.575,62.816],[-157.435,62.639],[-159.01,62.739]]]]}},{"type":"Feature","properties":{"NAME":"Unknown","SUBJECTO":"","PARTOF":"","BORDERPRECISION":"1"},"bbox":[-93.773,52.348,-87.152,55.179],"geometry":{"type":"MultiPolygon","coordinates":[[[[-87.152,53.143],[-88.719,52.934],[-90.961,52.401],[-92.279,52.348],[-93.773,53.407],[-92.994,54.277],[-92.136,54.835],[-90.791,55.179],[-88.33,54.623],[-87.152,53.143]]]]}},{"type":"Feature","properties":{"NAME":"Unknown","SUBJECTO":"","PARTOF":"","BORDERPRECISION":"1"},"bbox":[-88.093,31.632,-88.059,31.939],"geometry":{"type":"MultiPolygon","coordinates":[[[[-88.086,31.756],[-88.059,31.632],[-88.093,31.939],[-88.086,31.756]]]]}},{"type":"Feature","properties":{"NAME":"Unknown","SUBJECTO":"","PARTOF":"","BORDERPRECISION":"1"},"bbox":[-87.993,31.425,-87.893,31.567],"geometry":{"type":"MultiPolygon","coordinates":[[[[-87.903,31.516],[-87.993,31.567],[-87.893,31.425],[-87.903,31.516]]]]}},{"type":"Feature","properties":{"NAME":"Unknown","SUBJECTO":"","PARTOF":"","BORDERPRECISION":"1"},"bbox":[-94.921,31.176,-94.616,31.297],"geometry":{"type":"MultiPolygon","coordinates":[[[[-94.921,31.297],[-94.616,31.246],[-94.92,31.176],[-94.921,31.297]]]]}},{"type":"Feature","properties":{"NAME":"Unknown","SUBJECTO":"","PARTOF":"","BORDERPRECISION":"1"},"bbox":[-80.15,33.373,-79.333,33.815],"geometry":{"type":"MultiPolygon","coordinates":[[[[-79.384,33.569],[-79.558,33.373],[-80.15,33.676],[-79.333,33.815],[-79.384,33.569]]]]}},{"type":"Feature","properties":{"NAME":"Unknown","SUBJECTO":"","PARTOF":"","BORDERPRECISION":"1"},"bbox":[-121.955,38.924,-121.761,39.28],"geometry":{"type":"MultiPolygon","coordinates":[[[[-121.853,39.12],[-121.955,39.28],[-121.761,38.924],[-121.853,39.12]]]]}},{"type":"Feature","properties":{"NAME":"Unknown","SUBJECTO":"","PARTOF":"","BORDERPRECISION":"1"},"bbox":[-114.537,40.372,-114.493,40.714],"geometry":{"type":"MultiPolygon","coordinates":[[[[-114.51,40.448],[-114.537,40.372],[-114.493,40.714],[-114.51,40.448]]]]}},{"type":"Feature","properties":{"NAME":"Unknown","SUBJECTO":"","PARTOF":"","BORDERPRECISION":"1"},"bbox":[-78.741,39.515,-76.479,40.288],"geometry":{"type":"MultiPolygon","coordinates":[[[[-77.816,40.015],[-76.479,39.719],[-77.565,39.515],[-77.727,39.919],[-78.741,40.147],[-78.677,40.288],[-77.816,40.015]]]]}},{"type":"Feature","properties":{"NAME":"Unknown","SUBJECTO":"","PARTOF":"","BORDERPRECISION":"1"},"bbox":[-80.362,37.015,-78.529,38.817],"geometry":{"type":"MultiPolygon","coordinates":[[[[-79.979,37.434],[-80.362,37.527],[-79.651,38.54],[-79.645,38.763],[-79.034,38.817],[-79.622,38.537],[-79.434,38.213],[-79.595,37.995],[-79.654,37.516],[-79.176,37.254],[-78.529,37.128],[-78.861,37.015],[-78.979,37.192],[-79.704,37.266],[-79.979,37.434]]]]}},{"type":"Feature","properties":{"NAME":"Unknown","SUBJECTO":"","PARTOF":"","BORDERPRECISION":"1"},"bbox":[-121.916,40.513,-121.575,40.788],"geometry":{"type":"MultiPolygon","coordinates":[[[[-121.715,40.522],[-121.916,40.788],[-121.575,40.513],[-121.715,40.522]]]]}},{"type":"Feature","properties":{"NAME":"Unknown","SUBJECTO":"","PARTOF":"","BORDERPRECISION":"1"},"bbox":[-73.842,46.199,-73.69,46.296],"geometry":{"type":"MultiPolygon","coordinates":[[[[-73.757,46.199],[-73.842,46.296],[-73.69,46.247],[-73.757,46.199]]]]}},{"type":"Feature","properties":{"NAME":"Unknown","SUBJECTO":"","PARTOF":"","BORDERPRECISION":"1"},"bbox":[-73.753,45.608,-73.027,46.24],"geometry":{"type":"MultiPolygon","coordinates":[[[[-73.469,46.175],[-73.027,46.24],[-73.181,46.104],[-73.298,45.608],[-73.753,46.194],[-73.469,46.175]]]]}},{"type":"Feature","properties":{"NAME":"Unknown","SUBJECTO":"","PARTOF":"","BORDERPRECISION":"1"},"bbox":[-72.235,42.447,-71.792,42.578],"geometry":{"type":"MultiPolygon","coordinates":[[[[-71.995,42.549],[-71.792,42.578],[-72.041,42.447],[-72.235,42.514],[-71.995,42.549]]]]}},{"type":"Feature","properties":{"NAME":"Unknown","SUBJECTO":"","PARTOF":"","BORDERPRECISION":"1"},"bbox":[-91.08,29.983,-90.87,30.199],"geometry":{"type":"MultiPolygon","coordinates":[[[[-90.87,30.065],[-90.926,29.983],[-91.08,30.199],[-90.87,30.065]]]]}},{"type":"Feature","properties":{"NAME":"Unknown","SUBJECTO":"","PARTOF":"","BORDERPRECISION":"1"},"bbox":[-92.094,29.982,-90.928,30.948],"geometry":{"type":"MultiPolygon","coordinates":[[[[-91.624,30.098],[-92.025,30.308],[-92.037,30.614],[-91.883,30.765],[-92.094,30.901],[-91.927,30.948],[-91.692,30.535],[-91.262,30.443],[-90.928,29.982],[-91.624,30.098]]]]}},{"type":"Feature","properties":{"NAME":"Unknown","SUBJECTO":"","PARTOF":"","BORDERPRECISION":"1"},"bbox":[-76.491,47.892,-76.13,48.407],"geometry":{"type":"MultiPolygon","coordinates":[[[[-76.276,47.919],[-76.491,48.23],[-76.431,48.407],[-76.421,48.21],[-76.259,48.206],[-76.13,47.892],[-76.276,47.919]]]]}},{"type":"Feature","properties":{"NAME":"Unknown","SUBJECTO":"","PARTOF":"","BORDERPRECISION":"1"},"bbox":[-90.616,14.725,-89.347,15.278],"geometry":{"type":"MultiPolygon","coordinates":[[[[-90.409,14.942],[-90.16,15.007],[-90.143,15.168],[-89.973,15.093],[-89.347,15.278],[-89.652,14.754],[-90.001,14.93],[-90.353,14.88],[-90.346,14.746],[-90.467,14.725],[-90.396,14.908],[-90.616,14.931],[-90.409,14.942]]]]}},{"type":"Feature","properties":{"NAME":"Unknown","SUBJECTO":"","PARTOF":"","BORDERPRECISION":"1"},"bbox":[-76.103,40.938,-75.598,41.64],"geometry":{"type":"MultiPolygon","coordinates":[[[[-75.598,41.487],[-76.103,40.938],[-76.068,41.594],[-75.628,41.64],[-75.598,41.487]]]]}},{"type":"Feature","properties":{"NAME":"Unknown","SUBJECTO":"","PARTOF":"","BORDERPRECISION":"1"},"bbox":[-91.044,15.666,-90.725,16.035],"geometry":{"type":"MultiPolygon","coordinates":[[[[-90.725,16.019],[-90.956,15.666],[-91.044,15.763],[-90.925,16.035],[-90.725,16.019]]]]}},{"type":"Feature","properties":{"NAME":"Unknown","SUBJECTO":"","PARTOF":"","BORDERPRECISION":"1"},"bbox":[-90.776,15.315,-90.335,15.475],"geometry":{"type":"MultiPolygon","coordinates":[[[[-90.776,15.475],[-90.335,15.4],[-90.533,15.443],[-90.585,15.315],[-90.776,15.475]]]]}},{"type":"Feature","properties":{"NAME":"Unknown","SUBJECTO":"","PARTOF":"","BORDERPRECISION":"1"},"bbox":[-78.176,48.474,-76.435,50.106],"geometry":{"type":"MultiPolygon","coordinates":[[[[-76.622,48.624],[-76.768,48.595],[-76.774,48.721],[-77.033,48.729],[-77.768,49.101],[-77.819,49.314],[-78.176,49.426],[-78.045,49.987],[-77.761,50.106],[-77.476,50.022],[-77.717,49.425],[-76.729,49.325],[-76.641,48.995],[-76.465,49.052],[-76.435,48.474],[-76.622,48.624]]]]}},{"type":"Feature","properties":{"NAME":"Unknown","SUBJECTO":"","PARTOF":"","BORDERPRECISION":"1"},"bbox":[-80.169,40.66,-78.675,41.534],"geometry":{"type":"MultiPolygon","coordinates":[[[[-79.329,41.284],[-78.675,41.534],[-78.989,40.66],[-79.233,40.764],[-79.299,40.963],[-80.169,41.12],[-79.329,41.284]]]]}},{"type":"Feature","properties":{"NAME":"Unknown","SUBJECTO":"","PARTOF":"","BORDERPRECISION":"1"},"bbox":[-73.169,41.766,-72.883,42.067],"geometry":{"type":"MultiPolygon","coordinates":[[[[-72.883,41.972],[-72.944,41.766],[-73.169,41.968],[-73.041,42.067],[-72.883,41.972]]]]}},{"type":"Feature","properties":{"NAME":"Unknown","SUBJECTO":"","PARTOF":"","BORDERPRECISION":"1"},"bbox":[-95.199,17.359,-94.9,17.576],"geometry":{"type":"MultiPolygon","coordinates":[[[[-95.112,17.555],[-94.9,17.359],[-95.199,17.576],[-95.112,17.555]]]]}},{"type":"Feature","properties":{"NAME":"Unknown","SUBJECTO":"","PARTOF":"","BORDERPRECISION":"1"},"bbox":[-89.229,11.274,-83.997,15.713],"geometry":{"type":"MultiPolygon","coordinates":[[[[-88.736,14.141],[-88.519,13.954],[-88.526,13.797],[-89.089,14.065],[-88.794,14.426],[-88.668,14.965],[-88.774,15.27],[-89.229,15.322],[-88.893,15.563],[-88.192,15.549],[-87.675,15.713],[-85.313,15.67],[-85.673,15.65],[-86.06,15.437],[-86.216,15.152],[-86.253,14.606],[-85.952,14.185],[-85.635,14.19],[-85.238,14.912],[-85.207,14.31],[-85.481,14.028],[-85.032,13.965],[-84.697,13.629],[-84.551,13.005],[-84.028,12.47],[-83.997,12.122],[-84.265,11.904],[-84.56,11.342],[-84.816,11.274],[-85.265,12.698],[-85.119,13.205],[-86.04,13.536],[-87.388,13.654],[-87.175,14.017],[-87.092,14.545],[-86.745,14.587],[-86.239,15.302],[-86.239,15.541],[-87.757,15.592],[-87.91,15.229],[-87.529,14.998],[-88.118,15.043],[-88.462,14.911],[-88.736,14.141]]]]}},{"type":"Feature","properties":{"NAME":"Unknown","SUBJECTO":"","PARTOF":"","BORDERPRECISION":"1"},"bbox":[-64.945,-7.223,-64.782,-6.864],"geometry":{"type":"MultiPolygon","coordinates":[[[[-64.782,-7.223],[-64.945,-7.053],[-64.803,-6.864],[-64.782,-7.223]]]]}},{"type":"Feature","properties":{"NAME":"Unknown","SUBJECTO":"","PARTOF":"","BORDERPRECISION":"1"},"bbox":[-65.304,-7.408,-64.781,-7.148],"geometry":{"type":"MultiPolygon","coordinates":[[[[-65.055,-7.341],[-65.304,-7.408],[-64.85,-7.148],[-64.781,-7.24],[-65.055,-7.341]]]]}},{"type":"Feature","properties":{"NAME":"Unknown","SUBJECTO":"","PARTOF":"","BORDERPRECISION":"1"},"bbox":[-67.97,-8.603,-67.554,-8.178],"geometry":{"type":"MultiPolygon","coordinates":[[[[-67.667,-8.466],[-67.97,-8.603],[-67.842,-8.319],[-67.554,-8.178],[-67.667,-8.466]]]]}},{"type":"Feature","properties":{"NAME":"Unknown","SUBJECTO":"","PARTOF":"","BORDERPRECISION":"1"},"bbox":[-92.47,15.761,-92.194,15.901],"geometry":{"type":"MultiPolygon","coordinates":[[[[-92.322,15.901],[-92.194,15.881],[-92.47,15.761],[-92.322,15.901]]]]}},{"type":"Feature","properties":{"NAME":"Unknown","SUBJECTO":"","PARTOF":"","BORDERPRECISION":"1"},"bbox":[-92.976,15.537,-92.6,15.709],"geometry":{"type":"MultiPolygon","coordinates":[[[[-92.699,15.684],[-92.6,15.693],[-92.763,15.537],[-92.976,15.709],[-92.699,15.684]]]]}},{"type":"Feature","properties":{"NAME":"Unknown","SUBJECTO":"","PARTOF":"","BORDERPRECISION":"1"},"bbox":[-85.205,15.195,-84.894,15.644],"geometry":{"type":"MultiPolygon","coordinates":[[[[-84.931,15.548],[-84.894,15.195],[-85.111,15.204],[-85.205,15.644],[-84.931,15.548]]]]}},{"type":"Feature","properties":{"NAME":"Unknown","SUBJECTO":"","PARTOF":"","BORDERPRECISION":"1"},"bbox":[-93.07,17.589,-92.752,17.838],"geometry":{"type":"MultiPolygon","coordinates":[[[[-92.875,17.781],[-92.752,17.739],[-92.926,17.589],[-93.036,17.655],[-93.07,17.838],[-92.875,17.781]]]]}},{"type":"Feature","properties":{"NAME":"Unknown","SUBJECTO":"","PARTOF":"","BORDERPRECISION":"1"},"bbox":[-84.165,10.283,-83.904,10.513],"geometry":{"type":"MultiPolygon","coordinates":[[[[-83.904,10.283],[-84.165,10.315],[-84.028,10.325],[-83.991,10.513],[-83.904,10.283]]]]}},{"type":"Feature","properties":{"NAME":"Unknown","SUBJECTO":"","PARTOF":"","BORDERPRECISION":"1"},"bbox":[-75.51,4.441,-74.96,5.224],"geometry":{"type":"MultiPolygon","coordinates":[[[[-75.384,4.441],[-75.51,4.449],[-75.259,4.99],[-74.96,5.224],[-75.384,4.441]]]]}},{"type":"Feature","properties":{"NAME":"Unknown","SUBJECTO":"","PARTOF":"","BORDERPRECISION":"1"},"bbox":[-71.644,6.755,-71.487,6.921],"geometry":{"type":"MultiPolygon","coordinates":[[[[-71.603,6.921],[-71.487,6.76],[-71.644,6.755],[-71.603,6.921]]]]}},{"type":"Feature","properties":{"NAME":"Unknown","SUBJECTO":"","PARTOF":"","BORDERPRECISION":"1"},"bbox":[-78.269,8.974,-78.039,9.191],"geometry":{"type":"MultiPolygon","coordinates":[[[[-78.039,9.074],[-78.095,8.974],[-78.058,9.078],[-78.269,9.191],[-78.039,9.074]]]]}},{"type":"Feature","properties":{"NAME":"Unknown","SUBJECTO":"","PARTOF":"","BORDERPRECISION":"1"},"bbox":[-79.815,-5.686,-79.386,-4.506],"geometry":{"type":"MultiPolygon","coordinates":[[[[-79.715,-5.35],[-79.501,-5.168],[-79.815,-4.757],[-79.524,-4.784],[-79.56,-4.506],[-79.392,-4.62],[-79.386,-5.686],[-79.715,-5.35]]]]}},{"type":"Feature","properties":{"NAME":"Unknown","SUBJECTO":"","PARTOF":"","BORDERPRECISION":"1"},"bbox":[-77.84,8.683,-77.629,8.839],"geometry":{"type":"MultiPolygon","coordinates":[[[[-77.84,8.769],[-77.767,8.839],[-77.629,8.683],[-77.84,8.769]]]]}},{"type":"Feature","properties":{"NAME":"Unknown","SUBJECTO":"","PARTOF":"","BORDERPRECISION":"1"},"bbox":[-62.274,-8.408,-62.165,-8.145],"geometry":{"type":"MultiPolygon","coordinates":[[[[-62.165,-8.408],[-62.274,-8.145],[-62.167,-8.171],[-62.165,-8.408]]]]}},{"type":"Feature","properties":{"NAME":"Unknown","SUBJECTO":"","PARTOF":"","BORDERPRECISION":"1"},"bbox":[-57.554,-10.673,-52.483,-3.93],"geometry":{"type":"MultiPolygon","coordinates":[[[[-56.822,-7.851],[-57.048,-7.526],[-56.844,-6.346],[-55.634,-4.561],[-54.99,-4.082],[-54.984,-4.572],[-54.664,-4.787],[-54.266,-4.552],[-54.071,-4.612],[-53.503,-4.359],[-53.148,-3.93],[-52.728,-3.962],[-53.068,-5.139],[-52.741,-6.431],[-52.483,-6.655],[-52.525,-6.93],[-53.97,-7.229],[-54.236,-7.781],[-54.691,-8.12],[-54.714,-8.306],[-54.511,-8.831],[-54.657,-9.402],[-54.617,-9.795],[-54.128,-9.918],[-53.83,-9.651],[-52.979,-9.902],[-53.097,-10.673],[-53.567,-10.524],[-54.761,-10.653],[-55.059,-10.089],[-55.496,-9.739],[-56.563,-9.376],[-56.669,-8.345],[-56.95,-8.251],[-57.144,-8.477],[-57.554,-8.262],[-57.086,-8.168],[-56.822,-7.851]],[[-54.391,-5.663],[-54.478,-5.434],[-54.817,-5.708],[-54.732,-6.042],[-54.374,-5.852],[-54.391,-5.663]]]]}},{"type":"Feature","properties":{"NAME":"Unknown","SUBJECTO":"","PARTOF":"","BORDERPRECISION":"1"},"bbox":[-54.761,-11.075,-53.567,-10.526],"geometry":{"type":"MultiPolygon","coordinates":[[[[-53.567,-10.526],[-53.845,-10.768],[-53.889,-11.04],[-54.651,-11.075],[-54.761,-10.654],[-53.567,-10.526]]]]}},{"type":"Feature","properties":{"NAME":"Unknown","SUBJECTO":"","PARTOF":"","BORDERPRECISION":"1"},"bbox":[-103.728,21.688,-103.577,22.035],"geometry":{"type":"MultiPolygon","coordinates":[[[[-103.598,22.035],[-103.577,21.805],[-103.728,21.688],[-103.598,22.035]]]]}},{"type":"Feature","properties":{"NAME":"Unknown","SUBJECTO":"","PARTOF":"","BORDERPRECISION":"1"},"bbox":[-103.216,20.989,-102.97,21.167],"geometry":{"type":"MultiPolygon","coordinates":[[[[-103.104,21.013],[-103.216,20.989],[-102.97,21.167],[-103.104,21.013]]]]}},{"type":"Feature","properties":{"NAME":"Unknown","SUBJECTO":"","PARTOF":"","BORDERPRECISION":"1"},"bbox":[-100.406,22.145,-98.9,23.549],"geometry":{"type":"MultiPolygon","coordinates":[[[[-99.653,23.549],[-99.695,23.191],[-99.003,23.156],[-98.9,22.97],[-98.97,23.043],[-99.298,22.68],[-99.335,22.145],[-99.837,23.16],[-99.944,23.169],[-100.198,22.469],[-100.406,22.85],[-99.952,23.161],[-99.653,23.549]]]]}},{"type":"Feature","properties":{"NAME":"Unknown","SUBJECTO":"","PARTOF":"","BORDERPRECISION":"1"},"bbox":[-102.62,20.736,-101.938,21.531],"geometry":{"type":"MultiPolygon","coordinates":[[[[-102.454,21.485],[-102.239,21.531],[-102.086,21.311],[-102.154,21.049],[-101.938,20.736],[-102.501,20.747],[-102.253,21.263],[-102.62,21.291],[-102.455,21.326],[-102.454,21.485]]]]}},{"type":"Feature","properties":{"NAME":"Unknown","SUBJECTO":"","PARTOF":"","BORDERPRECISION":"1"},"bbox":[-101.736,18.049,-100.243,18.714],"geometry":{"type":"MultiPolygon","coordinates":[[[[-100.243,18.438],[-101.279,18.278],[-101.468,18.209],[-101.517,18.049],[-101.736,18.077],[-101.301,18.303],[-100.855,18.362],[-100.273,18.714],[-100.243,18.438]]]]}},{"type":"Feature","properties":{"NAME":"Unknown","SUBJECTO":"","PARTOF":"","BORDERPRECISION":"1"},"bbox":[-101.864,24.639,-99.123,25.982],"geometry":{"type":"MultiPolygon","coordinates":[[[[-99.437,24.639],[-99.976,25.006],[-100.58,25.135],[-100.99,25.605],[-101.237,25.707],[-101.864,25.678],[-101.411,25.982],[-100.811,25.721],[-99.655,25.581],[-99.436,24.988],[-99.123,24.667],[-99.437,24.639]]]]}},{"type":"Feature","properties":{"NAME":"Unknown","SUBJECTO":"","PARTOF":"","BORDERPRECISION":"1"},"bbox":[-102.527,27.05,-102.362,27.125],"geometry":{"type":"MultiPolygon","coordinates":[[[[-102.422,27.125],[-102.362,27.05],[-102.527,27.057],[-102.422,27.125]]]]}},{"type":"Feature","properties":{"NAME":"Unknown","SUBJECTO":"","PARTOF":"","BORDERPRECISION":"1"},"bbox":[-98.847,22.576,-98.383,22.914],"geometry":{"type":"MultiPolygon","coordinates":[[[[-98.383,22.7],[-98.524,22.576],[-98.847,22.914],[-98.383,22.7]]]]}},{"type":"Feature","properties":{"NAME":"Unknown","SUBJECTO":"","PARTOF":"","BORDERPRECISION":"1"},"bbox":[-102.803,25.171,-102.639,25.295],"geometry":{"type":"MultiPolygon","coordinates":[[[[-102.803,25.295],[-102.639,25.283],[-102.643,25.171],[-102.803,25.295]]]]}},{"type":"Feature","properties":{"NAME":"Unknown","SUBJECTO":"","PARTOF":"","BORDERPRECISION":"1"},"bbox":[-108.88,24.372,-105.994,27.617],"geometry":{"type":"MultiPolygon","coordinates":[[[[-108.094,26.106],[-108.182,26.78],[-108.353,26.991],[-108.557,26.769],[-108.88,27.373],[-108.66,27.333],[-108.208,27.617],[-108.003,26.245],[-107.45,25.742],[-106.485,25.388],[-105.994,24.652],[-106.246,24.766],[-106.66,24.372],[-107.251,24.975],[-107.397,25.656],[-107.556,25.627],[-107.802,25.932],[-108.321,25.477],[-108.492,25.648],[-108.349,25.813],[-107.963,25.839],[-107.913,25.943],[-108.094,26.106]]]]}},{"type":"Feature","properties":{"NAME":"Unknown","SUBJECTO":"","PARTOF":"","BORDERPRECISION":"1"},"bbox":[-109.599,27.475,-109.216,27.833],"geometry":{"type":"MultiPolygon","coordinates":[[[[-109.339,27.62],[-109.599,27.475],[-109.3,27.715],[-109.357,27.833],[-109.216,27.653],[-109.339,27.62]]]]}},{"type":"Feature","properties":{"NAME":"Unknown","SUBJECTO":"","PARTOF":"","BORDERPRECISION":"1"},"bbox":[-104.035,24.864,-102.724,26.901],"geometry":{"type":"MultiPolygon","coordinates":[[[[-103.922,25.664],[-103.562,25.197],[-103.268,25.302],[-103.972,24.864],[-104.035,25.844],[-103.621,26.32],[-103.161,26.5],[-102.724,26.901],[-102.973,26.565],[-103.562,26.254],[-103.922,25.664]]]]}},{"type":"Feature","properties":{"NAME":"Unknown","SUBJECTO":"","PARTOF":"","BORDERPRECISION":"1"},"bbox":[-106.796,26.399,-106.266,27.278],"geometry":{"type":"MultiPolygon","coordinates":[[[[-106.647,26.399],[-106.796,26.878],[-106.424,27.278],[-106.266,27.212],[-106.288,26.866],[-106.647,26.399]]]]}},{"type":"Feature","properties":{"NAME":"Unknown","SUBJECTO":"","PARTOF":"","BORDERPRECISION":"1"},"bbox":[-111.138,29.275,-110.417,29.774],"geometry":{"type":"MultiPolygon","coordinates":[[[[-111.009,29.748],[-110.734,29.774],[-110.417,29.275],[-110.591,29.523],[-110.899,29.538],[-111.138,29.734],[-111.009,29.748]]]]}},{"type":"Feature","properties":{"NAME":"Unknown","SUBJECTO":"","PARTOF":"","BORDERPRECISION":"1"},"bbox":[-104.038,22.61,-103.67,22.732],"geometry":{"type":"MultiPolygon","coordinates":[[[[-103.67,22.61],[-104.038,22.713],[-103.758,22.732],[-103.67,22.61]]]]}},{"type":"Feature","properties":{"NAME":"Unknown","SUBJECTO":"","PARTOF":"","BORDERPRECISION":"1"},"bbox":[-111.721,29.518,-111.195,29.737],"geometry":{"type":"MultiPolygon","coordinates":[[[[-111.549,29.737],[-111.195,29.728],[-111.581,29.518],[-111.721,29.674],[-111.549,29.737]]]]}},{"type":"Feature","properties":{"NAME":"Unknown","SUBJECTO":"","PARTOF":"","BORDERPRECISION":"1"},"bbox":[-111.084,28.054,-109.864,28.719],"geometry":{"type":"MultiPolygon","coordinates":[[[[-110.955,28.577],[-111.084,28.719],[-109.864,28.054],[-110.955,28.577]]]]}},{"type":"Feature","properties":{"NAME":"Unknown","SUBJECTO":"","PARTOF":"","BORDERPRECISION":"1"},"bbox":[-121.375,43.554,-120.834,44.005],"geometry":{"type":"MultiPolygon","coordinates":[[[[-121.375,44.001],[-120.85,44.005],[-120.834,43.796],[-121.269,43.733],[-121.375,43.554],[-121.375,44.001]]]]}},{"type":"Feature","properties":{"NAME":"Unknown","SUBJECTO":"","PARTOF":"","BORDERPRECISION":"1"},"bbox":[-117.213,43.968,-115.362,44.725],"geometry":{"type":"MultiPolygon","coordinates":[[[[-117.029,44.257],[-117.213,44.324],[-117.03,44.725],[-116.982,44.614],[-116.675,44.606],[-115.362,44.717],[-116.841,43.968],[-117.029,44.257]]]]}},{"type":"Feature","properties":{"NAME":"Unknown","SUBJECTO":"","PARTOF":"","BORDERPRECISION":"1"},"bbox":[-118.517,35.552,-118.063,35.682],"geometry":{"type":"MultiPolygon","coordinates":[[[[-118.29,35.639],[-118.063,35.682],[-118.517,35.552],[-118.29,35.639]]]]}},{"type":"Feature","properties":{"NAME":"Unknown","SUBJECTO":"","PARTOF":"","BORDERPRECISION":"1"},"bbox":[-114.532,45.47,-113.26,46.411],"geometry":{"type":"MultiPolygon","coordinates":[[[[-113.577,46.21],[-113.26,45.957],[-113.725,45.833],[-114.29,45.47],[-114.532,45.576],[-114.521,45.775],[-114.357,45.882],[-114.5,46.134],[-114.409,46.411],[-113.577,46.21]]]]}},{"type":"Feature","properties":{"NAME":"Unknown","SUBJECTO":"","PARTOF":"","BORDERPRECISION":"1"},"bbox":[-120.88,35.916,-120.296,36.491],"geometry":{"type":"MultiPolygon","coordinates":[[[[-120.674,36.28],[-120.88,36.348],[-120.619,36.28],[-120.553,36.359],[-120.741,36.431],[-120.585,36.491],[-120.296,36.127],[-120.306,35.916],[-120.674,36.28]]]]}},{"type":"Feature","properties":{"NAME":"Unknown","SUBJECTO":"","PARTOF":"","BORDERPRECISION":"1"},"bbox":[-77.628,37.287,-77.479,37.457],"geometry":{"type":"MultiPolygon","coordinates":[[[[-77.552,37.356],[-77.594,37.287],[-77.628,37.457],[-77.479,37.417],[-77.552,37.356]]]]}},{"type":"Feature","properties":{"NAME":"Unknown","SUBJECTO":"","PARTOF":"","BORDERPRECISION":"1"},"bbox":[-76.967,37.436,-76.775,37.515],"geometry":{"type":"MultiPolygon","coordinates":[[[[-76.857,37.436],[-76.967,37.515],[-76.775,37.491],[-76.857,37.436]]]]}},{"type":"Feature","properties":{"NAME":"Unknown","SUBJECTO":"","PARTOF":"","BORDERPRECISION":"1"},"bbox":[-77.55,37.717,-77,37.884],"geometry":{"type":"MultiPolygon","coordinates":[[[[-77.412,37.884],[-77,37.717],[-77.421,37.81],[-77.55,37.724],[-77.412,37.884]]]]}},{"type":"Feature","properties":{"NAME":"Unknown","SUBJECTO":"","PARTOF":"","BORDERPRECISION":"1"},"bbox":[-1.57,50.579,-1.06,50.772],"geometry":{"type":"MultiPolygon","coordinates":[[[[-1.06,50.687],[-1.282,50.579],[-1.57,50.661],[-1.297,50.772],[-1.06,50.687]]]]}},{"type":"Feature","properties":{"NAME":"Unknown","SUBJECTO":"","PARTOF":"","BORDERPRECISION":"1"},"bbox":[-4.569,53.126,-4.047,53.388],"geometry":{"type":"MultiPolygon","coordinates":[[[[-4.153,53.226],[-4.402,53.126],[-4.569,53.388],[-4.047,53.303],[-4.153,53.226]]]]}},{"type":"Feature","properties":{"NAME":"Unknown","SUBJECTO":"","PARTOF":"","BORDERPRECISION":"1"},"bbox":[-5.381,55.439,-5.104,55.679],"geometry":{"type":"MultiPolygon","coordinates":[[[[-5.104,55.439],[-5.34,55.475],[-5.381,55.669],[-5.16,55.679],[-5.104,55.439]]]]}},{"type":"Feature","properties":{"NAME":"Unknown","SUBJECTO":"","PARTOF":"","BORDERPRECISION":"1"},"bbox":[-6.509,55.587,-6.077,55.879],"geometry":{"type":"MultiPolygon","coordinates":[[[[-6.122,55.879],[-6.077,55.65],[-6.326,55.587],[-6.265,55.778],[-6.509,55.682],[-6.442,55.854],[-6.122,55.879]]]]}},{"type":"Feature","properties":{"NAME":"Unknown","SUBJECTO":"","PARTOF":"","BORDERPRECISION":"1"},"bbox":[-6.079,55.808,-5.694,56.147],"geometry":{"type":"MultiPolygon","coordinates":[[[[-5.947,55.83],[-6.071,55.808],[-6.079,55.906],[-5.694,56.147],[-5.947,55.83]]]]}},{"type":"Feature","properties":{"NAME":"Unknown","SUBJECTO":"","PARTOF":"","BORDERPRECISION":"1"},"bbox":[-7.561,56.941,-7.376,57.056],"geometry":{"type":"MultiPolygon","coordinates":[[[[-7.467,56.941],[-7.561,56.956],[-7.446,57.056],[-7.376,56.979],[-7.467,56.941]]]]}},{"type":"Feature","properties":{"NAME":"Unknown","SUBJECTO":"","PARTOF":"","BORDERPRECISION":"1"},"bbox":[-7.425,57.109,-7.215,57.382],"geometry":{"type":"MultiPolygon","coordinates":[[[[-7.223,57.337],[-7.215,57.11],[-7.381,57.109],[-7.425,57.382],[-7.223,57.337]]]]}},{"type":"Feature","properties":{"NAME":"Unknown","SUBJECTO":"","PARTOF":"","BORDERPRECISION":"1"},"bbox":[-7.406,57.399,-7.205,57.464],"geometry":{"type":"MultiPolygon","coordinates":[[[[-7.269,57.399],[-7.406,57.464],[-7.205,57.461],[-7.269,57.399]]]]}},{"type":"Feature","properties":{"NAME":"Unknown","SUBJECTO":"","PARTOF":"","BORDERPRECISION":"1"},"bbox":[-7.543,57.509,-7.066,57.687],"geometry":{"type":"MultiPolygon","coordinates":[[[[-7.189,57.687],[-7.066,57.633],[-7.154,57.509],[-7.543,57.591],[-7.189,57.687]]]]}},{"type":"Feature","properties":{"NAME":"Unknown","SUBJECTO":"","PARTOF":"","BORDERPRECISION":"1"},"bbox":[-7.123,57.725,-6.164,58.512],"geometry":{"type":"MultiPolygon","coordinates":[[[[-6.204,58.356],[-6.328,58.233],[-6.164,58.212],[-6.62,58.082],[-6.396,58.105],[-6.474,57.94],[-6.662,57.924],[-6.59,58.05],[-6.684,58.057],[-6.735,57.826],[-6.973,57.725],[-7.123,57.817],[-6.83,57.901],[-7.113,57.984],[-7.041,58.233],[-6.862,58.104],[-6.745,58.197],[-6.798,58.302],[-6.267,58.512],[-6.204,58.356]]]]}},{"type":"Feature","properties":{"NAME":"Unknown","SUBJECTO":"","PARTOF":"","BORDERPRECISION":"1"},"bbox":[-3.037,58.732,-2.886,58.832],"geometry":{"type":"MultiPolygon","coordinates":[[[[-2.918,58.732],[-3.037,58.818],[-2.886,58.832],[-2.918,58.732]]]]}},{"type":"Feature","properties":{"NAME":"Unknown","SUBJECTO":"","PARTOF":"","BORDERPRECISION":"1"},"bbox":[-3.433,58.776,-3.135,58.879],"geometry":{"type":"MultiPolygon","coordinates":[[[[-3.231,58.776],[-3.433,58.879],[-3.135,58.801],[-3.231,58.776]]]]}},{"type":"Feature","properties":{"NAME":"Unknown","SUBJECTO":"","PARTOF":"","BORDERPRECISION":"1"},"bbox":[-3.35,58.911,-2.793,59.122],"geometry":{"type":"MultiPolygon","coordinates":[[[[-2.793,58.951],[-3.195,58.911],[-3.346,58.966],[-3.35,59.11],[-3.077,59.122],[-2.793,58.951]]]]}},{"type":"Feature","properties":{"NAME":"Unknown","SUBJECTO":"","PARTOF":"","BORDERPRECISION":"1"},"bbox":[-1.693,59.851,-1.037,60.637],"geometry":{"type":"MultiPolygon","coordinates":[[[[-1.296,60.491],[-1.037,60.444],[-1.201,60.263],[-1.126,60.148],[-1.269,59.851],[-1.378,59.902],[-1.291,60.241],[-1.449,60.151],[-1.693,60.28],[-1.32,60.356],[-1.61,60.474],[-1.547,60.536],[-1.302,60.637],[-1.296,60.491]]]]}},{"type":"Feature","properties":{"NAME":"Unknown","SUBJECTO":"","PARTOF":"","BORDERPRECISION":"1"},"bbox":[-1.17,60.496,-0.991,60.73],"geometry":{"type":"MultiPolygon","coordinates":[[[[-1.029,60.496],[-1.17,60.527],[-1.099,60.73],[-0.991,60.72],[-1.029,60.496]]]]}},{"type":"Feature","properties":{"NAME":"Unknown","SUBJECTO":"","PARTOF":"","BORDERPRECISION":"1"},"bbox":[-0.966,60.688,-0.758,60.844],"geometry":{"type":"MultiPolygon","coordinates":[[[[-0.82,60.689],[-0.966,60.688],[-0.878,60.844],[-0.758,60.818],[-0.82,60.689]]]]}},{"type":"Feature","properties":{"NAME":"Unknown","SUBJECTO":"","PARTOF":"","BORDERPRECISION":"1"},"bbox":[-7.232,61.389,-6.419,62.35],"geometry":{"type":"MultiPolygon","coordinates":[[[[-6.655,61.389],[-6.96,61.623],[-6.724,61.573],[-6.655,61.389]]],[[[-6.604,61.822],[-6.652,61.743],[-6.908,61.905],[-6.604,61.822]]],[[[-6.707,61.937],[-7.232,62.172],[-7.211,62.285],[-6.707,61.937]]],[[[-6.657,62.092],[-7.06,62.314],[-6.601,62.197],[-6.657,62.092]]],[[[-6.419,62.184],[-6.572,62.212],[-6.574,62.35],[-6.419,62.184]]]]}},{"type":"Feature","properties":{"NAME":"Unknown","SUBJECTO":"","PARTOF":"","BORDERPRECISION":"1"},"bbox":[-4.778,54.056,-4.354,54.411],"geometry":{"type":"MultiPolygon","coordinates":[[[[-4.778,54.056],[-4.714,54.214],[-4.354,54.411],[-4.394,54.186],[-4.778,54.056]]]]}},{"type":"Feature","properties":{"NAME":"Unknown","SUBJECTO":"","PARTOF":"","BORDERPRECISION":"1"},"bbox":[129.144,28.115,129.716,28.451],"geometry":{"type":"MultiPolygon","coordinates":[[[[129.716,28.451],[129.376,28.115],[129.144,28.25],[129.716,28.451]]]]}},{"type":"Feature","properties":{"NAME":"Unknown","SUBJECTO":"","PARTOF":"","BORDERPRECISION":"1"},"bbox":[130.383,30.236,130.666,30.394],"geometry":{"type":"MultiPolygon","coordinates":[[[[130.559,30.236],[130.383,30.394],[130.666,30.382],[130.559,30.236]]]]}},{"type":"Feature","properties":{"NAME":"Taiwan","SUBJECTO":"Taiwan","PARTOF":"Taiwan","BORDERPRECISION":"1"},"bbox":[120.051,21.928,122.002,25.282],"geometry":{"type":"MultiPolygon","coordinates":[[[[121.735,25.139],[122.002,25.007],[121.817,24.848],[121.84,24.476],[121.605,24.081],[121.356,23.087],[120.97,22.568],[120.824,21.928],[120.716,21.928],[120.621,22.295],[120.307,22.54],[120.051,23.05],[120.111,23.62],[121.009,25.009],[121.441,25.129],[121.512,25.282],[121.735,25.139]]]]}},{"type":"Feature","properties":{"NAME":"Unknown","SUBJECTO":"","PARTOF":"","BORDERPRECISION":"1"},"bbox":[128.601,32.619,128.901,32.792],"geometry":{"type":"MultiPolygon","coordinates":[[[[128.901,32.643],[128.601,32.619],[128.661,32.782],[128.813,32.792],[128.901,32.643]]]]}},{"type":"Feature","properties":{"NAME":"Unknown","SUBJECTO":"","PARTOF":"","BORDERPRECISION":"1"},"bbox":[123.679,24.252,123.922,24.371],"geometry":{"type":"MultiPolygon","coordinates":[[[[123.871,24.252],[123.679,24.316],[123.922,24.371],[123.871,24.252]]]]}},{"type":"Feature","properties":{"NAME":"Unknown","SUBJECTO":"","PARTOF":"","BORDERPRECISION":"1"},"bbox":[125.257,24.729,125.451,24.884],"geometry":{"type":"MultiPolygon","coordinates":[[[[125.356,24.777],[125.451,24.74],[125.257,24.729],[125.263,24.884],[125.356,24.777]]]]}},{"type":"Feature","properties":{"NAME":"Unknown","SUBJECTO":"","PARTOF":"","BORDERPRECISION":"1"},"bbox":[124.076,24.328,124.324,24.587],"geometry":{"type":"MultiPolygon","coordinates":[[[[124.262,24.457],[124.179,24.328],[124.076,24.425],[124.324,24.587],[124.262,24.457]]]]}},{"type":"Feature","properties":{"NAME":"Unknown","SUBJECTO":"","PARTOF":"","BORDERPRECISION":"1"},"bbox":[127.653,26.083,128.287,26.855],"geometry":{"type":"MultiPolygon","coordinates":[[[[128.253,26.639],[127.842,26.429],[127.813,26.156],[127.653,26.083],[127.717,26.435],[127.959,26.544],[127.884,26.667],[128.067,26.642],[128.287,26.855],[128.253,26.639]]]]}},{"type":"Feature","properties":{"NAME":"Unknown","SUBJECTO":"","PARTOF":"","BORDERPRECISION":"1"},"bbox":[128.947,27.676,129.03,27.907],"geometry":{"type":"MultiPolygon","coordinates":[[[[128.951,27.676],[128.947,27.907],[129.03,27.774],[128.951,27.676]]]]}},{"type":"Feature","properties":{"NAME":"Unknown","SUBJECTO":"","PARTOF":"","BORDERPRECISION":"1"},"bbox":[128.524,27.359,128.702,27.446],"geometry":{"type":"MultiPolygon","coordinates":[[[[128.609,27.359],[128.524,27.414],[128.702,27.446],[128.609,27.359]]]]}},{"type":"Feature","properties":{"NAME":"Chagatai Khanate","SUBJECTO":"Chagatai Khanate","PARTOF":"Chagatai Khanate","BORDERPRECISION":"1"},"bbox":[64.531,34.743,141.257,57.599],"geometry":{"type":"MultiPolygon","coordinates":[[[[102.586,57.296],[109.077,57.599],[118.11,56.893],[126.437,54.917],[136.487,53.655],[137.041,53.862],[137.383,53.81],[137.071,53.489],[137.239,53.457],[138.234,53.572],[138.409,53.805],[138.417,54.092],[139.378,54.08],[140.102,53.802],[140.321,53.536],[141.121,53.052],[140.828,52.825],[141.091,52.587],[140.939,52.262],[141.257,52.103],[140.405,50.827],[140.323,50.518],[140.457,50.104],[140.081,48.503],[139.214,47.811],[138.949,47.322],[138.352,46.873],[137.985,46.269],[136.494,44.966],[136.034,44.398],[135.415,44.037],[134.569,43.212],[134.139,42.993],[132.953,42.67],[132.827,42.862],[132.333,42.964],[132.182,43.195],[131.675,43.027],[131.865,43.29],[119.604,42.03],[102.926,39.018],[95.592,38.945],[95.15,37.692],[95.519,37.102],[91.686,36.365],[90,36.512],[89.917,35.186],[86.821,35.112],[82.693,34.743],[74.659,34.964],[71.342,35.775],[68.578,37.128],[65.077,39.534],[64.531,40.153],[74.066,45.542],[77.181,46.783],[85.516,48.411],[87.774,49.282],[87.206,49.606],[102.586,57.296]]]]}},{"type":"Feature","properties":{"NAME":"Unknown","SUBJECTO":"","PARTOF":"","BORDERPRECISION":"1"},"bbox":[54.479,50.958,180,77.329],"geometry":{"type":"MultiPolygon","coordinates":[[[[55.425,73.553],[54.479,73.519],[55.757,73.577],[56.96,73.357],[57.823,73.781],[56.96,73.357],[55.425,73.553]]],[[[68.328,76.318],[66.548,75.98],[60.887,75.247],[60.334,75.033],[60.887,75.247],[67.722,76.175],[68.937,76.606],[68.328,76.318]]],[[[60.009,74.675],[58.851,74.689],[58.603,74.504],[58.851,74.689],[60.009,74.675],[60.623,74.935],[60.009,74.675]]],[[[58.191,74.085],[57.671,74.188],[57.405,74.052],[57.671,74.188],[58.191,74.085],[58.882,74.391],[58.191,74.085]]],[[[72.655,72.118],[71.798,71.432],[72.655,72.118],[72.845,72.495],[72.655,72.118]]],[[[72.696,70.356],[72.437,70.187],[72.774,70.455],[72.696,70.356]]],[[[73.175,68.166],[72.838,67.646],[71.4,66.949],[72.838,67.646],[73.394,68.382],[73.175,68.166]]],[[[70.84,66.551],[69.792,66.755],[69.085,66.688],[69.792,66.755],[70.84,66.551],[71.544,66.714],[70.84,66.551]]],[[[77.689,67.758],[77.483,67.803],[78.536,67.612],[77.689,67.758]]],[[[76.538,69.084],[75.598,69.21],[74.902,69.081],[73.915,69.154],[74.902,69.081],[75.598,69.21],[77.406,68.936],[76.538,69.084]]],[[[76.866,71.449],[76.607,71.518],[78.137,71.374],[76.866,71.449]]],[[[82.529,71.32],[82.215,71.204],[82.88,71.491],[82.529,71.32]]],[[[81.585,72.354],[80.982,72.447],[82.321,72.222],[81.585,72.354]]],[[[104.782,77.149],[104.485,76.995],[105.47,77.329],[104.782,77.149]]],[[[106.537,76.567],[106.404,76.432],[107.24,76.898],[106.537,76.567]]],[[[112.111,74.78],[111.587,74.731],[108.34,73.691],[106.208,73.259],[105.279,72.752],[106.208,73.259],[108.34,73.691],[113.625,75.273],[112.111,74.78]]],[[[128.291,72.912],[127.314,72.714],[126.111,72.28],[127.314,72.714],[128.525,72.952],[128.291,72.912]]],[[[145.261,71.84],[144.801,71.591],[144.881,71.723],[145.678,71.927],[145.815,72.098],[145.678,71.927],[145.261,71.84]]],[[[179.016,64.773],[178.474,64.577],[177.427,64.607],[178.726,64.606],[179.016,64.773],[180,64.953],[179.016,64.773]]],[[[179.049,62.391],[178.452,62.32],[177.135,62.55],[178.738,62.299],[179.242,62.526],[179.049,62.391]]],[[[176.581,62.429],[175.173,61.969],[174.542,61.891],[173.927,61.616],[173.481,61.601],[172.918,61.278],[172.492,61.263],[172,60.858],[171.248,60.654],[171.072,60.452],[170.337,60.277],[170.268,60.145],[170.337,60.277],[171.072,60.452],[171.248,60.654],[172,60.858],[172.492,61.263],[172.918,61.278],[173.481,61.601],[173.927,61.616],[174.542,61.891],[176.549,62.38],[176.832,62.676],[177.19,62.67],[176.832,62.676],[176.581,62.429]]],[[[170.06,59.882],[169.877,59.875],[170.273,60.013],[170.06,59.882]]],[[[168.211,60.433],[167.104,60.271],[166.027,59.709],[167.104,60.271],[169.154,60.435],[168.211,60.433]]],[[[165.415,60.115],[164.933,59.962],[165.78,60.354],[166.203,60.353],[165.78,60.354],[165.415,60.115]]],[[[163.106,59.579],[163.043,59.462],[163.389,59.814],[163.767,59.884],[163.389,59.814],[163.106,59.579]]],[[[162.22,58.486],[161.804,58.102],[162.907,58.891],[162.22,58.486]]],[[[162.593,57.17],[162.512,57.033],[163.128,57.552],[162.593,57.17]]],[[[163.009,55.944],[162.555,56.011],[163.009,55.944],[163.166,56.106],[163.009,55.944]]],[[[161.861,55.861],[161.503,55.287],[161.861,55.861],[162.318,56.24],[162.722,56.342],[162.318,56.24],[161.861,55.861]]],[[[161.567,54.423],[160.404,54.368],[159.931,54.086],[159.633,53.706],[159.931,54.086],[160.404,54.368],[161.567,54.423],[162.008,54.738],[161.567,54.423]]],[[[158.258,52.017],[157.898,51.666],[156.696,50.958],[157.898,51.666],[158.39,52.203],[158.258,52.017]]],[[[163.818,62.49],[162.99,62.326],[164.138,62.533],[165.067,62.436],[163.818,62.49]]],[[[162.451,61.559],[160.645,60.718],[160.007,60.591],[160.645,60.718],[162.235,61.51],[162.749,61.609],[162.451,61.559]]],[[[158.118,61.719],[157.098,61.633],[156.423,61.401],[157.098,61.633],[158.841,61.784],[159.106,61.707],[158.118,61.719]]],[[[155.152,60.394],[154.316,59.983],[153.943,59.569],[154.693,60.199],[155.734,60.555],[155.152,60.394]]],[[[153.924,58.922],[152.968,58.996],[152.504,58.769],[152.968,58.996],[153.924,58.922],[154.906,59.103],[153.924,58.922]]],[[[151.354,58.691],[151.135,58.732],[152.191,58.926],[151.354,58.691]]],[[[150.663,59.432],[150.12,59.389],[151.14,59.44],[151.524,59.344],[150.663,59.432]]],[[[149.045,59.587],[148.728,59.476],[149.73,59.595],[149.045,59.587]]],[[[148.63,59.194],[148.416,59.097],[147.919,59.261],[147,59.191],[146.307,59.286],[146.023,59.196],[146.307,59.286],[147,59.191],[147.919,59.261],[148.416,59.097],[148.747,59.297],[148.63,59.194]]],[[[144.39,59.31],[142.846,59.273],[141.924,58.941],[141.35,58.501],[140.587,58.239],[140.029,57.644],[138.867,57.124],[137.229,55.983],[135.27,55.029],[134.894,54.72],[135.27,55.029],[137.229,55.983],[138.867,57.124],[140.029,57.644],[140.587,58.239],[141.35,58.501],[142.358,59.141],[142.927,59.28],[145.404,59.326],[144.39,59.31]]]]}},{"type":"Feature","properties":{"NAME":"Sámi","SUBJECTO":"Sámi","PARTOF":"Sámi","BORDERPRECISION":"1"},"bbox":[18.4,65.572,41.255,71.018],"geometry":{"type":"MultiPolygon","coordinates":[[[[20.158,69.748],[20.358,69.71],[20.197,69.318],[20.734,69.779],[21.103,69.818],[21.412,70.015],[21.908,69.804],[22.306,70.216],[22.746,70.171],[23.204,69.943],[23.827,70.479],[24.208,70.472],[24.849,70.827],[25.832,70.898],[25.122,70.435],[25.074,70.144],[25.263,70.107],[26.607,70.915],[26.617,70.392],[27.131,70.577],[27.516,70.97],[28.211,71.018],[28.308,70.949],[27.985,70.717],[27.875,70.425],[28.29,70.372],[28.795,70.865],[30.754,70.43],[30.799,70.308],[30.252,70.131],[28.73,70.136],[29.729,69.698],[30.735,69.752],[31.054,69.64],[32.072,69.883],[32.352,69.514],[33.281,69.342],[33.316,69.071],[33.628,69.215],[35.437,69.15],[37.246,68.793],[38.668,68.146],[40.826,67.66],[41.255,66.937],[40.836,66.561],[39.978,66.201],[39.19,66.039],[38.048,66.007],[35.772,66.259],[33.437,66.702],[32.991,66.988],[31.246,67.636],[27.098,66.834],[26.479,65.572],[25.626,66.7],[21.879,66.967],[18.534,66.432],[18.4,67.235],[18.959,68.294],[20.158,69.748]]]]}},{"type":"Feature","properties":{"NAME":"Unknown","SUBJECTO":"","PARTOF":"","BORDERPRECISION":"1"},"bbox":[59.046,44.797,60.114,45.701],"geometry":{"type":"MultiPolygon","coordinates":[[[[59.285,45.275],[59.461,45.055],[59.238,44.797],[59.046,44.955],[59.285,45.275]]],[[[59.777,45.701],[60.114,45.689],[59.793,45.59],[59.777,45.701]]]]}},{"type":"Feature","properties":{"NAME":"Oirat Confederation","SUBJECTO":"Oirat Confederation","PARTOF":"Oirat Confederation","BORDERPRECISION":"1"},"bbox":[75.239,49.606,102.586,62.134],"geometry":{"type":"MultiPolygon","coordinates":[[[[102.586,57.296],[87.206,49.606],[78.805,54.394],[79.301,54.399],[82.536,57.08],[78.398,58.589],[75.664,58.615],[75.239,62.134],[77.038,61.974],[85.083,58.163],[93.975,56.893],[102.586,57.296]]]]}},{"type":"Feature","properties":{"NAME":"White Horde","SUBJECTO":"White Horde","PARTOF":"White Horde","BORDERPRECISION":"1"},"bbox":[50.335,38.897,87.774,61.685],"geometry":{"type":"MultiPolygon","coordinates":[[[[68.228,42.242],[66.666,44.427],[61.271,46.256],[61.654,46.769],[60.938,46.49],[60.799,46.569],[60.843,46.773],[60.503,46.806],[60.726,46.626],[60.43,46.529],[60.271,46.7],[59.998,46.502],[60.211,46.287],[60.823,46.243],[60.786,46.152],[59.815,46.181],[59.749,46.322],[59.531,46.343],[59.55,45.994],[59.431,45.803],[59.287,45.835],[59.329,46.026],[58.721,45.848],[58.238,44.903],[58.297,44.638],[58.199,44.52],[58.4,44.167],[58.367,43.737],[58.879,43.849],[55.642,40.05],[54.071,38.897],[53.66,39.318],[53.334,39.385],[53.248,39.299],[53.315,39.567],[53.813,39.548],[53.516,39.778],[53.688,39.979],[52.989,39.931],[52.912,40.046],[52.826,40.468],[53.056,41.052],[53.257,40.765],[53.612,40.745],[53.698,40.88],[53.842,40.64],[54.416,40.659],[54.368,40.899],[54.818,40.88],[54.751,41.138],[54.167,41.483],[54.024,42.048],[53.736,42.134],[53.066,42.029],[52.941,41.77],[52.97,41.138],[52.559,41.758],[52.52,42.073],[52.835,42.648],[52.763,42.756],[52.07,42.828],[51.738,43.179],[51.423,43.17],[51.459,43.385],[50.955,44.204],[50.389,44.294],[50.335,44.563],[50.542,44.644],[51.333,44.482],[51.576,44.554],[51.099,44.878],[51.513,45.373],[53.284,45.328],[52.844,45.507],[52.835,45.642],[53.149,45.957],[53.257,46.317],[53.122,46.497],[53.284,46.676],[53.185,46.865],[52.854,46.938],[56.674,58.259],[58.293,58.425],[61.881,59.852],[67.89,61.685],[64.632,58.485],[64.227,57.662],[64.679,55.974],[68.591,54.282],[78.805,54.394],[87.774,49.282],[85.516,48.411],[77.181,46.783],[74.066,45.542],[68.228,42.242]]]]}},{"type":"Feature","properties":{"NAME":"Timurid Emirates","SUBJECTO":"Timurid Emirates","PARTOF":"Timurid Emirates","BORDERPRECISION":"1"},"bbox":[53.88,26.512,72.027,46.256],"geometry":{"type":"MultiPolygon","coordinates":[[[[68.566,29.103],[66.994,27.741],[65.519,26.93],[59.984,26.512],[59.18,28.478],[57.19,30.763],[53.984,36.782],[54.067,36.942],[53.88,38.025],[54.071,38.897],[55.642,40.05],[58.879,43.849],[59.019,43.861],[59.008,43.979],[59.248,43.854],[59.505,43.914],[59.716,43.669],[60.077,43.609],[61.109,44.717],[61.862,45.048],[61.175,45.188],[61.021,45.487],[60.999,46.078],[61.271,46.256],[66.666,44.427],[68.228,42.242],[64.531,40.153],[65.077,39.534],[68.578,37.128],[71.342,35.775],[72.027,35.608],[70.242,31.135],[69.568,29.956],[68.566,29.103]]]]}},{"type":"Feature","properties":{"NAME":"Aragón","SUBJECTO":"Aragón","PARTOF":"Aragón","BORDERPRECISION":"1"},"bbox":[-2.301,36.745,18.523,42.909],"geometry":{"type":"MultiPolygon","coordinates":[[[[8.582,39.066],[8.374,39.308],[8.508,39.946],[8.428,40.465],[8.159,40.785],[8.766,40.863],[9.306,41.184],[9.794,40.564],[9.631,40.096],[9.648,39.457],[9.479,39.144],[9.063,39.22],[8.82,38.977],[8.582,39.066]]],[[[14.405,42.353],[14.922,41.972],[16.187,41.841],[15.873,41.502],[18.034,40.597],[18.523,40.094],[18.365,39.747],[18.017,39.948],[17.85,40.243],[17.402,40.292],[17.204,40.398],[17.243,40.496],[16.949,40.481],[16.604,40.09],[16.532,39.698],[17.149,39.422],[17.181,39.022],[16.613,38.827],[16.572,38.457],[16.053,37.931],[15.71,37.941],[15.627,38.233],[15.933,38.54],[15.827,38.623],[16.212,38.778],[15.757,39.934],[15.666,40.092],[15.432,39.989],[14.899,40.241],[14.951,40.551],[14.743,40.705],[14.334,40.594],[14.495,40.73],[14.37,40.851],[14.051,40.768],[13.761,41.207],[14.029,41.401],[13.929,41.75],[13.647,41.75],[13.631,42.016],[13.415,42.198],[13.415,42.364],[13.631,42.53],[13.714,42.398],[14.076,42.634],[14.405,42.353]]],[[[14.216,37.049],[12.637,37.582],[12.454,37.766],[12.517,37.919],[12.783,38.117],[13.066,38.067],[13.322,38.221],[13.81,37.966],[15.454,38.167],[15.112,37.459],[15.301,37.058],[15.027,36.745],[14.622,36.776],[14.216,37.049]]],[[[-1.664,42.125],[-0.84,42.909],[-0.612,42.731],[-0.41,42.786],[-0.166,42.649],[0.592,42.628],[0.584,42.772],[0.744,42.772],[1.32,42.605],[1.577,42.648],[1.792,42.579],[1.728,42.501],[2.949,42.883],[3.039,42.869],[3.157,42.076],[3.129,41.857],[2.081,41.298],[0.879,41.022],[0.71,40.785],[0.788,40.657],[0.505,40.593],[-0.161,39.886],[-0.395,39.434],[-0.166,38.954],[0.173,38.738],[-0.435,38.43],[-0.665,38.177],[-0.872,37.76],[-0.803,37.615],[-1.626,37.439],[-1.817,37.292],[-1.94,36.952],[-2.149,37.233],[-1.921,37.651],[-2.035,37.842],[-1.883,37.956],[-1.655,37.918],[-1.655,38.184],[-1.807,38.26],[-1.807,38.526],[-2.035,38.602],[-2.035,39.249],[-1.807,39.173],[-1.807,39.477],[-1.997,39.591],[-1.997,39.743],[-1.807,39.858],[-2.301,40.238],[-2.301,40.39],[-1.921,40.618],[-2.035,41.227],[-2.301,41.265],[-2.301,41.493],[-2.149,41.493],[-2.13,41.817],[-1.605,41.769],[-1.664,42.125]]]]}},{"type":"Feature","properties":{"NAME":"Sind","SUBJECTO":"Sind","PARTOF":"Sind","BORDERPRECISION":"1"},"bbox":[59.984,23.49,72.816,31.384],"geometry":{"type":"MultiPolygon","coordinates":[[[[69.058,23.794],[68.232,23.49],[68.047,23.764],[67.486,23.928],[67.316,24.093],[67.154,24.652],[66.654,24.784],[66.701,25.114],[66.432,25.489],[64.425,25.173],[64.059,25.401],[63.404,25.165],[61.344,25.027],[60.858,25.096],[60.48,25.298],[59.984,26.512],[65.519,26.93],[66.994,27.741],[69.568,29.956],[70.342,31.384],[72.816,31.058],[70.134,28.104],[69.352,26.193],[69.013,24.633],[69.058,23.794]]]]}},{"type":"Feature","properties":{"NAME":"Gondwana","SUBJECTO":"Gondwana","PARTOF":"Gondwana","BORDERPRECISION":"1"},"bbox":[78.533,17.233,84.304,21.723],"geometry":{"type":"MultiPolygon","coordinates":[[[[78.533,19.124],[78.599,21.316],[83.619,21.723],[84.304,20.752],[81.862,18.73],[79.328,17.233],[78.867,18.27],[79.213,18.845],[78.752,19.191],[78.533,19.124]]]]}},{"type":"Feature","properties":{"NAME":"Rajastan","SUBJECTO":"Rajastan","PARTOF":"Rajastan","BORDERPRECISION":"1"},"bbox":[69.013,22.945,78.277,31.058],"geometry":{"type":"MultiPolygon","coordinates":[[[[73.038,24.203],[70.472,24.316],[69.058,23.794],[69.013,24.633],[69.352,26.193],[70.134,28.104],[72.816,31.058],[74.585,30.689],[74.88,27.962],[76.428,27.52],[77.772,25.644],[78.277,24.296],[73.713,22.945],[73.038,24.203]]]]}},{"type":"Feature","properties":{"NAME":"Gujarat","SUBJECTO":"Gujarat","PARTOF":"Gujarat","BORDERPRECISION":"1"},"bbox":[68.232,19.883,74.271,24.316],"geometry":{"type":"MultiPolygon","coordinates":[[[[74.271,21.906],[73.485,19.907],[72.789,19.883],[72.759,20.058],[73.113,20.827],[72.766,21.15],[72.696,22.129],[72.233,22.02],[72.131,21.746],[72.289,21.55],[72.121,21.155],[71.529,20.824],[70.855,20.651],[70.21,20.948],[68.894,22.286],[69.969,22.351],[70.411,22.753],[70.381,22.861],[70.046,22.777],[69.107,22.899],[68.232,23.49],[70.472,24.316],[73.038,24.203],[74.271,21.906]]]]}},{"type":"Feature","properties":{"NAME":"Nepal","SUBJECTO":"Nepal","PARTOF":"Nepal","BORDERPRECISION":"1"},"bbox":[80.103,27.277,85.862,30.191],"geometry":{"type":"MultiPolygon","coordinates":[[[[81.108,30.191],[82.036,30.191],[83.543,29.285],[85.862,28.201],[84.509,27.312],[83.079,27.277],[80.103,29.015],[81.108,30.191]]]]}},{"type":"Feature","properties":{"NAME":"Punjab","SUBJECTO":"Punjab","PARTOF":"Punjab","BORDERPRECISION":"1"},"bbox":[70.342,31.058,75.333,35.608],"geometry":{"type":"MultiPolygon","coordinates":[[[[75.333,34.946],[72.816,31.058],[70.342,31.384],[72.027,35.608],[74.659,34.964],[75.333,34.946]]]]}},{"type":"Feature","properties":{"NAME":"Ahmadnagar","SUBJECTO":"Ahmadnagar","PARTOF":"Deccan Sultanates","BORDERPRECISION":"1"},"bbox":[72.789,16.616,78.573,23.897],"geometry":{"type":"MultiPolygon","coordinates":[[[[76.928,23.897],[76.093,21.047],[78.573,20.438],[78.533,19.124],[77.255,18.73],[75.412,18.5],[73.396,16.616],[72.789,19.883],[73.485,19.907],[74.271,21.906],[73.713,22.945],[76.928,23.897]]]]}},{"type":"Feature","properties":{"NAME":"Berar","SUBJECTO":"Berar","PARTOF":"Berar","BORDERPRECISION":"1"},"bbox":[76.093,20.438,83.619,24.296],"geometry":{"type":"MultiPolygon","coordinates":[[[[78.573,20.438],[76.093,21.047],[76.928,23.897],[78.277,24.296],[78.951,23.959],[80.924,23.687],[82.546,23.245],[83.619,21.723],[78.599,21.316],[78.573,20.438]]]]}},{"type":"Feature","properties":{"NAME":"Bidar","SUBJECTO":"Bidar","PARTOF":"Deccan Sultanates","BORDERPRECISION":"1"},"bbox":[77.071,16.465,78.322,19.013],"geometry":{"type":"MultiPolygon","coordinates":[[[[77.997,16.465],[77.174,16.658],[77.071,17.361],[77.387,18.771],[78.173,19.013],[78.322,17.415],[77.997,16.465]]]]}},{"type":"Feature","properties":{"NAME":"Bijapur","SUBJECTO":"Bijapur","PARTOF":"Deccan Sultanates","BORDERPRECISION":"1"},"bbox":[73.396,15.966,77.997,18.771],"geometry":{"type":"MultiPolygon","coordinates":[[[[77.071,17.361],[77.174,16.658],[77.997,16.465],[77.922,16.246],[76.91,16.312],[76.103,15.966],[75.067,15.966],[74.376,16.312],[73.494,16.288],[73.396,16.616],[75.412,18.5],[77.387,18.771],[77.071,17.361]]]]}},{"type":"Feature","properties":{"NAME":"Orissa","SUBJECTO":"Orissa","PARTOF":"Orissa","BORDERPRECISION":"1"},"bbox":[79.956,17.004,85.379,20.752],"geometry":{"type":"MultiPolygon","coordinates":[[[[82.323,17.004],[79.956,17.604],[81.862,18.73],[84.304,20.752],[84.684,20.212],[85.379,19.605],[83.988,18.207],[82.323,17.004]]]]}},{"type":"Feature","properties":{"NAME":"Golkonda","SUBJECTO":"Golkonda","PARTOF":"Deccan Sultanates","BORDERPRECISION":"1"},"bbox":[77.922,15.723,82.323,19.191],"geometry":{"type":"MultiPolygon","coordinates":[[[[82.323,17.004],[82.081,16.463],[81.789,16.329],[81.369,16.347],[80.963,15.723],[77.922,16.246],[78.322,17.415],[78.173,19.013],[78.752,19.191],[79.213,18.845],[78.867,18.27],[79.328,17.233],[79.956,17.604],[82.323,17.004]]]]}},{"type":"Feature","properties":{"NAME":"Thule","SUBJECTO":"Thule","PARTOF":"Thule","BORDERPRECISION":"1"},"bbox":[-72.545,63.093,-12.563,81.906],"geometry":{"type":"MultiPolygon","coordinates":[[[[-51.877,69.531],[-53.551,69.278],[-54.574,69.609],[-54.723,70.087],[-54.594,70.24],[-53.617,70.158],[-52.084,69.772],[-51.813,69.622],[-51.877,69.531]]],[[[-23.798,72.66],[-23.131,72.678],[-22.251,72.498],[-21.882,72.365],[-21.809,72.145],[-22.146,72.027],[-23.585,72.44],[-23.798,72.66]]],[[[-51.521,64.37],[-51.805,64.233],[-51.957,64.377],[-51.992,65.01],[-52.187,65.518],[-52.536,65.495],[-53.103,65.873],[-53.108,66.034],[-52.611,66.268],[-53.348,66.324],[-53.394,66.452],[-52.448,66.607],[-52.303,66.909],[-53.267,66.922],[-53.45,67.084],[-52.978,67.31],[-53.494,67.473],[-53.436,67.618],[-52.808,67.775],[-50.477,67.482],[-50.357,67.891],[-50.491,67.973],[-52.842,68.506],[-52.691,68.663],[-52.337,68.664],[-51.679,68.5],[-51.005,68.509],[-50.874,68.945],[-50.266,68.953],[-50.366,69.194],[-50.767,69.336],[-50.457,69.738],[-50.573,69.866],[-51.637,69.94],[-52.909,70.289],[-53.666,70.357],[-54.374,70.725],[-53.628,70.819],[-52.367,70.667],[-50.824,70.247],[-50.939,70.577],[-51.326,70.823],[-51.404,71.024],[-51.675,71.224],[-52.198,71.355],[-51.72,71.59],[-53.323,71.891],[-53.988,71.414],[-54.382,71.305],[-55.477,71.489],[-55.626,71.73],[-55.298,72.161],[-55.366,72.728],[-54.793,72.666],[-54.558,72.872],[-55.779,73.704],[-56.939,74.919],[-58.075,75.205],[-58.205,75.295],[-58.229,75.611],[-58.636,75.793],[-61.507,76.258],[-62.916,76.364],[-63.651,76.38],[-65.475,76.099],[-66.684,76.307],[-66.563,75.929],[-67.619,76.019],[-69.045,76.294],[-68.144,76.6],[-68.376,76.778],[-70.5,76.833],[-71.448,77.122],[-71.184,77.26],[-70.618,77.278],[-66.784,77.259],[-66.178,77.398],[-66.153,77.553],[-66.805,77.777],[-67.852,77.593],[-69.994,77.58],[-71.045,77.916],[-71.888,77.949],[-72.525,78.166],[-72.545,78.324],[-72.383,78.526],[-69.266,78.796],[-68.349,79.09],[-65.485,79.158],[-64.891,79.382],[-65.153,79.313],[-58.83,78.238],[-52.059,74.705],[-48.399,67.15],[-50.519,63.093],[-50.617,63.435],[-51.101,63.47],[-51.355,63.812],[-50.988,64.092],[-50.043,64.438],[-50.02,64.61],[-50.144,64.739],[-50.772,64.659],[-51.521,64.37]]],[[[-24.195,70.243],[-23.587,70.084],[-22.158,70.056],[-22.732,69.774],[-24.333,69.333],[-24.897,69.392],[-26.362,68.66],[-28.195,68.417],[-28.376,68.417],[-29.338,69.874],[-29.338,73.281],[-27.71,74.989],[-26.057,79.639],[-22.612,80.872],[-20.065,81.523],[-17.963,81.518],[-16.465,81.904],[-15.499,81.906],[-13.714,81.774],[-12.563,81.509],[-12.644,81.386],[-14.202,81.21],[-16.441,80.451],[-19.045,80.426],[-20.045,80.24],[-20.267,79.999],[-20.193,79.854],[-18.605,80.012],[-17.769,79.967],[-17.768,79.777],[-19.385,79.55],[-19.763,78.873],[-20.879,78.818],[-21.768,77.767],[-21.382,77.587],[-20.777,77.969],[-19.336,77.867],[-19.177,77.824],[-19.086,77.6],[-19.944,77.641],[-20.235,77.511],[-20.105,77.382],[-19.064,77.239],[-18.253,77.3],[-18.016,77.206],[-17.942,76.865],[-19.978,76.946],[-20.561,76.911],[-21.183,76.697],[-22.25,76.806],[-22.378,76.636],[-21.751,76.367],[-19.57,76.11],[-19.322,75.893],[-19.194,75.444],[-19.389,75.261],[-20.512,75.358],[-20.679,75.308],[-20.669,75.061],[-20.424,74.882],[-19.071,74.609],[-18.899,74.44],[-19.051,74.335],[-19.716,74.213],[-21.762,74.305],[-22.029,74.104],[-20.354,73.811],[-20.33,73.42],[-22.269,73.265],[-23.494,73.509],[-24.076,73.756],[-25.763,73.354],[-26.827,73.408],[-27.441,73.287],[-27.516,73.096],[-27.357,72.859],[-25.778,72.609],[-25.073,72.634],[-22.818,71.87],[-22.431,71.341],[-21.904,71.497],[-21.592,71.211],[-21.471,70.532],[-21.547,70.44],[-23.084,70.468],[-23.754,70.59],[-24.386,71.183],[-24.913,71.437],[-26.12,71.669],[-26.787,71.558],[-25.85,71.436],[-25.695,71.273],[-27.916,70.998],[-28.384,70.458],[-27.475,70.207],[-24.195,70.243]]]]}},{"type":"Feature","properties":{"NAME":"Tuʻi Tonga Empire","SUBJECTO":"Tuʻi Tonga Empire","PARTOF":"Tuʻi Tonga Empire","BORDERPRECISION":"1"},"bbox":[-180,-21.454,180,-13.461],"geometry":{"type":"MultiPolygon","coordinates":[[[[-170.66,-14.255],[-170.56,-14.266],[-170.826,-14.325],[-170.66,-14.255]]],[[[178.372,-18.932],[178.498,-19.009],[177.953,-19.136],[178.372,-18.932]]],[[[179.246,-18.036],[179.292,-17.937],[179.359,-18.114],[179.246,-18.036]]],[[[178.176,-18.242],[177.333,-18.119],[177.257,-17.874],[177.43,-17.762],[177.388,-17.633],[177.825,-17.363],[178.269,-17.344],[178.598,-17.643],[178.697,-18.047],[178.176,-18.242]]],[[[-178.909,-17.218],[-178.986,-17.318],[-179.02,-17.153],[-178.909,-17.218]]],[[[177.208,-17.089],[177.288,-17.059],[177.199,-17.17],[177.208,-17.089]]],[[[179.893,-16.946],[180,-16.787],[180,-16.966],[179.893,-16.946]]],[[[-179.821,-16.781],[-180,-16.966],[-179.939,-16.716],[-179.821,-16.781]]],[[[-179.971,-16.459],[-179.894,-16.435],[-180,-16.538],[-179.971,-16.459]]],[[[179.569,-16.758],[179.942,-16.464],[179.937,-16.754],[179.409,-16.811],[179.266,-16.691],[178.754,-17.011],[178.476,-16.764],[178.982,-16.47],[180,-16.155],[179.592,-16.54],[179.479,-16.701],[179.569,-16.758]]],[[[-169.894,-19.146],[-169.932,-19.017],[-169.818,-18.968],[-169.894,-19.146]]],[[[-174.975,-21.366],[-174.911,-21.306],[-174.917,-21.454],[-174.975,-21.366]]],[[[-175.052,-21.162],[-175.145,-21.268],[-175.361,-21.103],[-175.052,-21.162]]],[[[-178.141,-14.316],[-178.186,-14.232],[-178.042,-14.317],[-178.141,-14.316]]],[[[-171.465,-14.053],[-171.911,-14.013],[-172.065,-13.874],[-171.822,-13.808],[-171.465,-14.053]]],[[[-172.223,-13.563],[-172.214,-13.808],[-172.509,-13.807],[-172.781,-13.533],[-172.348,-13.461],[-172.223,-13.563]]]]}},{"type":"Feature","properties":{"NAME":"Polynesians","SUBJECTO":"Polynesians","PARTOF":"Polynesians","BORDERPRECISION":"1"},"bbox":[-109.449,-27.193,-109.241,-27.068],"geometry":{"type":"MultiPolygon","coordinates":[[[[-109.241,-27.133],[-109.449,-27.193],[-109.396,-27.068],[-109.241,-27.133]]]]}},{"type":"Feature","properties":{"NAME":"Korea","SUBJECTO":"Korea","PARTOF":"Korea","BORDERPRECISION":"3"},"bbox":[124.736,33.191,129.828,41.656],"geometry":{"type":"MultiPolygon","coordinates":[[[[126.33,37.661],[125.914,37.806],[125.768,37.983],[125.619,37.772],[125.337,37.682],[124.77,37.936],[124.736,38.28],[125.294,38.689],[125.128,38.806],[125.382,39.409],[129.641,41.656],[129.591,41.47],[129.828,41.396],[129.76,40.886],[129.177,40.63],[128.447,40.066],[127.672,39.866],[127.441,39.624],[127.544,39.374],[127.277,39.222],[127.745,39.119],[128.357,38.684],[128.634,38.126],[129.342,37.257],[129.475,36.774],[129.387,36.036],[129.588,36.008],[129.237,35.19],[128.979,35.085],[128.573,35.17],[128.378,35.036],[128.501,35.008],[128.435,34.835],[128.329,34.949],[127.593,34.942],[127.639,34.814],[127.774,34.844],[127.748,34.727],[127.635,34.615],[127.522,34.857],[127.418,34.819],[127.514,34.591],[127.389,34.471],[127.125,34.537],[127.329,34.743],[126.889,34.412],[126.783,34.587],[126.6,34.3],[126.478,34.345],[126.289,34.742],[126.452,34.578],[126.618,34.619],[126.477,34.725],[126.66,34.813],[126.371,34.789],[126.434,34.964],[126.318,34.932],[126.249,35.117],[126.431,35.023],[126.422,35.407],[126.688,35.533],[126.475,35.636],[126.801,35.862],[126.632,35.967],[126.873,36.055],[126.685,36],[126.544,36.136],[126.497,36.724],[126.347,36.74],[126.293,36.582],[126.129,36.752],[126.291,36.962],[126.289,36.786],[126.401,36.852],[126.356,36.996],[126.483,36.842],[126.502,37.053],[126.781,36.964],[126.839,36.753],[127,36.93],[126.753,37.049],[126.869,37.176],[126.661,37.156],[126.662,37.254],[126.866,37.267],[126.656,37.411],[126.652,37.567],[126.539,37.687],[126.501,37.594],[126.33,37.661]]],[[[126.509,33.224],[126.266,33.191],[126.158,33.315],[126.378,33.475],[126.898,33.523],[126.843,33.308],[126.509,33.224]]],[[[126.15,34.354],[126.243,34.573],[126.38,34.495],[126.15,34.354]]],[[[127.99,34.817],[128.057,34.697],[127.861,34.72],[127.822,34.843],[127.899,34.933],[127.99,34.817]]],[[[128.686,34.724],[128.489,34.856],[128.711,34.977],[128.686,34.724]]]]}},{"type":"Feature","properties":{"NAME":"Ottoman Empire","SUBJECTO":"Ottoman Empire","PARTOF":"Ottoman Empire","BORDERPRECISION":"1"},"bbox":[16.64,35.89,41.484,47.454],"geometry":{"type":"MultiPolygon","coordinates":[[[[25.386,36.319],[25.371,36.497],[25.493,36.423],[25.386,36.319]]],[[[25.835,36.783],[25.751,36.814],[26.086,36.899],[25.835,36.783]]],[[[24.588,36.869],[24.679,36.759],[24.466,36.649],[24.299,36.753],[24.588,36.869]]],[[[24.36,37.396],[24.489,37.396],[24.36,37.305],[24.36,37.396]]],[[[25.044,37.378],[24.846,37.366],[24.862,37.529],[25.044,37.378]]],[[[24.923,37.691],[24.656,37.901],[24.763,38.003],[25.47,37.438],[25.318,37.402],[24.923,37.691]]],[[[24.649,37.014],[24.786,36.948],[24.679,36.905],[24.649,37.014]]],[[[25.151,37.172],[25.31,37.196],[25.31,37.002],[24.938,36.96],[25.151,37.172]]],[[[25.363,37.008],[25.538,37.22],[25.546,36.96],[25.363,37.008]]],[[[23.661,38.404],[23.121,38.867],[22.87,38.837],[23.242,39.044],[24.132,38.653],[24.292,38.195],[24.588,38.153],[24.527,37.967],[24.314,37.985],[24.025,38.386],[23.661,38.404]]],[[[27.789,36.252],[28.234,36.441],[27.781,35.89],[27.789,36.252]]],[[[27.05,36.949],[26.936,36.932],[26.882,37.069],[27.05,36.949]]],[[[35.221,36.388],[34.485,36.627],[33.834,36.071],[33.753,36.147],[33.171,35.971],[32.64,36.008],[31.902,36.497],[30.905,36.794],[30.594,36.762],[30.395,36.118],[29.472,36.091],[29.298,36.173],[29.002,36.695],[28.814,36.535],[28.47,36.738],[28.267,36.712],[28.014,36.527],[27.912,36.699],[27.999,36.909],[27.308,36.921],[27.269,37.042],[27.526,37.131],[27.365,37.329],[27.16,37.36],[27.14,37.889],[26.679,38.105],[26.393,38.104],[26.469,38.445],[26.742,38.278],[26.997,38.4],[26.696,38.641],[27.035,38.821],[26.785,38.94],[26.871,39.056],[26.602,39.256],[26.958,39.548],[26.064,39.456],[26.128,39.879],[26.765,40.377],[27.272,40.451],[27.764,40.287],[27.83,40.345],[27.679,40.461],[27.808,40.504],[28.006,40.451],[27.908,40.351],[29.052,40.335],[29.084,40.456],[28.778,40.525],[29.883,40.746],[29.32,40.741],[29.015,40.979],[29.161,41.216],[31.218,41.054],[31.404,41.164],[31.386,41.285],[33.155,41.95],[34.663,41.876],[35.002,42.043],[35.286,41.671],[35.958,41.686],[36.161,41.353],[36.383,41.238],[36.817,41.29],[37.253,41.028],[38.314,40.921],[39.37,41.064],[40.361,40.963],[41.484,41.437],[41.212,40.244],[39.148,38.622],[36.494,37.369],[36.789,37.001],[35.891,36.771],[35.506,36.559],[35.495,36.443],[35.221,36.388]]],[[[17.304,43.076],[17.326,43.337],[17.054,43.473],[16.992,43.323],[16.64,43.39],[16.865,44.245],[17.458,44.146],[17.754,44.393],[18.939,44.393],[19.785,44.936],[20.801,44.932],[23.543,45.856],[24.18,45.856],[26.54,45.25],[28.368,45.331],[30.886,47.454],[31.951,46.865],[31.781,46.702],[30.833,46.577],[30.069,45.861],[29.63,45.75],[29.5,45.523],[29.711,45.258],[29.458,44.915],[29.09,44.876],[28.686,44.488],[28.446,43.476],[28.035,43.392],[27.836,42.736],[27.502,42.516],[27.495,42.401],[27.608,42.417],[27.913,42.078],[28.104,41.593],[29.081,41.201],[28.964,40.989],[28.828,40.915],[28.173,41.058],[27.474,40.963],[27.264,40.667],[26.141,40.045],[26.195,40.303],[26.556,40.498],[26.124,40.603],[25.993,40.852],[25.019,41.017],[24.701,40.878],[24.354,40.971],[24.025,40.746],[23.635,40.773],[23.785,40.477],[24.295,40.176],[23.775,40.393],[23.627,40.345],[23.907,39.997],[23.292,40.287],[23.639,39.96],[23.261,39.971],[23.141,40.266],[22.748,40.482],[22.852,40.651],[22.492,40.498],[22.602,40.397],[22.467,40.118],[23.236,39.203],[23.052,39.103],[23.045,39.271],[22.851,39.366],[22.72,39.287],[22.871,39.024],[22.49,38.877],[23.169,38.667],[23.961,38.21],[23.918,37.685],[23.419,38.068],[22.898,37.9],[23.04,37.858],[23.049,37.643],[23.322,37.637],[23.418,37.469],[23.11,37.347],[22.971,37.385],[23.025,37.48],[22.642,37.585],[22.983,36.615],[22.674,36.754],[22.39,36.524],[21.984,37.02],[21.781,36.823],[21.531,37.115],[21.614,37.415],[21.221,37.828],[21.44,38.18],[21.714,38.135],[21.906,38.27],[22.747,37.953],[23.116,38.157],[22.334,38.427],[21.172,38.348],[20.772,38.851],[21.16,39.005],[21.007,39.113],[20.678,39.08],[20.212,39.405],[20.029,39.814],[19.369,40.26],[19.494,40.403],[19.339,40.589],[19.527,40.866],[19.445,40.965],[19.53,41.218],[19.417,41.345],[19.619,41.559],[19.607,41.762],[19.143,41.932],[18.91,42.218],[17.304,43.076]]],[[[26.919,36.716],[27.168,36.887],[27.356,36.865],[26.919,36.716]]],[[[25.789,36.405],[25.873,36.356],[25.713,36.35],[25.789,36.405]]]]}}]}